PuzzleId,FEN,Moves,Rating,RatingDeviation,Popularity,NbPlays,Themes,GameUrl,OpeningTags,NumMoves,RatingBin,Mate,GameId,GameSAN
VquEx,8/5R2/p1p1r2p/Pp6/2pP1k1P/2P2P2/5K2/8 b - - 10 47,e6f6 f7f6,459,110,84,286,endgame hangingPiece master mate mateIn1 oneMove rookEndgame,https://lichess.org/iOJuDujh/black#94,,1,"(400, 500]",True,iOJuDujh,1. d4 Nf6 2. c4 e6 3. Nc3 d5 4. cxd5 exd5 5. Bg5 Be7 6. Nf3 h6 7. Bh4 O-O 8. e3 c6 9. Be2 Bf5 10. Rc1 Nbd7 11. Qb3 Qb6 12. Nd2 Qxb3 13. Nxb3 Rfe8 14. O-O Ne4 15. Bxe7 Nxc3 16. bxc3 Rxe7 17. a4 Nb6 18. a5 Nc4 19. Bxc4 dxc4 20. Nd2 Bd3 21. Rfe1 b5 22. Nf3 Be4 23. Ne5 f5 24. Nf3 Bxf3 25. gxf3 a6 26. f4 Kf7 27. Kg2 Kf6 28. Kf3 g5 29. h3 Rg8 30. Rh1 Reg7 31. Rhg1 Re8 32. Rce1 Ree7 33. Rg2 gxf4 34. Rxg7 Kxg7 35. e4 fxe4+ 36. Rxe4 Kf6 37. Rxf4+ Kg5 38. Re4 Rf7+ 39. Ke3 Rf6 40. h4+ Kh5 41. Ke2 Kg6 42. f3 Kh5 43. Ke3 Kg6 44. Rg4+ Kf5 45. Rg7 Re6+ 46. Kf2 Kf4 47. Rf7+
43jqD,r1b1k2r/1pq2p2/p3p1p1/2bp4/4P3/2N2Q2/PPP3BP/3R1R1K w kq - 0 25,e4d5 c7h2,463,100,83,188,kingsideAttack master mate mateIn1 middlegame oneMove,https://lichess.org/I0M0UL20#49,,1,"(400, 500]",True,I0M0UL20,1. e4 c5 2. Nf3 e6 3. d4 cxd4 4. Nxd4 Qb6 5. Nc3 Bc5 6. Nb3 Bxf2+ 7. Ke2 Bh4 8. Be3 Qc6 9. Qd3 Be7 10. Nd4 Qc7 11. g3 a6 12. Bg2 Nc6 13. Rhf1 Nf6 14. Kf2 Ne5 15. Qe2 h5 16. Kg1 h4 17. Bf4 hxg3 18. Bxg3 Bc5 19. Rad1 d6 20. Kh1 Nh5 21. Qf2 Nxg3+ 22. Qxg3 g6 23. Nf3 Nxf3 24. Qxf3 d5
dI1vg,1rb2rk1/1p4pp/p2p4/3B4/8/8/PPP3PP/R4RK1 b - - 2 18,g8h8 f1f8,493,92,82,502,backRankMate endgame hangingPiece mate mateIn1 oneMove,https://lichess.org/Zfz9q4L7/black#36,Kings_Pawn_Game Kings_Pawn_Game_Leonardis_Variation,1,"(400, 500]",True,Zfz9q4L7,1. e4 e5 2. d3 Nc6 3. f4 f5 4. Nf3 fxe4 5. dxe4 exf4 6. Bxf4 Nf6 7. e5 Qe7 8. Nc3 d6 9. Qe2 dxe5 10. Nxe5 Nxe5 11. Qxe5 Qxe5+ 12. Bxe5 Bd6 13. Bxd6 cxd6 14. Bd3 O-O 15. O-O a6 16. Ne4 Nxe4 17. Bxe4 Rb8 18. Bd5+
e5nms,2k4r/ppp2p2/3bpq2/8/3P4/2P2n1Q/PP3P1p/4RR1K w - - 0 24,h3f3 f6f3,473,88,58,77,endgame hangingPiece mate mateIn1 oneMove,https://lichess.org/q4kE6zs5#47,,1,"(400, 500]",True,q4kE6zs5,1. e4 e6 2. d4 d5 3. Bd3 dxe4 4. Bxe4 Nf6 5. Bf3 Bd7 6. Ne2 Bc6 7. O-O Bxf3 8. gxf3 Qd5 9. Ng3 Nc6 10. c3 Bd6 11. Nd2 O-O-O 12. Nde4 h5 13. Bg5 h4 14. Nxf6 gxf6 15. Bxf6 hxg3 16. Bxh8 gxh2+ 17. Kh1 Rxh8 18. Qd3 Qg5 19. Qe4 Ne7 20. Qg4 Qf6 21. Qg2 Ng6 22. Rae1 Nh4 23. Qh3 Nxf3
KeLBy,r2q1rk1/pp2bppp/2n1bn2/2pp4/8/PPQ1PNP1/1BP1NPBP/R4RK1 b - - 2 13,f6e4 c3g7,477,111,94,659,kingsideAttack mate mateIn1 middlegame oneMove,https://lichess.org/HROmcxFD/black#26,Nimzo-Larsen_Attack Nimzo-Larsen_Attack_Classical_Variation,1,"(400, 500]",True,HROmcxFD,1. b3 d5 2. Bb2 Nc6 3. g3 e5 4. Bg2 e4 5. e3 Nf6 6. Ne2 Be7 7. O-O Be6 8. d3 exd3 9. Qxd3 O-O 10. Nd2 Nb4 11. Qc3 c5 12. a3 Nc6 13. Nf3
hXpgB,rnbqk2r/ppp1bppp/4p3/8/4Q3/3B4/PPP2PPP/RNB1K2R b KQkq - 0 8,e8g8 e4h7,540,87,78,115,kingsideAttack mate mateIn1 oneMove opening,https://lichess.org/f0JRYpW2/black#16,French_Defense French_Defense_Knight_Variation,1,"(500, 600]",True,f0JRYpW2,1. e4 e6 2. Nf3 d5 3. d3 dxe4 4. Ng5 exd3 5. Bxd3 Be7 6. Ne4 Nf6 7. Qe2 Nxe4 8. Qxe4
33foZ,r2r2k1/ppp2p1p/5p2/5b2/5Q2/5P2/PPP3PP/1K1R1B1R w - - 1 18,f4f5 d8d1,512,110,68,407,backRankMate endgame hangingPiece mate mateIn1 oneMove,https://lichess.org/eWoINnNt#35,Blackmar-Diemer_Gambit Blackmar-Diemer_Gambit_Other_variations,1,"(500, 600]",True,eWoINnNt,1. d4 d5 2. e4 Nf6 3. e5 Ne4 4. f3 Nd6 5. exd6 Qxd6 6. Nc3 e5 7. dxe5 Qxe5+ 8. Nge2 Bb4 9. Bd2 d4 10. Ne4 Bxd2+ 11. Qxd2 Bf5 12. O-O-O Nc6 13. Nxd4 Nxd4 14. Qxd4 Qf4+ 15. Kb1 O-O 16. Nf6+ gxf6 17. Qxf4 Rfd8
IC3Xy,r3r1k1/p1p2ppp/2p2n2/4Nb2/3PqP1Q/1PP2R2/P2P2PP/RN4K1 w - - 3 18,f3g3 e4e1,515,97,86,287,mate mateIn1 middlegame oneMove,https://lichess.org/eY8gnxpj#35,Nimzo-Larsen_Attack Nimzo-Larsen_Attack_Modern_Variation,1,"(500, 600]",True,eY8gnxpj,1. b3 e5 2. Bb2 d5 3. Bxe5 Nc6 4. Bb2 Nf6 5. e3 Bd7 6. f4 Bd6 7. Bb5 O-O 8. Nf3 Bg4 9. O-O Bc5 10. Bxc6 bxc6 11. Qe1 Re8 12. Ne5 Bd7 13. Rf3 d4 14. Bxd4 Bxd4 15. exd4 Bf5 16. c3 Qd5 17. Qh4 Qe4
9w61O,4R3/3r1pkp/P5p1/2b5/2P1P3/8/2R3PP/7K w - - 0 43,e8e5 d7d1,593,100,79,182,backRankMate endgame mate mateIn1 oneMove,https://lichess.org/I4NDddms#85,,1,"(500, 600]",True,I4NDddms,1. e4 c5 2. Nf3 Nc6 3. d4 cxd4 4. Nxd4 Nf6 5. Nc3 e5 6. Ndb5 d6 7. Bg5 a6 8. Na3 b5 9. Nd5 Be7 10. Bxf6 Bxf6 11. c3 O-O 12. Nc2 Rb8 13. Bd3 Bg5 14. O-O Ne7 15. Ncb4 Be6 16. Nxe7+ Qxe7 17. Nc6 Qb7 18. Nxb8 Rxb8 19. Qe2 Qb6 20. Kh1 Rc8 21. a4 b4 22. Bxa6 Ra8 23. Bb5 bxc3 24. bxc3 Qc5 25. c4 Bd8 26. f4 exf4 27. Rxf4 Bf6 28. Raf1 Be5 29. R4f2 Qd4 30. Rd1 Qc3 31. Qd2 Qb3 32. Rf3 Qb2 33. Qxb2 Bxb2 34. Rxd6 Be5 35. Rd2 g6 36. Rfd3 Kg7 37. Rd8 Ra7 38. Re8 Rc7 39. Rc2 Bd4 40. a5 Bc5 41. a6 Bd7 42. Bxd7 Rxd7
mZF9a,6nk/1p4P1/2p1N2P/p5K1/8/8/8/8 b - - 0 52,h8h7 e6f8,513,101,98,430,endgame knightEndgame mate mateIn1 oneMove,https://lichess.org/I9bJ3lw7/black#104,,1,"(500, 600]",True,I9bJ3lw7,1. e4 e5 2. d4 exd4 3. c3 dxc3 4. Bc4 cxb2 5. Bxb2 Nf6 6. e5 Bb4+ 7. Nd2 Ne4 8. Bxf7+ Kf8 9. Ba3 Qe7 10. Bxb4 Qxb4 11. Bd5 Qxd2+ 12. Qxd2 Nxd2 13. Kxd2 Ke7 14. Nf3 c6 15. Bb3 d5 16. exd6+ Kxd6 17. Rad1 Bg4 18. Ke3+ Kc7 19. h3 Bh5 20. g4 Bg6 21. Nd4 Re8+ 22. Ne6+ Kb6 23. Kf4 Na6 24. Nxg7 Re4+ 25. Kg3 Rf8 26. Bc2 Ref4 27. Bxg6 hxg6 28. Rd2 R4f6 29. Rb1+ Kc7 30. Re2 Kb8 31. g5 Rf3+ 32. Kg2 R3f7 33. Ne6 Re8 34. Rbe1 Rfe7 35. Nf4 Rxe2 36. Rxe2 Rxe2 37. Nxe2 Kc7 38. Nd4 Kd6 39. f4 Nb4 40. h4 Nxa2 41. f5 gxf5 42. Nxf5+ Ke6 43. Nd4+ Kf7 44. Kg3 Kg6 45. Kg4 Nc3 46. h5+ Kg7 47. g6 Ne4 48. Kf4 Nf6 49. Kg5 Ng8 50. Ne6+ Kh8 51. h6 a5 52. g7+
qgSwg,r3r1k1/2q2pp1/p1p4p/2Np2nb/1P1P2n1/P3PN2/4BPPP/R2Q1RK1 w - - 5 20,f3g5 c7h2,632,81,100,142,kingsideAttack master mate mateIn1 middlegame oneMove,https://lichess.org/cMMHF7wi#39,,1,"(600, 700]",True,cMMHF7wi,1. d4 d5 2. c4 c6 3. Nc3 e6 4. cxd5 exd5 5. Nf3 Nf6 6. Bf4 Bd6 7. Bxd6 Qxd6 8. e3 O-O 9. Bd3 Bg4 10. O-O Nbd7 11. Be2 Rfe8 12. a3 Bh5 13. Re1 a6 14. b4 h6 15. Na4 Ne4 16. Nc5 Ndf6 17. Nxb7 Qc7 18. Nc5 Ng4 19. Rf1 Ng5
5FBE8,5rk1/p3n1p1/Bp3p1p/3b4/P2P2q1/Q2N4/5PPP/2R3K1 w - - 2 25,a3e7 g4g2,676,83,80,63,master mate mateIn1 middlegame oneMove,https://lichess.org/Uxfcrikl#49,,1,"(600, 700]",True,Uxfcrikl,1. e4 c5 2. c3 e6 3. d4 d5 4. exd5 exd5 5. Nf3 c4 6. Be2 Nc6 7. O-O Bd6 8. a4 Nge7 9. b3 cxb3 10. Qxb3 O-O 11. Nbd2 b6 12. c4 Na5 13. Qc2 dxc4 14. Nxc4 Nxc4 15. Bxc4 Bb7 16. Qb3 h6 17. Ba3 Bxa3 18. Qxa3 Rc8 19. Rac1 Qd7 20. Rfd1 Bd5 21. Ne5 Qe6 22. Ba6 Rxc1 23. Rxc1 f6 24. Nd3 Qg4
NeLu0,r4rk1/pb3pp1/1p2p2p/2p1B1q1/2PP4/2PQ4/P4PPP/R3R1K1 w - - 1 18,a1d1 g5g2,620,102,96,722,kingsideAttack mate mateIn1 middlegame oneMove,https://lichess.org/npGJWjb7#35,English_Defense English_Defense_Other_variations,1,"(600, 700]",True,npGJWjb7,1. d4 e6 2. c4 b6 3. e4 Bb7 4. Nc3 Bb4 5. Bd3 h6 6. Nf3 Nf6 7. Qc2 Bxc3+ 8. bxc3 d6 9. O-O O-O 10. Re1 c5 11. e5 Nh5 12. Qe2 Nf4 13. Qe3 Nxd3 14. Qxd3 dxe5 15. Nxe5 Nd7 16. Bf4 Nxe5 17. Bxe5 Qg5
8GoNz,2kR3r/1r3p1p/p1b1p3/Bp2P3/2p2K2/2P1n3/PP5P/3R1B2 b - - 24 32,h8d8 d1d8,602,99,85,279,mate mateIn1 middlegame oneMove operaMate queensideAttack,https://lichess.org/dwnhFaSF/black#64,,1,"(600, 700]",True,dwnhFaSF,1. e4 e6 2. f4 d5 3. e5 d4 4. Nf3 c5 5. Na3 Bd7 6. Bc4 a6 7. c3 b5 8. Bf1 dxc3 9. dxc3 c4 10. Nc2 Bc5 11. Ncd4 Nc6 12. Be3 Nxd4 13. Nxd4 Bxd4 14. Bxd4 Ne7 15. g4 Nd5 16. Qd2 Qh4+ 17. Bf2 Qxg4 18. Rg1 Qxf4 19. Rxg7 Qxd2+ 20. Kxd2 Nf4 21. Bc5 Ng6 22. Bd6 Rc8 23. Ke3 Rc6 24. Rd1 Nh4 25. Rg4 Nf5+ 26. Ke4 Kd8 27. Bb4 Kc8 28. Rg2 Rc7 29. Ba5 Rb7 30. Rgd2 Bc6+ 31. Kf4 Ne3 32. Rd8+
3W8Zp,5rk1/3P1pp1/8/6R1/7R/6QP/5PPK/rq6 w - - 3 48,h4g4 b1g1,693,86,100,74,endgame mate mateIn1 oneMove,https://lichess.org/8spws574#95,,1,"(600, 700]",True,8spws574,1. d4 d5 2. c4 Nf6 3. Nf3 Bg4 4. Nc3 Nc6 5. Bg5 e6 6. e3 Be7 7. Bd3 h6 8. Bf4 O-O 9. O-O Bd6 10. Bxd6 Qxd6 11. Nb5 Qd8 12. h3 Bh5 13. Be2 a6 14. Nc3 Bg6 15. cxd5 Nxd5 16. Nxd5 Qxd5 17. Rc1 Qxa2 18. Bd3 Bxd3 19. Qxd3 Qxb2 20. Rb1 Qa2 21. Rxb7 Rfc8 22. Rc1 Qd5 23. e4 Qd7 24. d5 exd5 25. exd5 Ne7 26. Rd1 Rd8 27. d6 Ng6 28. Rxc7 Qa4 29. Qd5 Rf8 30. d7 Nf4 31. Qd2 Ne6 32. Rcc1 Rad8 33. Ne5 Ra8 34. Nc6 a5 35. Qe3 Qh4 36. Nd4 Nxd4 37. Rxd4 Qd8 38. Rg4 Qf6 39. Rd1 a4 40. Qg3 a3 41. Rd6 Qa1+ 42. Kh2 a2 43. Rxh6 Qb2 44. Rhh4 a1=Q 45. Rg5 Qh1+ 46. Kxh1 Ra1+ 47. Kh2 Qb1
AtjzI,2kN4/ppp3p1/7p/3p2p1/3Pn1P1/4P2P/PP2Kr2/2R4R w - - 0 22,e2d3 f2d2,780,94,88,255,endgame hookMate mate mateIn1 oneMove,https://lichess.org/Rk5fM4TT#43,,1,"(700, 800]",True,Rk5fM4TT,1. d4 e6 2. c4 d5 3. Nc3 Nf6 4. Bg5 Be7 5. Nf3 h6 6. Bh4 Nbd7 7. cxd5 Nxd5 8. Bxe7 Qxe7 9. Nxd5 exd5 10. e3 Nf6 11. Bd3 Bg4 12. h3 Bh5 13. g4 Bg6 14. Bxg6 fxg6 15. Ne5 Qb4+ 16. Qd2 Qxd2+ 17. Kxd2 Ne4+ 18. Ke2 g5 19. Rac1 O-O-O 20. Nf7 Rhf8 21. Nxd8 Rxf2+
bzssW,r1b1k2r/ppp3p1/2nb3p/4qp2/2PNp3/1Q1PB3/PP2BPPP/R4RK1 w kq - 2 13,d4c6 e5h2,737,82,88,56,kingsideAttack mate mateIn1 middlegame oneMove,https://lichess.org/Qx2Q2LRg#25,Scandinavian_Defense Scandinavian_Defense_Modern_Variation,1,"(700, 800]",True,Qx2Q2LRg,1. e4 d5 2. exd5 Nf6 3. Nc3 Nxd5 4. Nxd5 Qxd5 5. d3 Nc6 6. Nf3 e5 7. Be2 Bd6 8. O-O h6 9. c4 Qe6 10. Be3 f5 11. Qb3 e4 12. Nd4 Qe5
cg7XX,6k1/4rpp1/p1qp4/8/2P3Q1/1P4P1/P2R1P1P/3Rr1K1 w - - 6 30,d1e1 e7e1,716,93,82,163,endgame mate mateIn1 oneMove,https://lichess.org/SQ8NHV73#59,,1,"(700, 800]",True,SQ8NHV73,1. c4 e5 2. Nc3 Nc6 3. Nf3 d6 4. g3 Bd7 5. Bg2 Be7 6. d4 exd4 7. Nxd4 Nf6 8. O-O O-O 9. b3 Qc8 10. Bb2 Bh3 11. Nxc6 bxc6 12. Bxc6 Rb8 13. Bg2 Qf5 14. e4 Qd7 15. e5 Bxg2 16. Kxg2 Qc6+ 17. Kg1 dxe5 18. Nb5 a6 19. Nc3 Rfd8 20. Qe2 Bd6 21. Rad1 h5 22. Nd5 Nxd5 23. Rxd5 Re8 24. Qxh5 Re6 25. Bxe5 Rbe8 26. Bxd6 cxd6 27. Rfd1 R8e7 28. Qg4 Re2 29. R5d2 Re1+
YsklG,r2qkbnr/1pp2pp1/p1np4/4p3/2B1P3/5QP1/PPPP1P2/RNB2RK1 b kq - 1 9,b7b5 f3f7,778,81,73,128,attackingF2F7 mate mateIn1 middlegame oneMove,https://lichess.org/PVEWC2uR/black#18,Ruy_Lopez Ruy_Lopez_Steinitz_Defense,1,"(700, 800]",True,PVEWC2uR,1. e4 e5 2. Nf3 Nc6 3. Bb5 d6 4. O-O Bg4 5. h3 h5 6. hxg4 hxg4 7. g3 gxf3 8. Qxf3 a6 9. Bc4
mYkNK,3rr3/p4pkp/1b1p2p1/3P2Q1/1P4B1/P7/5qPP/5RK1 w - - 0 32,f1f2 e8e1,762,108,90,375,endgame mate mateIn1 oneMove pin,https://lichess.org/S2Bay60e#63,,1,"(700, 800]",True,S2Bay60e,1. d4 e5 2. c4 Nf6 3. d5 Ne4 4. Nf3 c6 5. Nxe5 Be7 6. Nd2 cxd5 7. cxd5 Bb4 8. a3 Ba5 9. b4 Qf6 10. Ng4 Qxa1 11. Nxe4 Bb6 12. Nd6+ Ke7 13. Nf5+ Kf8 14. Nf6 Qxf6 15. e4 g6 16. Bh6+ Kg8 17. Qg4 d6 18. Ne7+ Qxe7 19. Qxc8+ Qd8 20. Qxb7 Nd7 21. Qa6 Qh4 22. Qe2 Qxh6 23. Qg4 Nf6 24. Qf3 Kg7 25. Be2 Qc1+ 26. Bd1 Nxe4 27. O-O Ng5 28. Qg3 Rad8 29. Bg4 Qb2 30. Qf4 Rhe8 31. Qxg5 Qxf2+
QU8mX,1r3rk1/2q2pp1/p7/6Nn/2pPp3/P1P4K/1PR3Q1/5R2 w - - 2 36,g2e4 c7g3,879,77,100,80,mate mateIn1 middlegame oneMove,https://lichess.org/le5t8XQ2#71,,1,"(800, 900]",True,le5t8XQ2,1. e4 c6 2. d4 d5 3. exd5 cxd5 4. Nf3 Nc6 5. Bd3 Bg4 6. c3 e6 7. h3 Bh5 8. Bf4 Nf6 9. Nbd2 Bd6 10. Bg5 O-O 11. Qc2 Bg6 12. O-O Rc8 13. Bxg6 hxg6 14. Qd3 a6 15. Rfe1 Qc7 16. Rac1 Bf4 17. Bxf4 Qxf4 18. g3 Qd6 19. h4 Ne7 20. Ng5 Nf5 21. Kg2 Qe7 22. Kh3 Nd6 23. g4 Qd7 24. f3 b5 25. a3 Nc4 26. Nxc4 bxc4 27. Qc2 Rb8 28. h5 gxh5 29. gxh5 e5+ 30. Kh4 e4 31. Qg2 Qf5 32. fxe4 Qf4+ 33. Kh3 Nxh5 34. Rc2 dxe4 35. Rf1 Qc7
dDChU,8/8/pB3bk1/P4P1p/4K1p1/6P1/8/8 b - - 0 49,g6g5 b6e3,830,91,78,39,bishopEndgame endgame master mate mateIn1 oneMove,https://lichess.org/lLyl2XGb/black#98,,1,"(800, 900]",True,lLyl2XGb,1. Nf3 Nf6 2. c4 e5 3. Nxe5 Nc6 4. Nf3 g6 5. d4 Bg7 6. g3 O-O 7. Bg2 d5 8. cxd5 Nxd5 9. O-O Re8 10. Nc3 Nb6 11. e3 Bf5 12. b3 Qd7 13. Bb2 Bh3 14. Rc1 Rad8 15. Ne2 Bxg2 16. Kxg2 Nd5 17. a3 Rxe3 18. b4 Rxf3 19. Kxf3 Qh3 20. b5 Nce7 21. Qd3 g5 22. Ng1 g4+ 23. Ke2 Qh5 24. Qe4 Ng6 25. Rfe1 f5 26. Qe6+ Kh8 27. Kf1 h6 28. Rc5 f4 29. Bc1 f3 30. Qf7 Qxh2 31. Nxf3 Qh1+ 32. Ng1 Kh7 33. Rxd5 Qxd5 34. Qxd5 Rxd5 35. Re4 Rxd4 36. Rxd4 Bxd4 37. Ne2 Bg7 38. a4 h5 39. Nf4 Nxf4 40. Bxf4 Kg6 41. Bxc7 Bc3 42. a5 a6 43. bxa6 bxa6 44. Bb6 Bb4 45. Ke2 Be7 46. Kd3 Bf6 47. Ke4 Kg5 48. f4+ Kg6 49. f5+
vo874,4qrk1/6p1/pnp1p3/1p1pP1P1/3P1r2/bPR2N2/2Q1KP2/6NR b - - 1 34,e8f7 c2h7,865,94,96,209,mate mateIn1 middlegame oneMove,https://lichess.org/Z1FSjS0z/black#68,,1,"(800, 900]",True,Z1FSjS0z,1. e4 e5 2. Nf3 d6 3. Bc4 Be6 4. Bxe6 fxe6 5. d3 Be7 6. O-O Nf6 7. Bg5 O-O 8. Bxf6 Rxf6 9. Nbd2 Rh6 10. g3 Nd7 11. c3 Nf6 12. Kg2 Qe8 13. Qb3 Qc8 14. Rh1 c6 15. Ng5 Ne8 16. Ndf3 Rg6 17. Nh3 Nc7 18. Kf1 b5 19. a3 a6 20. Rd1 Qf8 21. Nhg1 Rf6 22. Ke2 Qf7 23. d4 exd4 24. cxd4 Rf8 25. Rd3 d5 26. e5 Rf5 27. Qc3 Qe8 28. h4 h6 29. g4 Rf4 30. g5 hxg5 31. hxg5 Na8 32. Qc2 Nb6 33. b3 Bxa3 34. Rc3
P5E5p,5k1r/1p2qp2/p5p1/1bP2p2/2N2P1r/2Q4P/PPR1p1P1/4R1K1 b - - 3 36,h4f4 c3h8,877,105,69,35,hangingPiece mate mateIn1 middlegame oneMove,https://lichess.org/xrz9j00D/black#72,,1,"(800, 900]",True,xrz9j00D,1. e4 e6 2. Nf3 d5 3. e5 c5 4. c3 Qb6 5. d4 Nc6 6. Qc2 cxd4 7. c4 Bb4+ 8. Bd2 Bxd2+ 9. Nbxd2 Nge7 10. c5 Qc7 11. Nb3 Nxe5 12. Nfxd4 O-O 13. Be2 Bd7 14. O-O N5c6 15. Nf3 Ne5 16. Nfd4 Bc6 17. f4 Nd7 18. Bd3 a6 19. Bxh7+ Kh8 20. Bd3 g6 21. Qf2 Kg7 22. Qh4 Nf6 23. Qg5 Rh8 24. Be2 Nf5 25. Nxf5+ exf5 26. Bd3 Rh5 27. Qg3 Rah8 28. h3 Ne4 29. Bxe4 dxe4 30. Rad1 Qe7 31. Qc3+ Kf8 32. Na5 Bb5 33. Rf2 e3 34. Rc2 e2 35. Re1 Rh4 36. Nc4
pNW6f,2r2bk1/pp1q1ppp/2n5/1B1p4/Q2Pb1P1/4B3/PP3P1P/2R2RK1 w - - 2 18,b5c6 d7g4,812,80,100,147,kingsideAttack mate mateIn1 middlegame oneMove,https://lichess.org/ZjjrHQzQ#35,Caro-Kann_Defense Caro-Kann_Defense_Other_variations,1,"(800, 900]",True,ZjjrHQzQ,1. e4 c6 2. Nf3 d5 3. exd5 cxd5 4. d4 Bf5 5. c4 Nf6 6. Nc3 e6 7. Qa4+ Nc6 8. Ne5 Qb6 9. cxd5 Nxd5 10. Nxd5 exd5 11. Bb5 Rc8 12. O-O Be7 13. Be3 O-O 14. g4 Be4 15. Nd7 Qc7 16. Nxf8 Bxf8 17. Rac1 Qd7
aQ94E,r1b2r1k/4pp1N/p2q1n1Q/1p1p3p/3P4/2PB4/PP3PP1/RN2K3 b Q - 0 17,f6h7 h6h7,911,102,67,59,kingsideAttack mate mateIn1 middlegame oneMove,https://lichess.org/UdJ8rykB/black#34,Caro-Kann_Defense Caro-Kann_Defense_Other_variations,1,"(900, 1000]",True,UdJ8rykB,1. e4 c6 2. c3 d5 3. exd5 cxd5 4. d4 Nf6 5. Nf3 g6 6. Bd3 Bg7 7. Bg5 O-O 8. Qd2 Nbd7 9. Bh6 a6 10. Bxg7 Kxg7 11. h4 b5 12. h5 Nxh5 13. Rxh5 gxh5 14. Qg5+ Kh8 15. Qh6 Nf6 16. Ng5 Qd6 17. Nxh7
11fre,r5rk/1N3ppp/pqp1p3/1p1nP3/5P1b/P2P1P1P/1PP5/R1BQ1KR1 w - - 3 17,b7d6 b6f2,998,105,38,45,mate mateIn1 middlegame oneMove,https://lichess.org/5VulaFNr#33,Sicilian_Defense Sicilian_Defense_Closed,1,"(900, 1000]",True,5VulaFNr,1. e4 c5 2. Nc3 Nc6 3. Bb5 a6 4. Bxc6 dxc6 5. f4 b5 6. a3 Nf6 7. d3 Bg4 8. Nf3 e6 9. h3 Bxf3 10. gxf3 Be7 11. e5 Nd5 12. Ne4 Bh4+ 13. Kf1 O-O 14. Rg1 Kh8 15. Nxc5 Rg8 16. Nb7 Qb6
14Wn2,5k2/RR6/8/1p3r2/1Pp2P2/2rb3P/6PK/8 b - - 2 49,d3e4 a7a8,944,112,88,42,endgame mate mateIn1 oneMove,https://lichess.org/UjumUDTU/black#98,,1,"(900, 1000]",True,UjumUDTU,1. e4 c6 2. d4 d5 3. Nc3 e6 4. Nf3 Nf6 5. e5 Ng8 6. Ng5 f6 7. exf6 Nxf6 8. Nf3 Nbd7 9. Bg5 Be7 10. Bd3 O-O 11. O-O a6 12. Ne2 c5 13. c3 Qb6 14. Qc2 c4 15. Bxf6 Nxf6 16. Bxh7+ Nxh7 17. Ng3 Qc7 18. Ne5 Bf6 19. Ng6 Rf7 20. Nh5 Qd8 21. Qe2 Nf8 22. Qg4 Nxg6 23. Qxg6 e5 24. dxe5 Bxe5 25. Rfe1 Qc7 26. Nf6+ Rxf6 27. Qe8+ Rf8 28. Qxe5 Qxe5 29. Rxe5 Bd7 30. Rxd5 Bc6 31. Rc5 Rf4 32. Rd1 Raf8 33. f3 Ba4 34. Rdd5 b6 35. Rc7 Bc2 36. Rd6 R4f6 37. Rd2 Bd3 38. b3 b5 39. a4 Re6 40. axb5 axb5 41. b4 Rfe8 42. h3 Re1+ 43. Kh2 Rc1 44. Rb7 Re5 45. f4 Rd5 46. Ra2 Rxc3 47. Raa7 Rf5 48. Rxg7+ Kf8 49. Rgb7
fgHdx,r6r/pR3kpp/2pq4/3p4/5nQ1/2P4P/P1P2PP1/6K1 b - - 0 18,f7g8 g4g7,955,79,86,273,endgame mate mateIn1 oneMove,https://lichess.org/XwugUhqr/black#36,Petrovs_Defense Petrovs_Defense_Modern_Attack,1,"(900, 1000]",True,XwugUhqr,1. e4 e5 2. Nf3 Nf6 3. d4 Nxe4 4. dxe5 d5 5. Bd3 Be7 6. Nc3 Nxc3 7. bxc3 c6 8. h3 Be6 9. O-O Nd7 10. Rb1 Qc7 11. Nd4 Nxe5 12. Bf4 Bd6 13. Nxe6 fxe6 14. Re1 Nxd3 15. Rxe6+ Kf7 16. Rxd6 Nxf4 17. Qg4 Qxd6 18. Rxb7+
LePPQ,1r6/8/8/4p3/6R1/5kP1/8/5K2 w - - 1 69,g4g6 b8b1,901,83,83,161,endgame mate mateIn1 oneMove rookEndgame,https://lichess.org/Sbq4QnNf#137,,1,"(900, 1000]",True,Sbq4QnNf,1. d4 Nf6 2. c4 c5 3. d5 b5 4. cxb5 a6 5. Nc3 g6 6. e4 Bg7 7. e5 Ng8 8. f4 axb5 9. Bxb5 Ba6 10. Nge2 Qb6 11. Qd3 Nh6 12. e6 Bxb5 13. exf7+ Nxf7 14. Qxb5 Qxb5 15. Nxb5 O-O 16. O-O d6 17. Nec3 Nd7 18. Nc7 Ra5 19. Ne6 Bd4+ 20. Kh1 Rb8 21. Rf3 Nb6 22. Rg3 Bxc3 23. Rxc3 Nxd5 24. Rg3 Nh6 25. h4 Nf5 26. Rg4 Kf7 27. Ng5+ Kg8 28. Ne6 Ra4 29. h5 Nfe3 30. Rg3 Rbb4 31. hxg6 hxg6 32. Bxe3 Re4 33. Bxc5 Rxe6 34. Ba3 Rxf4 35. Rh3 Nf6 36. b4 Ng4 37. Bb2 Nf2+ 38. Kh2 Nxh3 39. Kxh3 Re3+ 40. g3 Rff3 41. Rg1 Kf7 42. b5 Re2 43. Bd4 Rxa2 44. Rb1 e5 45. Bg1 Kf6 46. b6 Ra8 47. b7 Rb8 48. Ba7 Rxb7 49. Rxb7 Kg5 50. Rd7 d5 51. Rxd5 Kf5 52. Bb8 Re3 53. Kg2 g5 54. Kf2 Re4 55. Kf3 g4+ 56. Kf2 Ke6 57. Rd6+ Kf5 58. Rd8 Rd4 59. Rf8+ Ke4 60. Re8 Rd5 61. Rg8 Kf5 62. Re8 Ke4 63. Re6 Rd2+ 64. Ke1 Rd5 65. Ke2 Rb5 66. Rg6 Rb2+ 67. Kf1 Rxb8 68. Rxg4+ Kf3
Y5R35,8/p1P5/4p2p/4Pp1k/5Pp1/1R4P1/P3RK1P/3r1r2 w - - 3 44,f2e3 f1f3,1055,191,75,20,endgame mate mateIn1 oneMove rookEndgame,https://lichess.org/Beld5fVx#87,,1,"(1000, 1100]",True,Beld5fVx,1. e4 b6 2. d4 Bb7 3. Nc3 e6 4. Be3 d5 5. e5 c5 6. Nf3 cxd4 7. Nxd4 Nc6 8. Bb5 Ne7 9. Bg5 Qc7 10. Bxe7 Bxe7 11. f4 O-O 12. Bxc6 Bxc6 13. Nxc6 Qxc6 14. Qg4 Bb4 15. Qf3 Bxc3+ 16. bxc3 Rac8 17. Kd2 d4 18. Qxc6 Rxc6 19. cxd4 Rfc8 20. Rac1 Rc4 21. Kd3 Rc3+ 22. Kd2 R3c4 23. c3 Ra4 24. Rc2 Ra3 25. Rb1 g6 26. Rb3 Ra5 27. Kd3 Kg7 28. c4 f6 29. Ke4 f5+ 30. Kd3 h6 31. Rcb2 g5 32. g3 Kg6 33. Rb5 Ra3+ 34. R5b3 Ra5 35. Rc2 Kh5 36. Ke3 Ra4 37. c5 bxc5 38. dxc5 Re4+ 39. Kf3 g4+ 40. Kf2 Rd8 41. c6 Rd1 42. c7 Ree1 43. Re2 Rf1+
UDtmb,2rq1rk1/1b2bpp1/p1n1p2p/1p1n4/3P3B/P1NQ1N2/1P3PPP/1BR1R1K1 b - - 7 16,e7h4 d3h7,1060,95,47,57,mate mateIn1 oneMove opening,https://lichess.org/NQrKrPh9/black#32,Queens_Gambit_Accepted Queens_Gambit_Accepted_Rosenthal_Variation,1,"(1000, 1100]",True,NQrKrPh9,1. d4 d5 2. Nf3 e6 3. c4 dxc4 4. e3 c5 5. Bxc4 cxd4 6. exd4 Nc6 7. O-O Nf6 8. Nc3 Be7 9. Bg5 O-O 10. Re1 h6 11. Bh4 a6 12. a3 b5 13. Ba2 Bb7 14. Rc1 Rc8 15. Bb1 Nd5 16. Qd3
Nz4Lh,8/3B3p/6p1/2p1k3/7b/2N1Pp2/7r/4RK2 w - - 2 57,e1d1 h2h1,1064,88,88,66,endgame master mate mateIn1 oneMove pillsburysMate,https://lichess.org/L4gu3Xgy#113,,1,"(1000, 1100]",True,L4gu3Xgy,1. e4 c5 2. Nf3 d6 3. d3 Nf6 4. Nbd2 g6 5. g3 Bg7 6. Bg2 O-O 7. O-O Nc6 8. Re1 Qc7 9. c3 Nd7 10. a4 Rb8 11. Qc2 Qd8 12. Nc4 b6 13. Bg5 Bb7 14. Nxd6 Ba8 15. Nc4 f6 16. Bf4 e5 17. Bd2 a6 18. Bh3 b5 19. axb5 axb5 20. Ne3 Nb6 21. Ra6 Bb7 22. Ra2 Qd6 23. Qb3+ Kh8 24. Qxb5 Ba8 25. Ra6 Nd5 26. Rxc6 Bxc6 27. Nc4 Rxb5 28. Nxd6 Rxb2 29. Nc4 Rxd2 30. exd5 Rxd3 31. dxc6 Rxf3 32. c7 Rxc3 33. Nd6 f5 34. c8=Q Rxc8 35. Nxc8 e4 36. Re2 Be5 37. Ne7 Bd6 38. Nd5 Rd3 39. Nf4 Rd1+ 40. Kg2 Kg7 41. Rc2 Kf6 42. Ne2 Ke5 43. Nc3 Rd3 44. Nb5 Be7 45. Kf1 Rb3 46. Nc3 Kd4 47. Ne2+ Kd3 48. Rc1 Rb2 49. Nf4+ Kd4 50. g4 Ke5 51. Ne2 f4 52. g5 f3 53. Nc3 Bxg5 54. Re1 e3 55. fxe3 Rxh2 56. Bd7 Bh4
UtNUC,2r2r2/1pq2pk1/p2p4/3Pp2Q/7P/5P2/PPP2B2/1K4R1 b - - 6 31,g7f6 h5g5,1065,127,38,24,endgame master mate mateIn1 oneMove,https://lichess.org/QuhTeYqD/black#62,,1,"(1000, 1100]",True,QuhTeYqD,1. e4 c5 2. Nf3 d6 3. d4 cxd4 4. Nxd4 Nf6 5. Nc3 a6 6. Be3 e5 7. Nb3 Be7 8. f3 Be6 9. Qd2 h5 10. O-O-O Nbd7 11. Kb1 Rc8 12. Nd5 Nxd5 13. exd5 Bf5 14. Bd3 Bxd3 15. Qxd3 Bg5 16. Bf2 O-O 17. h4 Bf4 18. g3 Bh6 19. g4 Bf4 20. gxh5 Nf6 21. h6 Bxh6 22. Rhg1 Qc7 23. Nd2 Bxd2 24. Qxd2 Kh8 25. Rxg7 Kxg7 26. Qg5+ Kh7 27. Qf5+ Kh8 28. Qxf6+ Kh7 29. Qf5+ Kh8 30. Qh5+ Kg7 31. Rg1+
IIbi6,2kr4/pppn2pr/4PpNp/5P2/8/bBq1B2P/P1P1Q3/2KR3R w - - 1 24,c1b1 c3b2,1043,220,100,21,mate mateIn1 middlegame oneMove,https://lichess.org/gWRvRHjm#47,,1,"(1000, 1100]",True,gWRvRHjm,1. e4 e5 2. Nf3 d6 3. Bc4 h6 4. d3 Nf6 5. Nbd2 Bg4 6. h3 Bh5 7. g4 Bg6 8. Nh4 Bh7 9. f4 Nxe4 10. Ndf3 Nc5 11. fxe5 dxe5 12. Be3 Nbd7 13. Qe2 Qe7 14. Nf5 Bxf5 15. gxf5 O-O-O 16. O-O-O f6 17. Nh4 Qd6 18. Ng6 Rh7 19. d4 Na4 20. dxe5 Qb4 21. Bb3 Nc3 22. bxc3 Qxc3 23. e6 Ba3+
YkkTL,r3r3/6R1/b7/3pP2p/1p1P3k/p1n5/6R1/7K b - - 1 47,e8e5 g2h2,1198,89,88,84,endgame mate mateIn1 oneMove,https://lichess.org/yB7d9bLa/black#94,,1,"(1100, 1200]",True,yB7d9bLa,1. Nf3 b6 2. d4 Bb7 3. Bf4 d6 4. Nc3 Nd7 5. e4 g6 6. Bc4 Bg7 7. O-O e6 8. Qe2 Ne7 9. Rad1 O-O 10. Rfe1 a6 11. a3 b5 12. Ba2 Nb6 13. h4 h5 14. Bg5 Qd7 15. Nb1 d5 16. e5 Nf5 17. c3 Nc4 18. Nbd2 Rfe8 19. Bb1 Nxb2 20. Bxf5 exf5 21. Rb1 Nc4 22. Nb3 Nxa3 23. Nc5 Qc8 24. Ra1 Nc4 25. Nh2 a5 26. f3 a4 27. Kh1 a3 28. Rg1 Nb6 29. g4 fxg4 30. fxg4 hxg4 31. Nxg4 Nd7 32. h5 Nxc5 33. hxg6 fxg6 34. Nf6+ Bxf6 35. Bxf6 Qf5 36. Rg2 Kf7 37. Rf1 Qh5+ 38. Qxh5 gxh5 39. Bh4+ Ke6 40. Rg7 Ne4 41. Rxc7 Ba6 42. Rg1 b4 43. Rg6+ Kf5 44. Rh6 Kg4 45. Rg7+ Kxh4 46. Rhg6 Nxc3 47. Rg2
ZCIVE,3rk1nB/pp5p/2p5/2b2bq1/4p3/1QP1N3/PP3PPP/R3KB1R w KQ - 3 15,e3f5 g5d2,1137,81,93,1649,mate mateIn1 middlegame oneMove,https://lichess.org/e1QkUTaE#29,Philidor_Defense Philidor_Defense_Philidor_Countergambit,1,"(1100, 1200]",True,e1QkUTaE,1. e4 e5 2. Nf3 d6 3. d4 f5 4. dxe5 fxe4 5. Ng5 d5 6. Nc3 Nc6 7. Nxd5 Nxe5 8. Bf4 Bf5 9. Bxe5 Bd6 10. Bxg7 Qxg5 11. Bxh8 c6 12. Ne3 Bb4+ 13. c3 Rd8 14. Qb3 Bc5
14Gqo,r2q1rk1/p1p2ppp/1n2p3/4Pn2/1bP1Q1P1/2NBB3/PP5P/R3K2R b KQ - 0 14,f5e3 e4h7,1124,95,44,35,kingsideAttack mate mateIn1 middlegame oneMove,https://lichess.org/t43fCSEz/black#28,Alekhine_Defense Alekhine_Defense_Four_Pawns_Attack,1,"(1100, 1200]",True,t43fCSEz,1. e4 Nf6 2. e5 Nd5 3. d4 d6 4. c4 Nb6 5. f4 dxe5 6. fxe5 Nc6 7. Nf3 Bg4 8. Be3 e6 9. Bd3 Bxf3 10. Qxf3 Nxd4 11. Qxb7 Bb4+ 12. Nc3 O-O 13. Qe4 Nf5 14. g4
j0qSQ,r1b1k1nr/pppp1ppp/2n5/4P3/8/2b2N2/PqPQPPPP/RN2KB1R w KQkq - 0 10,d2c3 b2c1,1156,77,80,894,mate mateIn1 oneMove opening,https://lichess.org/WMT75pfQ#19,Englund_Gambit_Complex Englund_Gambit_Complex_Englund_Gambit,1,"(1100, 1200]",True,WMT75pfQ,1. d4 e5 2. dxe5 Nc6 3. Nf3 Qe7 4. Bf4 Qb4+ 5. Bd2 Qxb2 6. Bc3 Bb4 7. Qd3 Qc1+ 8. Qd1 Qb2 9. Qd2 Bxc3
ZAgms,4q1k1/3Q1p2/5p1p/N7/2p5/2N4P/Pr4P1/3Rr1K1 w - - 1 26,g1h2 e8e5,1152,84,91,413,master mate mateIn1 middlegame oneMove,https://lichess.org/qmdEOFS0#51,,1,"(1100, 1200]",True,qmdEOFS0,1. d4 d5 2. Bg5 h6 3. Bh4 Nf6 4. e3 c6 5. c4 e6 6. Nc3 Bd6 7. Nf3 O-O 8. Be2 Re8 9. O-O Nbd7 10. Bg3 Bxg3 11. fxg3 e5 12. cxd5 cxd5 13. dxe5 Nxe5 14. Nd4 Nc4 15. Bxc4 dxc4 16. Qf3 Bg4 17. Qxb7 Rxe3 18. Nc6 Qe8 19. h3 Bd7 20. Na5 Rxg3 21. Rae1 Re3 22. Rd1 Rb8 23. Qxa7 Rxb2 24. Rxf6 gxf6 25. Qxd7 Re1+
hoDcA,4r1k1/ppp2ppp/3r4/6qb/1PP5/P2PnP2/3BB1PP/R1Q1R2K w - - 1 21,c4c5 g5g2,1206,273,83,11,kingsideAttack mate mateIn1 middlegame oneMove,https://lichess.org/CDVGUTYO#41,,1,"(1200, 1300]",True,CDVGUTYO,1. e4 e5 2. Bc4 Nc6 3. Nc3 Na5 4. Be2 Nf6 5. d3 Bb4 6. Nf3 d5 7. exd5 Qxd5 8. Bd2 Bxc3 9. Bxc3 O-O 10. Nxe5 Nc6 11. Nxc6 Qxc6 12. O-O Bg4 13. f3 Bh5 14. a3 Rfe8 15. Re1 Rad8 16. Kh1 Nd5 17. Bd2 Rd6 18. c4 Ne3 19. Qc1 Qc5 20. b4 Qg5
ClMzY,r1b3nr/1p1p2k1/p2b3p/2pN2pB/4P2q/5Q2/PPP2PPP/R4RK1 b - - 3 18,g5g4 f3f7,1223,78,93,465,mate mateIn1 middlegame oneMove,https://lichess.org/aJ71VK8E/black#36,Ruy_Lopez Ruy_Lopez_Other_variations,1,"(1200, 1300]",True,aJ71VK8E,1. e4 e5 2. Nf3 Nc6 3. Bb5 h6 4. d4 exd4 5. Nxd4 Ne5 6. Bf4 Qf6 7. Nf5 g6 8. Bxe5 Qxe5 9. Nd4 c5 10. Nf3 Qh5 11. O-O Be7 12. Nc3 a6 13. Be2 g5 14. Ne5 Qh4 15. Nd5 Bd6 16. Nxf7 Kxf7 17. Bh5+ Kg7 18. Qf3
3F00e,8/7R/p5p1/3k4/2n3N1/2P2P1P/P1K1r1P1/8 w - - 5 30,c2d3 e2d2,1264,75,52,121,endgame mate mateIn1 oneMove,https://lichess.org/2TiuQr7j#59,,1,"(1200, 1300]",True,2TiuQr7j,1. d4 d5 2. c4 c5 3. cxd5 cxd4 4. Qxd4 e6 5. e4 Nc6 6. Qa4 exd5 7. exd5 Qa5+ 8. Qxa5 Nxa5 9. Bb5+ Bd7 10. Nc3 a6 11. Bxd7+ Kxd7 12. Bf4 Nc4 13. O-O-O Nf6 14. Nf3 Bd6 15. Bxd6 Kxd6 16. h3 h6 17. Rhe1 Rhe8 18. Nd4 Rxe1 19. Rxe1 Rc8 20. Nf5+ Kc5 21. Re7 Nxd5 22. Rxf7 g6 23. Nxh6 Nxc3 24. bxc3 Ne5 25. Rxb7 Kd5 26. Kc2 Rf8 27. f3 Nc4 28. Ng4 Re8 29. Rh7 Re2+
m17EB,r4rk1/ppp2p2/3p1qp1/3Np1n1/3nP1pQ/8/PPP2P2/1K3B1R b - - 3 18,f6g7 d5e7,1277,77,76,591,mate mateIn1 middlegame oneMove,https://lichess.org/f6QQVnT2/black#36,Indian_Defense Indian_Defense_Other_variations,1,"(1200, 1300]",True,f6QQVnT2,1. d4 Nf6 2. Nc3 g6 3. Bf4 Bg7 4. e4 d6 5. h4 h5 6. Nf3 Bg4 7. Qd2 Nc6 8. O-O-O e5 9. Bh6 Bxh6 10. Ng5 Bxd1 11. Qxd1 Nxd4 12. Qd3 O-O 13. Kb1 Bxg5 14. hxg5 Nh7 15. g4 hxg4 16. Qg3 Nxg5 17. Qh4 Qf6 18. Nd5
Whw4w,r1b1kbnr/1p1p1p1p/p1n1p1p1/qN4B1/1PB1P3/8/P2N1PPP/R2Q1RK1 b kq - 0 11,a5b4 b5c7,1201,83,88,220,mate mateIn1 oneMove opening,https://lichess.org/S3xQcN3N/black#22,Sicilian_Defense Sicilian_Defense_Smith-Morra_Gambit_Accepted,1,"(1200, 1300]",True,S3xQcN3N,1. e4 c5 2. d4 cxd4 3. c3 dxc3 4. Nxc3 Nc6 5. Bc4 e6 6. Nf3 Nge7 7. Bg5 g6 8. Nb5 Qa5+ 9. Nd2 Ng8 10. O-O a6 11. b4
egBgz,rn3bkr/ppp3pp/8/8/4n1Nq/2P3P1/PP1P3P/RNBQK2R b KQ - 0 10,e4g3 d1b3,1360,77,90,2974,mate mateIn1 oneMove opening,https://lichess.org/JC5vL0N0/black#20,Kings_Gambit Kings_Gambit_Other_variations,1,"(1300, 1400]",True,JC5vL0N0,1. e4 e5 2. f4 d6 3. Nf3 Bg4 4. Bc4 Nf6 5. fxe5 dxe5 6. Bxf7+ Kxf7 7. Nxe5+ Kg8 8. Nxg4 Nxe4 9. c3 Qh4+ 10. g3
kZeX0,rn1qkb1r/1p2pp1p/3p1p2/3N4/1p6/8/PPP1QPPP/R1B1K2R b KQkq - 1 11,b8c6 d5f6,1339,76,93,973,mate mateIn1 middlegame oneMove pin,https://lichess.org/ebiNuhB9/black#22,Sicilian_Defense Sicilian_Defense_Modern_Variations,1,"(1300, 1400]",True,ebiNuhB9,1. e4 c5 2. Nf3 d6 3. d4 cxd4 4. Nxd4 Nf6 5. Bb5+ Bd7 6. Nc3 Bxb5 7. Ndxb5 a6 8. e5 axb5 9. exf6 b4 10. Nd5 gxf6 11. Qe2
zB97i,6r1/3P4/p1k1p3/2P1Pb2/5K2/1P5r/P2R1B2/8 w - - 1 52,d7d8q g8g4,1352,76,72,255,endgame master mate mateIn1 oneMove operaMate,https://lichess.org/CLJTvice#103,,1,"(1300, 1400]",True,CLJTvice,1. e4 d5 2. e5 e6 3. f4 c5 4. Bb5+ Nc6 5. Bxc6+ bxc6 6. d3 Ne7 7. Nc3 Nf5 8. Nf3 Bd7 9. O-O Rb8 10. b3 Be7 11. Na4 Qa5 12. c4 d4 13. Qe1 Qb4 14. Rf2 h5 15. Bd2 Qb7 16. Bc1 Qb4 17. Bd2 Qb7 18. Re2 h4 19. Bc1 Qb4 20. Nd2 h3 21. g3 Ne3 22. Ne4 Qxe1+ 23. Rxe1 Nc2 24. Bb2 Nxa1 25. Rxa1 f5 26. Nf2 Kf7 27. Ba3 g5 28. fxg5 Rbg8 29. Bxc5 Rxg5 30. Bxd4 f4 31. g4 c5 32. Nxc5 Bxc5 33. Bxc5 a6 34. d4 Bc6 35. Kf1 Rhg8 36. Rd1 Bf3 37. Re1 Bxg4 38. d5 Bf5 39. Ke2 Rg2 40. Kf3 Rxh2 41. d6 Ke8 42. Bb6 Kd7 43. Bd4 Rhg2 44. Rh1 h2 45. c5 Kc6 46. Kxf4 Kd5 47. Rd1 Rg1 48. Rd2 h1=Q 49. Nxh1 Rxh1 50. Bf2+ Kc6 51. d7 Rh3
BKgT6,8/R7/2r1p1kp/2n2pp1/1p1B2P1/4P2P/7K/8 b - - 1 42,b4b3 a7g7,1369,94,48,50,endgame mate mateIn1 oneMove operaMate,https://lichess.org/7OqhVttd/black#84,,1,"(1300, 1400]",True,7OqhVttd,1. d4 Nf6 2. Bf4 e6 3. e3 b6 4. Nf3 Bb7 5. Be2 Be7 6. c4 O-O 7. h3 Bb4+ 8. Nc3 d6 9. O-O Bxc3 10. bxc3 Ne4 11. Qc2 Nd7 12. Nd2 Ndf6 13. Bf3 Nxd2 14. Bxb7 Nxf1 15. Bxa8 Nxe3 16. fxe3 Qxa8 17. Qa4 Ne4 18. Rc1 Qe8 19. Qxa7 Qc6 20. Qa6 Ra8 21. Qb5 Qxb5 22. cxb5 Rxa2 23. c4 g5 24. Bh2 Re2 25. c5 bxc5 26. dxc5 Nxc5 27. b6 cxb6 28. Bxd6 Ne4 29. Be5 h6 30. Bd4 Nc5 31. Rb1 Nd7 32. Kf1 Rc2 33. Ra1 Nc5 34. Ra8+ Kh7 35. Rb8 Na4 36. Kg1 Kg6 37. Rb7 Rc6 38. Kh2 Nc5 39. Ra7 b5 40. g4 b4 41. Ra8 f5 42. Ra7
Ah5Ga,r6k/ppq2Bpp/8/5b2/8/PN5P/2P3P1/RNK1Q2n w - - 10 30,f7h5 c7c2,1354,105,86,141,mate mateIn1 middlegame oneMove queensideAttack,https://lichess.org/XwlAoGes#59,,1,"(1300, 1400]",True,XwlAoGes,1. e4 e5 2. Bc4 Nf6 3. d3 c6 4. a3 d5 5. exd5 cxd5 6. Ba2 Bc5 7. h3 O-O 8. Nf3 Nc6 9. Bg5 e4 10. dxe4 dxe4 11. Nfd2 e3 12. fxe3 Bxe3 13. Bxe3 Nd5 14. Bf2 Re8+ 15. Kf1 Nf4 16. Qf3 Qd6 17. Kg1 Nd4 18. Bxd4 Qxd4+ 19. Qf2 Ne2+ 20. Kf1 Qxb2 21. Bxf7+ Kh8 22. Bxe8 Qc1+ 23. Qe1 Ng3+ 24. Kf2 Nxh1+ 25. Ke2 Qb2 26. Nb3 Qe5+ 27. Kd1 Qd6+ 28. Kc1 Bf5 29. Bf7 Qc7
Ebzw8,8/6p1/K1kq2Q1/8/8/8/8/8 w - - 26 61,g6g7 d6a3,1468,86,89,97,endgame mate mateIn1 oneMove queenEndgame,https://lichess.org/Gjp7FNRF#121,,1,"(1400, 1500]",True,Gjp7FNRF,1. d4 Nf6 2. c4 e6 3. Nc3 Bb4 4. Qc2 c5 5. e3 d5 6. cxd5 exd5 7. Nf3 Nc6 8. dxc5 Ne4 9. Bd3 Bf5 10. Nd4 Bg6 11. O-O Bxc3 12. bxc3 Qa5 13. f3 Nxc5 14. Bxg6 hxg6 15. c4 dxc4 16. Qxc4 O-O 17. Nxc6 bxc6 18. a4 Ne6 19. Ba3 c5 20. Rfd1 Rfd8 21. Rac1 Rxd1+ 22. Rxd1 Rd8 23. Rxd8+ Qxd8 24. h3 Qd1+ 25. Kh2 Qd6+ 26. f4 g5 27. Bc1 gxf4 28. exf4 Qd4 29. Qxd4 Nxd4 30. Be3 Nb3 31. Kg3 a6 32. Kf2 Kf8 33. Ke2 c4 34. Kd1 Ke7 35. Kc2 Kd6 36. Kc3 Kd5 37. g4 Ke4 38. Kxc4 Kxe3 39. Kxb3 Kxf4 40. Kb4 Kg3 41. Ka5 Kxh3 42. Kxa6 Kxg4 43. Kb6 f5 44. a5 f4 45. a6 f3 46. a7 f2 47. a8=Q f1=Q 48. Qc8+ Qf5 49. Qc4+ Kg5 50. Qe2 Kf6 51. Qb2+ Qe5 52. Qf2+ Ke6 53. Qg2 Qd4+ 54. Ka6 Qc4+ 55. Kb6 Qb4+ 56. Ka6 Kf6 57. Qf3+ Ke6 58. Qh3+ Kd5 59. Qf5+ Kc6 60. Qg6+ Qd6
qbdMT,1rb3k1/p4ppp/2B2r2/4q3/2pN4/2P2Q1P/PP4P1/R1B4K w - - 3 23,f3e4 f6f1,1401,106,64,150,mate mateIn1 middlegame oneMove,https://lichess.org/8bzQT5bK#45,,1,"(1400, 1500]",True,8bzQT5bK,1. e4 e5 2. Nf3 Nc6 3. Bb5 Bc5 4. O-O Nf6 5. Nxe5 Nxe4 6. Nxc6 bxc6 7. Bc4 O-O 8. d3 Nxf2 9. Rxf2 Bxf2+ 10. Kxf2 c5 11. Bd5 c6 12. Bf3 Qh4+ 13. Kg1 Qd4+ 14. Kh1 d5 15. c3 Qe5 16. Nd2 Re8 17. h3 Re6 18. Nb3 c4 19. dxc4 dxc4 20. Nd4 Rd6 21. Bxc6 Rb8 22. Qf3 Rf6
70ggp,8/p7/1q3rkp/2pQ1pp1/4p1P1/1PP4P/6P1/5R1K b - - 0 36,f5f4 d5g8,1443,86,70,410,endgame mate mateIn1 oneMove,https://lichess.org/ApksCO8H/black#72,,1,"(1400, 1500]",True,ApksCO8H,1. e4 c5 2. Nf3 Nc6 3. d4 cxd4 4. Nxd4 Nf6 5. Nxc6 bxc6 6. Nc3 e5 7. Bc4 Bb4 8. Bg5 O-O 9. O-O h6 10. Bh4 Bxc3 11. bxc3 d6 12. Bb3 g5 13. Bg3 Nxe4 14. Qd3 Bf5 15. Qf3 Bg6 16. Rad1 Qe7 17. c4 Nxg3 18. fxg3 Kg7 19. Qxc6 Rfd8 20. c5 dxc5 21. Rxd8 Rxd8 22. Qf3 Qd7 23. Kh1 f5 24. Qe2 Qd4 25. Qb5 Rd7 26. c3 Qd3 27. Bc4 Qd6 28. h3 Re7 29. Bb3 Qb6 30. Qc4 Bf7 31. Qa4 Bxb3 32. axb3 Kg6 33. Qc4 Re6 34. Qd3 e4 35. Qd5 Rf6 36. g4
rOVaH,1nk2r2/ppp1p3/3p3b/1P4N1/2PP1K2/PQ2P2q/1B3P1N/R4R2 w - - 5 28,f4e4 h3f5,1470,81,92,1303,mate mateIn1 middlegame oneMove,https://lichess.org/5kivX92q#55,,1,"(1400, 1500]",True,5kivX92q,1. d4 Nf6 2. c4 g6 3. Nf3 Bg7 4. g3 d6 5. Bg2 Bd7 6. O-O Qc8 7. b3 Bh3 8. Bb2 Bxg2 9. Kxg2 h5 10. h4 Ng4 11. Nbd2 Nc6 12. e3 Qd7 13. Qc2 O-O-O 14. a3 f6 15. b4 g5 16. hxg5 fxg5 17. Nxg5 h4 18. b5 Nb8 19. Qb3 hxg3 20. Nf7 Rh2+ 21. Kxg3 Rf8 22. Ng5 Rfh8 23. Ndf3 Nf6 24. Nxh2 Ne4+ 25. Nxe4 Qh3+ 26. Kf4 Bh6+ 27. Ng5 Rf8+
zmhGE,8/4k3/4p1p1/2Q1b2p/6PP/7K/1r6/8 b - - 2 44,e7f6 c5f8,1498,82,92,1074,endgame mate mateIn1 oneMove,https://lichess.org/nvyHDxM4/black#88,,1,"(1400, 1500]",True,nvyHDxM4,1. d4 d5 2. c4 e6 3. g3 Nf6 4. Bg2 g6 5. Nf3 Bg7 6. O-O O-O 7. Qc2 b6 8. Rd1 Nbd7 9. b3 c5 10. Ba3 dxc4 11. bxc4 Qc7 12. Nc3 Bb7 13. Nb5 Qb8 14. dxc5 Nxc5 15. Bxc5 bxc5 16. Rab1 a6 17. Nd6 Ra7 18. Ne5 Rd8 19. Nexf7 Rd7 20. Nxb7 Raxb7 21. Rxb7 Rxb7 22. Rd8+ Kxf7 23. Rxb8 Rxb8 24. h3 Nd7 25. Qa4 Rb1+ 26. Kh2 Ne5 27. Qxa6 Rb2 28. Qa7+ Kf6 29. Qxc5 Rxa2 30. Qd4 Kf7 31. Qd8 Rxe2 32. c5 Rxf2 33. Qc7+ Kf6 34. c6 Rc2 35. Qd8+ Kf7 36. Qd1 Rc3 37. Qf1+ Ke7 38. Qe2 Nxc6 39. Bxc6 Rxc6 40. h4 Rb6 41. Kh3 h5 42. Qc2 Be5 43. g4 Rb2 44. Qc5+
jk8l2,7k/R5p1/2b4p/2Q5/2P1pK2/5q2/P6P/8 w - - 7 40,f4e5 f3f6,1568,82,85,419,endgame mate mateIn1 oneMove,https://lichess.org/pRzwO4wt#79,,1,"(1500, 1600]",True,pRzwO4wt,1. e4 c5 2. Nf3 Nc6 3. Bb5 e6 4. O-O Nf6 5. Re1 Be7 6. d4 cxd4 7. Nxd4 O-O 8. e5 Nd5 9. c4 Nc7 10. Bxc6 bxc6 11. Nc3 Bb7 12. Ne4 d5 13. exd6 Bxd6 14. Qg4 f5 15. Qh3 fxe4 16. Nxe6 Nxe6 17. Qxe6+ Kh8 18. Be3 Qe7 19. Qg4 c5 20. Rad1 Rad8 21. Bg5 Qe5 22. f4 Qxb2 23. Bxd8 Rxd8 24. Qg5 Qf6 25. Qg3 Rf8 26. Qb3 Ba8 27. g3 Qg6 28. Kf2 Qg4 29. Rxd6 Rxf4+ 30. gxf4 Qxf4+ 31. Kg1 Qxd6 32. Rd1 Qf8 33. Qe3 h6 34. Rd7 Bc6 35. Rxa7 Qb8 36. Qxc5 Qb1+ 37. Kf2 Qc2+ 38. Ke3 Qd3+ 39. Kf4 Qf3+
iHeHZ,rn1q1b1r/2p1kQpp/p3pp2/1p1nN3/2pP4/2N1P1P1/PP3PKP/R1B2R2 b - - 3 13,e7d6 c3e4,1523,74,95,5296,mate mateIn1 middlegame oneMove,https://lichess.org/A7EI9H5s/black#26,Queens_Gambit_Declined Queens_Gambit_Declined_Marshall_Defense,1,"(1500, 1600]",True,A7EI9H5s,1. d4 Nf6 2. c4 d5 3. Nf3 e6 4. g3 b6 5. Bg2 Bb7 6. O-O a6 7. Nc3 dxc4 8. Ne5 Bxg2 9. Kxg2 b5 10. e3 Nd5 11. Qf3 f6 12. Qh5+ Ke7 13. Qf7+
XZyxS,3r1r1k/1p2Q2p/p4n2/bPp5/2P1pN2/q3P2B/2R1KP1P/6R1 b - - 2 27,a3b3 e7g7,1505,80,94,2627,mate mateIn1 middlegame oneMove,https://lichess.org/mOHXkaGc/black#54,,1,"(1500, 1600]",True,mOHXkaGc,1. c4 e5 2. Nc3 f5 3. e3 Nf6 4. d4 e4 5. g3 Bb4 6. Nh3 O-O 7. Nf4 c6 8. d5 g5 9. Ne2 d6 10. a3 Ba5 11. b4 Bb6 12. Nd4 c5 13. Ne6 Bxe6 14. dxe6 Qe7 15. Nd5 Qxe6 16. b5 Nbd7 17. Bb2 Ne5 18. Bxe5 Qxe5 19. Rc1 Ba5+ 20. Ke2 f4 21. gxf4 gxf4 22. Rg1+ Kh8 23. Nxf4 Qb2+ 24. Rc2 Qxa3 25. Bh3 a6 26. Qxd6 Rad8 27. Qe7
MSxCi,r1br3k/1pqn1Qp1/p1n1p3/4P3/2PP4/P4R2/1B4PP/RN4K1 b - - 2 20,d8f8 f3h3,1512,97,61,262,mate mateIn1 middlegame oneMove,https://lichess.org/HQAGM1hj/black#40,,1,"(1500, 1600]",True,HQAGM1hj,1. d4 d5 2. Nf3 Nf6 3. e3 c5 4. b3 Nc6 5. Bd3 e6 6. Bb2 cxd4 7. exd4 Bd6 8. Ne5 O-O 9. O-O Qc7 10. f4 a6 11. c4 dxc4 12. bxc4 Nb4 13. Be2 Rd8 14. a3 Nc6 15. Bd3 Bxe5 16. fxe5 Nd7 17. Bxh7+ Kxh7 18. Qh5+ Kg8 19. Qxf7+ Kh8 20. Rf3
4C93i,r1b1r1k1/ppqn1pp1/4p3/2ppP1NQ/8/2P1P1P1/PP3PP1/R4RK1 b - - 3 16,g8f8 h5f7,1537,81,91,276,mate mateIn1 middlegame oneMove,https://lichess.org/GcEscFS2/black#32,Indian_Defense Indian_Defense_London_System,1,"(1500, 1600]",True,GcEscFS2,1. d4 Nf6 2. Bf4 e6 3. Nf3 c5 4. e3 Nc6 5. c3 d5 6. Nbd2 Be7 7. Bd3 O-O 8. O-O Bd6 9. Bg3 Bxg3 10. hxg3 Re8 11. Ne5 Nxe5 12. dxe5 Nd7 13. Nf3 Qc7 14. Bxh7+ Kxh7 15. Ng5+ Kg8 16. Qh5
Zah7i,r2q1k1r/pQN2ppp/8/2b1Pb2/4n3/8/PPP1PPPP/R3KBNR w KQ - 1 10,b7a8 c5f2,1609,76,95,2406,attackingF2F7 mate mateIn1 middlegame oneMove,https://lichess.org/XpqgyvUh#19,Queens_Pawn_Game Queens_Pawn_Game_Chigorin_Variation,1,"(1600, 1700]",True,XpqgyvUh,1. d4 d5 2. Nc3 Nc6 3. Bf4 Nf6 4. Nb5 e5 5. Bxe5 Nxe5 6. dxe5 Ne4 7. Qxd5 Bf5 8. Qxb7 Bc5 9. Nxc7+ Kf8
cxJ3D,8/2R2p2/p4k2/3p1b2/4n1r1/5N1K/PP5P/5R2 w - - 0 32,f3h4 g4g3,1649,84,89,4854,discoveredCheck doubleCheck endgame mate mateIn1 oneMove pillsburysMate,https://lichess.org/aCHOxq3A#63,,1,"(1600, 1700]",True,aCHOxq3A,1. d4 d5 2. c4 e6 3. Nf3 Nf6 4. Nc3 c5 5. cxd5 exd5 6. Bg5 cxd4 7. Nxd4 Nc6 8. Nf3 Be7 9. e3 Be6 10. Be2 O-O 11. O-O Ne4 12. Bxe7 Nxe7 13. Nb5 Nf5 14. Rc1 a6 15. Nbd4 Qf6 16. Rc7 g5 17. Nxf5 Bxf5 18. Nd4 Bg6 19. Rxb7 h5 20. Bxh5 Kg7 21. Rc7 Rh8 22. Rc6 Qe5 23. f4 gxf4 24. exf4 Qxh5 25. Qxh5 Rxh5 26. f5 Bh7 27. Rc7 Kf6 28. g4 Rh3 29. Nf3 Rg8 30. Kg2 Rxg4+ 31. Kxh3 Bxf5
YD4uO,r1b4r/6Bp/p2Pp1p1/2q5/3Nk3/2p5/PPB3PP/2K2R2 b - - 5 25,e4e3 f1f3,1650,82,84,2303,master mate mateIn1 middlegame oneMove pillsburysMate,https://lichess.org/HXyTdjM5/black#50,,1,"(1600, 1700]",True,HXyTdjM5,1. d4 d5 2. c4 c6 3. Nc3 Nf6 4. cxd5 cxd5 5. f3 Nc6 6. e4 dxe4 7. d5 Ne5 8. fxe4 g6 9. Qd4 Nfd7 10. Bb5 Bg7 11. Bh6 Nf3+ 12. Nxf3 Bxd4 13. Nxd4 Qb6 14. O-O-O a6 15. Ba4 Qc5 16. e5 b5 17. e6 Nf6 18. exf7+ Kxf7 19. Bb3 b4 20. d6+ e6 21. Rhf1 bxc3 22. Rxf6+ Kxf6 23. Rf1+ Ke5 24. Bg7+ Ke4 25. Bc2+
F9x0D,r4rk1/pbpn1p1p/1p4p1/4p1q1/P1BPPn2/2P5/2QN1PPP/R1B2RK1 w - - 3 15,d2f3 g5g2,1613,112,86,18,kingsideAttack mate mateIn1 middlegame oneMove,https://lichess.org/uepCQndV#29,Queens_Gambit_Declined Queens_Gambit_Declined_Ragozin_Defense,1,"(1600, 1700]",True,uepCQndV,1. d4 Nf6 2. c4 e6 3. Nf3 d5 4. Nc3 Bb4 5. e3 Bxc3+ 6. bxc3 O-O 7. Bd3 b6 8. O-O Bb7 9. Nd2 Nbd7 10. a4 e5 11. cxd5 Nxd5 12. Qc2 g6 13. e4 Nf4 14. Bc4 Qg5
4ZLiO,5rk1/p2pppbp/b1p3p1/8/4NB2/3Q4/qrP1BPPP/2KR3R w - - 3 18,d3a6 b2c2,1695,78,90,248,mate mateIn1 middlegame oneMove queensideAttack,https://lichess.org/f1URSQAJ#35,Sicilian_Defense Sicilian_Defense_Accelerated_Dragon,1,"(1600, 1700]",True,f1URSQAJ,1. e4 c5 2. Nf3 g6 3. d4 cxd4 4. Nxd4 Nc6 5. Nc3 Bg7 6. Be3 Nf6 7. Qd2 Ng4 8. Nxc6 bxc6 9. Bf4 Qb6 10. e5 Nxe5 11. O-O-O Qa5 12. Kb1 Rb8 13. Ne4 Rxb2+ 14. Kc1 Qxa2 15. Qc3 Nd3+ 16. Qxd3 O-O 17. Be2 Ba6
uGdbu,2r4r/ppqb2Q1/2nkp3/3nN3/3P4/P1B5/1P3PPP/R4RK1 b - - 4 19,c8f8 e5c4,1795,82,85,830,mate mateIn1 middlegame oneMove,https://lichess.org/kMoNsl60/black#38,,1,"(1700, 1800]",True,kMoNsl60,1. d4 Nf6 2. c4 e6 3. Nc3 Bb4 4. Qc2 c5 5. e3 cxd4 6. exd4 d5 7. Nf3 Nc6 8. a3 Qa5 9. Bd2 Bd7 10. Bd3 dxc4 11. Bxc4 Rc8 12. O-O Bxc3 13. Bxc3 Qc7 14. Bd3 Nd5 15. Bxh7 g6 16. Bxg6 fxg6 17. Qxg6+ Ke7 18. Qg7+ Kd6 19. Ne5
ldCUX,2k4r/ppBn3p/3pN1pn/1N6/4P3/8/PPP2q1P/2KR2R1 b - - 1 17,h8e8 b5d6,1748,79,94,10462,mate mateIn1 middlegame oneMove queensideAttack,https://lichess.org/1RXsIQRS/black#34,Philidor_Defense Philidor_Defense_Exchange_Variation,1,"(1700, 1800]",True,1RXsIQRS,1. e4 e5 2. Nf3 d6 3. d4 exd4 4. Nxd4 Qf6 5. Bc4 Be6 6. Bxe6 fxe6 7. Nc3 Nd7 8. Be3 O-O-O 9. Qd2 Kb8 10. Bg5 Qg6 11. Bxd8 Qxg2 12. O-O-O g6 13. Nxe6 Bh6 14. Bxc7+ Kc8 15. Qxh6 Nxh6 16. Rhg1 Qxf2 17. Nb5
MMiDr,rnbq2nr/pppk2pp/3b4/5Q2/4P3/8/PPP2PPP/RNB1KB1R b KQ - 2 8,d7c6 f5b5,1725,82,89,1578,mate mateIn1 oneMove opening,https://lichess.org/oGCq5eqX/black#16,Philidor_Defense Philidor_Defense_Other_variations,1,"(1700, 1800]",True,oGCq5eqX,1. e4 e5 2. Nf3 d6 3. d4 f6 4. dxe5 fxe5 5. Nxe5 dxe5 6. Qh5+ Kd7 7. Qxe5 Bd6 8. Qf5+
20BBB,1r2k2r/p1p2pQp/1q1p4/4pP2/b1B1P3/2PP4/n1K3PP/R1B3R1 w k - 2 19,c2d2 b6f2,1723,120,0,43,master mate mateIn1 middlegame oneMove,https://lichess.org/ayapMC9Y#37,,1,"(1700, 1800]",True,ayapMC9Y,1. e4 e5 2. Bc4 Nc6 3. Nc3 Nf6 4. d3 Bc5 5. f4 d6 6. Na4 Bxg1 7. Rxg1 Ng4 8. f5 Qh4+ 9. Kd2 Qf2+ 10. Kc3 Qd4+ 11. Kb3 b5 12. c3 bxa4+ 13. Kxa4 Qb6 14. Qxg4 Rb8 15. b4 Nxb4 16. Qxg7 Bd7+ 17. Kb3 Nxa2+ 18. Kc2 Ba4+
vA1AO,r3k2r/ppp2ppp/4b3/q1bnp1B1/3n2PP/P1NP1P2/1PP1N3/R2QKB1R w KQkq - 1 12,b2b4 d4f3,1762,80,62,176,mate mateIn1 middlegame oneMove,https://lichess.org/sJIOFTXw#23,Kadas_Opening Kadas_Opening_Other_variations,1,"(1700, 1800]",True,sJIOFTXw,1. h4 e5 2. e4 d5 3. exd5 Qxd5 4. Nc3 Qa5 5. d3 Bb4 6. Bd2 Nf6 7. f3 Be6 8. Nge2 Nc6 9. Bg5 Nd5 10. g4 Nd4 11. a3 Bc5
a4i4K,4r3/1ppk4/b2b4/3P1pp1/P2Qp3/4P1P1/5KBq/2RR4 w - - 0 31,d1h1 d6g3,1837,78,90,742,mate mateIn1 middlegame oneMove,https://lichess.org/6XgOqHRf#61,,1,"(1800, 1900]",True,6XgOqHRf,1. c4 Nf6 2. g3 Nc6 3. Bg2 e5 4. d3 Nd4 5. a3 d5 6. e3 Nc6 7. cxd5 Nxd5 8. Nc3 Nxc3 9. bxc3 Be6 10. Ne2 e4 11. d4 f5 12. O-O Qf6 13. Nf4 Bc4 14. Re1 O-O-O 15. Qa4 Ba6 16. c4 g5 17. Nd5 Qd6 18. Bb2 Ne7 19. Nxe7+ Bxe7 20. c5 Qg6 21. Red1 h5 22. d5 Bxc5 23. Bxh8 Rxh8 24. Rac1 Bd6 25. Qd4 Re8 26. Qxa7 Kd7 27. a4 h4 28. Qd4 hxg3 29. fxg3 Qh5 30. Kf2 Qxh2
mYQYb,2rR1k2/p6r/8/1Q2Bp2/2q4p/4p3/PP3bPP/5R1K b - - 7 32,f8f7 b5e8,1830,181,44,84,mate mateIn1 middlegame oneMove,https://lichess.org/fQp5vf0l/black#64,,1,"(1800, 1900]",True,fQp5vf0l,1. e4 e5 2. Nf3 f5 3. Nxe5 Qf6 4. d4 d6 5. Nc4 b5 6. Ne3 fxe4 7. Bxb5+ c6 8. Nd5 Qf7 9. Bxc6+ Nxc6 10. c4 Be6 11. Nbc3 Rc8 12. Qa4 Nf6 13. O-O Qb7 14. Nxf6+ gxf6 15. d5 Bd7 16. dxc6 Bxc6 17. Qc2 f5 18. Qe2 h5 19. Re1 d5 20. cxd5 Bxd5 21. Nxd5 Qxd5 22. Bf4 Rh7 23. Rad1 Qb7 24. Qd2 Bc5 25. Kh1 Qb6 26. Bg3 h4 27. Be5 Bxf2 28. Rf1 e3 29. Qd3 Qe6 30. Qb5+ Kf8 31. Rd6 Qc4 32. Rd8+
5SqPb,r1b2r1k/ppp1N1bp/5n2/4N1p1/8/5R2/PP1P3P/n1BK4 b - - 4 20,f8e8 e5f7,1846,124,75,144,mate mateIn1 middlegame oneMove,https://lichess.org/smzRfhdU/black#40,,1,"(1800, 1900]",True,smzRfhdU,1. e4 e5 2. Nf3 Nc6 3. Bc4 Nd4 4. Nxe5 Qg5 5. Bxf7+ Ke7 6. Qh5 Qxg2 7. Qh4+ Nf6 8. Rf1 g5 9. Qg3 Qxe4+ 10. Qe3 Qxe3+ 11. fxe3 Nxc2+ 12. Kd1 Nxa1 13. Nc3 d6 14. Nc4 Kxf7 15. Nd5 Bg7 16. e4 Rf8 17. e5 dxe5 18. Nxe5+ Kg8 19. Ne7+ Kh8 20. Rf3
mnIw8,r6k/5N2/4N1R1/1p6/1p6/4n2P/rPP3P1/2K5 b - - 4 30,h8h7 g6g7,1831,80,80,530,endgame mate mateIn1 oneMove vukovicMate,https://lichess.org/jWXa3XEN/black#60,,1,"(1800, 1900]",True,jWXa3XEN,1. e4 e5 2. Nf3 Qf6 3. d4 exd4 4. Bg5 Qb6 5. Qxd4 h6 6. Qxb6 axb6 7. Bf4 d6 8. Nc3 c6 9. O-O-O Nf6 10. Bxd6 Bxd6 11. Rxd6 O-O 12. Bc4 b5 13. Bb3 b4 14. Na4 Nbd7 15. e5 Ne4 16. Rd4 Nxf2 17. Rf1 c5 18. Rf4 b5 19. e6 Nf6 20. exf7+ Kh8 21. Nxc5 N2g4 22. Be6 Bxe6 23. Nxe6 Rxf7 24. h3 Ne3 25. Ne5 Rfa7 26. Rxf6 gxf6 27. Rxf6 Rxa2 28. Rxh6+ Kg8 29. Rg6+ Kh8 30. Nf7+
fxUFR,Qn1qk2r/p1p3pp/4pn2/4p3/1b6/2N5/PPp2PPP/R1B1K1NR w KQk - 1 11,g1e2 d8d1,1802,78,90,2243,mate mateIn1 oneMove opening pin,https://lichess.org/PNaHeMUe#21,Danish_Gambit Danish_Gambit_Other_variations,1,"(1800, 1900]",True,PNaHeMUe,1. e4 e5 2. d4 exd4 3. c3 dxc3 4. Bc4 d6 5. e5 Be6 6. Bxe6 fxe6 7. Qb3 dxe5 8. Qxb7 c2 9. Nc3 Nf6 10. Qxa8 Bb4
hHRWg,8/P5pk/2p1p3/7K/2pP1Pp1/2P1Pn2/6r1/R7 w - - 3 36,a7a8q g7g6,1977,80,91,6029,endgame mate mateIn1 oneMove,https://lichess.org/kfjTYzie#71,,1,"(1900, 2000]",True,kfjTYzie,1. d4 Nf6 2. Bf4 d5 3. e3 c5 4. c3 Nc6 5. Nd2 Bf5 6. Qb3 Qd7 7. Ngf3 e6 8. Bb5 Bd6 9. Bxd6 Qxd6 10. Ne5 Rc8 11. Bxc6+ bxc6 12. Ndf3 Ne4 13. Qa3 c4 14. Qxa7 O-O 15. g4 Bg6 16. O-O h5 17. g5 Bf5 18. Nh4 f6 19. Neg6 Ra8 20. Qe7 fxg5 21. Qxd6 Nxd6 22. Nxf5 Nxf5 23. Nxf8 Rxf8 24. b3 Nh4 25. bxc4 dxc4 26. f4 g4 27. a4 Rb8 28. a5 Nf3+ 29. Kg2 Rb2+ 30. Kg3 Nxh2 31. Rf2 h4+ 32. Kxh4 Rxf2 33. a6 Rg2 34. a7 Nf3+ 35. Kh5 Kh7
xTggm,2r5/1p5p/p2R4/2k5/1P1R4/P6P/4p1PK/3Bq3 b - - 0 43,c5b5 a3a4,1970,77,80,365,endgame mate mateIn1 oneMove,https://lichess.org/HpObS8SB/black#86,,1,"(1900, 2000]",True,HpObS8SB,1. d4 d5 2. Bg5 c5 3. e3 Nc6 4. Nf3 Bg4 5. Nbd2 Qb6 6. dxc5 Qxc5 7. Nb3 Qb4+ 8. c3 Qe4 9. Nbd2 Qf5 10. h3 Bxf3 11. Nxf3 f6 12. Bf4 e5 13. Qxd5 Rd8 14. Qb5 Qc8 15. Bg3 Bd6 16. Bc4 Ne7 17. O-O e4 18. Nd4 a6 19. Qb3 Nxd4 20. cxd4 Nc6 21. Rac1 Ke7 22. Bxd6+ Rxd6 23. Qc2 Qf5 24. f3 Nb4 25. Qb3 Rb6 26. a3 Nd5 27. Bxd5 Rxb3 28. Bxb3 Kd6 29. f4 Qb5 30. Rc3 g5 31. fxg5 Qxg5 32. Bc2 f5 33. Rc5 Qg3 34. Rcxf5 Qxe3+ 35. Kh1 Rc8 36. Rf6+ Kd5 37. R1f5+ Kxd4 38. Rd6+ Kc4 39. Bd1 Qe1+ 40. Kh2 e3 41. Rfd5 e2 42. Rd4+ Kc5 43. b4+
RTta7,8/4b2k/p3N1qp/3p1K2/P1p2P2/8/2PQ2P1/8 w - - 1 38,f5e5 g6e4,1965,85,90,2528,endgame mate mateIn1 oneMove,https://lichess.org/dkGUvLTp#75,,1,"(1900, 2000]",True,dkGUvLTp,1. e4 e5 2. Nc3 Nc6 3. Bc4 d6 4. f3 Be7 5. Nge2 Nf6 6. d4 exd4 7. Nxd4 Nxd4 8. Qxd4 O-O 9. Be3 c5 10. Qd2 a6 11. a4 Qb6 12. O-O Be6 13. Bxe6 fxe6 14. Ne2 Qxb2 15. Rab1 Qe5 16. Rxb7 Rae8 17. Rfb1 d5 18. Bf4 Qh5 19. e5 Ng4 20. R1b6 Bd8 21. Rd6 Nxe5 22. Bxe5 Qxe5 23. Rdd7 Bf6 24. f4 Qa1+ 25. Kf2 Bd4+ 26. Kg3 Qa3+ 27. Kg4 h5+ 28. Kxh5 Rf5+ 29. Kg4 Bf6 30. h4 c4 31. h5 Qf8 32. h6 gxh6 33. Rh7 Re7 34. Rbxe7 Bxe7 35. Nd4 Kxh7 36. Nxe6 Qg8+ 37. Kxf5 Qg6+
34FgM,8/3qpk1p/Qp1p4/8/2Pb1B1r/1P6/1P2R3/5RK1 w - - 0 34,g1g2 d7h3,1929,79,92,531,master mate mateIn1 middlegame oneMove,https://lichess.org/rP8yEh50#67,,1,"(1900, 2000]",True,rP8yEh50,1. d4 d6 2. e4 Nf6 3. Nc3 g6 4. Bc4 Bg7 5. f4 O-O 6. e5 Nfd7 7. e6 Nb6 8. exf7+ Kh8 9. Bb3 Nc6 10. Nf3 Na5 11. O-O Nxb3 12. axb3 Rxf7 13. Be3 Bg4 14. Ng5 Qd7 15. Nxf7+ Kg8 16. Qe1 Kxf7 17. h3 Bf5 18. Qd2 a6 19. g4 Bxg4 20. hxg4 Qxg4+ 21. Qg2 Qf5 22. Rae1 Kg8 23. Qxb7 Rf8 24. Qe4 Qg4+ 25. Qg2 Qd7 26. Nd5 Rf5 27. Nxb6 cxb6 28. c4 Rh5 29. Re2 Rh4 30. Qa8+ Kf7 31. f5 gxf5 32. Qxa6 f4 33. Bxf4 Bxd4+
2EiyY,3r1b1r/1pk1qpp1/p1np1n2/2p4p/N1PP4/1Q3BP1/PP2PP1P/R1B1R1K1 b - - 0 13,c6d4 b3b7,1926,77,84,193,mate mateIn1 middlegame oneMove,https://lichess.org/9xcdaSUQ/black#26,English_Opening English_Opening_Kings_English_Variation,1,"(1900, 2000]",True,9xcdaSUQ,1. c4 Nf6 2. Nc3 e5 3. Nf3 c5 4. Nxe5 d6 5. Nf3 Nc6 6. g3 Bg4 7. Bg2 Qe7 8. O-O O-O-O 9. Re1 h5 10. d4 a6 11. Na4 Kc7 12. Qb3 Bxf3 13. Bxf3
xBOHN,r2q1rk1/1b2bp1p/p1p1pnp1/4N3/2p2P2/1P2P2R/PBP3PP/RN2Q1K1 w - - 0 15,e1h4 d8d1 h4e1 d1e1,485,96,95,249,kingsideAttack mate mateIn2 middlegame short,https://lichess.org/Av1mAsef#29,Bird_Opening Bird_Opening_Other_variations,2,"(400, 500]",True,Av1mAsef,1. f4 c5 2. Nf3 Nc6 3. b3 Nf6 4. Bb2 d5 5. e3 e6 6. Bb5 a6 7. Bxc6+ bxc6 8. O-O Be7 9. Ne5 Bb7 10. Qe1 O-O 11. Rf3 d4 12. Rg3 dxe3 13. dxe3 g6 14. Rh3 c4
MCL9W,4r1k1/1Q3ppp/p2Pq3/2p5/2np1B2/P7/1PP2PPP/R5K1 w - - 4 25,d6d7 e6e1 a1e1 e8e1,471,88,71,135,backRankMate endgame mate mateIn2 sacrifice short,https://lichess.org/YQ54IX7A#49,,2,"(400, 500]",True,YQ54IX7A,1. e4 e5 2. Nf3 d6 3. d4 exd4 4. Nxd4 c5 5. Nf3 Bg4 6. Be2 Nc6 7. Nc3 Nf6 8. O-O Be7 9. Re1 O-O 10. a3 Re8 11. Nd2 Bxe2 12. Qxe2 Nd4 13. Qd1 d5 14. e5 Nd7 15. Nf3 Nxf3+ 16. Qxf3 Bf8 17. Bf4 d4 18. Nb5 a6 19. Nd6 Bxd6 20. exd6 Nb6 21. Qxb7 Nc4 22. Rxe8+ Qxe8 23. Qb3 Qe6 24. Qb7 Re8
EknwJ,r3Q2k/1bq2r1p/ppn2p1B/8/8/3B1N2/PP3PPP/4R1K1 b - - 2 23,a8e8 e1e8 f7f8 e8f8,485,97,100,81,kingsideAttack mate mateIn2 middlegame pillsburysMate short,https://lichess.org/ZOQmAAFJ/black#46,,2,"(400, 500]",True,ZOQmAAFJ,1. e4 c5 2. Nf3 d6 3. c3 e6 4. d4 cxd4 5. cxd4 Be7 6. Bd3 a6 7. O-O b6 8. Bf4 Bb7 9. Nc3 Qc7 10. Rc1 Nf6 11. Nd5 Qd8 12. Nxe7 Qxe7 13. e5 dxe5 14. dxe5 Nd5 15. Bd2 O-O 16. Bg5 f6 17. exf6 gxf6 18. Bh6 Rf7 19. Qe2 Kh8 20. Rfe1 Nc7 21. Rxc7 Qxc7 22. Qxe6 Nc6 23. Qe8+
t5dnE,4r3/pp4b1/n1pp3p/5pk1/3P1R1N/P7/1PPNrPP1/2K2R2 w - - 7 24,g2g3 e2e1 f1e1 e8e1,405,102,100,292,backRankMate mate mateIn2 middlegame short,https://lichess.org/XvoewNyc#47,,2,"(400, 500]",True,XvoewNyc,1. d4 Nf6 2. Nc3 g6 3. e4 d6 4. Bg5 Bg7 5. Bc4 O-O 6. h4 h6 7. Bxf6 exf6 8. h5 Kh7 9. hxg6+ fxg6 10. Bd3 Re8 11. Qd2 f5 12. O-O-O Qf6 13. exf5 Bxf5 14. Nf3 Bxd3 15. Qxd3 c6 16. Ne4 Qf4+ 17. Ned2 Na6 18. Rh4 Qf5 19. Qxf5 gxf5 20. a3 Re2 21. Rf1 Rae8 22. Rf4 Kg6 23. Nh4+ Kg5
fXffx,1r6/p4bk1/5p1p/P4p2/B3pN2/P7/2P2PPP/3R2K1 w - - 0 24,d1d7 b8b1 d7d1 b1d1,448,98,100,226,backRankMate endgame mate mateIn2 short,https://lichess.org/Lt0KaPKt#47,,2,"(400, 500]",True,Lt0KaPKt,1. e4 c6 2. Bc4 d5 3. exd5 cxd5 4. Bb3 e5 5. d4 e4 6. Nc3 Bb4 7. Ne2 f5 8. a3 Ba5 9. O-O Nf6 10. Bg5 Be6 11. Nf4 Bf7 12. Ncxd5 h6 13. Bxf6 gxf6 14. Ba4+ Nc6 15. b4 Bxd5 16. bxa5 Bf7 17. d5 Qc7 18. dxc6 Rd8 19. cxb7+ Kf8 20. Rb1 Rxd1 21. b8=Q+ Qxb8 22. Rxb8+ Kg7 23. Rxd1 Rxb8
MMFyf,5r1k/ppp4p/8/4p3/4q3/7P/1PP3R1/3Q3K b - - 1 30,f8f4 d1d8 f4f8 d8f8,586,86,63,117,endgame mate mateIn2 short,https://lichess.org/qYVsugI5/black#60,,2,"(500, 600]",True,qYVsugI5,1. e4 d5 2. exd5 Qxd5 3. Nc3 Qd8 4. Bc4 Nc6 5. h3 Nf6 6. Nf3 e5 7. Ng5 Be6 8. Nxe6 fxe6 9. Bxe6 Qe7 10. Bc4 Nd4 11. O-O Qc5 12. d3 Bd6 13. Be3 Qc6 14. Bb5 Nxb5 15. Ne4 Nxe4 16. dxe4 O-O 17. Re1 Rf7 18. a4 Bc5 19. axb5 Qxb5 20. Bxc5 Qxc5 21. Ra3 Qxf2+ 22. Kh1 g5 23. Rg1 Raf8 24. Rf3 Rxf3 25. gxf3 Rxf3 26. Rxg5+ Kh8 27. Qd8+ Rf8 28. Qd1 Qf4 29. Rg1 Qxe4+ 30. Rg2
3Wuv0,3r3k/6pp/p4p2/q1p1Q3/4P3/2PP1R1P/1P4P1/5R1K b - - 0 34,f6e5 f3f8 d8f8 f1f8,592,95,60,78,backRankMate endgame mate mateIn2 queenRookEndgame short,https://lichess.org/eWoNbRlN/black#68,,2,"(500, 600]",True,eWoNbRlN,1. e4 c5 2. Nf3 Nc6 3. c3 e5 4. Bb5 d6 5. O-O Be7 6. Re1 Bg4 7. h3 Bh5 8. d3 Nf6 9. Qa4 O-O 10. Nh2 Qc7 11. f4 exf4 12. Bxf4 a6 13. Bxc6 bxc6 14. Nd2 Nd7 15. Qc2 Ne5 16. Bxe5 dxe5 17. Nc4 f6 18. Qf2 Rad8 19. Re3 Rd7 20. Nf3 Bxf3 21. Rxf3 Rfd8 22. Rd1 Bf8 23. a4 Rb8 24. a5 Rf7 25. Kh1 Be7 26. Rf1 Rbf8 27. Qg3 Kh8 28. Nxe5 Bd6 29. Nxf7+ Rxf7 30. Qg4 Qxa5 31. Qc8+ Rf8 32. Qxc6 Be5 33. Qd5 Rd8 34. Qxe5
A6suA,3r2k1/5ppp/2p5/3b2N1/1pq5/4Q2P/PP2RPP1/7K b - - 5 30,h7h6 e3e8 d8e8 e2e8,600,84,100,76,endgame mate mateIn2 sacrifice short,https://lichess.org/Y1P7fp6s/black#60,,2,"(500, 600]",True,Y1P7fp6s,1. e4 e5 2. Nf3 d5 3. exd5 Nf6 4. Nc3 e4 5. Ng5 Be7 6. Ngxe4 Nxd5 7. Bc4 Be6 8. d3 Nc6 9. Qf3 O-O 10. O-O Ne5 11. Qe2 Nxc4 12. dxc4 Nxc3 13. Nxc3 c6 14. Be3 Qc7 15. Rfd1 Rfe8 16. c5 b6 17. cxb6 axb6 18. Qf3 Bd6 19. h3 Bh2+ 20. Kh1 Be5 21. Bd4 b5 22. Bxe5 Qxe5 23. Re1 Qc5 24. Rad1 Rad8 25. Re3 b4 26. Ne4 Qxc2 27. Rxd8 Rxd8 28. Re2 Qc4 29. Ng5 Bd5 30. Qe3
jn3KR,r1b1r1k1/pp3ppp/8/4Q3/4pnP1/5P2/PPP4P/1K1R1B1R b - - 0 17,e8e5 d1d8 e5e8 d8e8,528,97,43,58,backRankMate mate mateIn2 middlegame short,https://lichess.org/kjQf1tNg/black#34,Scotch_Game Scotch_Game_Classical_Variation,2,"(500, 600]",True,kjQf1tNg,1. e4 e5 2. Nf3 Nc6 3. d4 exd4 4. Nxd4 Bc5 5. Be3 Bxd4 6. Bxd4 Nf6 7. Nc3 O-O 8. e5 Nxd4 9. Qxd4 Re8 10. O-O-O Nh5 11. g4 c5 12. Qc4 Qg5+ 13. Kb1 Nf4 14. f3 Qxe5 15. Ne4 d5 16. Qxc5 dxe4 17. Qxe5
X148Z,4r1k1/p1pR1pp1/7p/8/5P2/6P1/PPP4P/1K6 w - - 1 25,d7d2 e8e1 d2d1 e1d1,532,107,70,346,backRankMate endgame mate mateIn2 rookEndgame short,https://lichess.org/hoAJuVKK#49,,2,"(500, 600]",True,hoAJuVKK,1. g3 e5 2. Bg2 Nf6 3. d3 Bc5 4. Bg5 h6 5. Bxf6 Qxf6 6. Nf3 d5 7. Nbd2 e4 8. dxe4 dxe4 9. Nxe4 Qc6 10. Ne5 Qe6 11. f4 Bd4 12. Qxd4 O-O 13. O-O-O Nc6 14. Nxc6 bxc6 15. Kb1 Ba6 16. Nc5 Qxe2 17. Bxc6 Rad8 18. Nd7 Qe6 19. Rhe1 Qxc6 20. Re7 Bc8 21. Qd3 Rxd7 22. Rxd7 Bxd7 23. Qxd7 Qxd7 24. Rxd7 Re8
RJw3f,rk6/pp1q2pp/4N3/4P3/5r2/8/P4PPP/2RR2K1 b - - 0 24,d7e6 d1d8 e6c8 c1c8,603,107,85,195,endgame mate mateIn2 queenRookEndgame short,https://lichess.org/cJw2psCg/black#48,,2,"(600, 700]",True,cJw2psCg,1. e4 c5 2. d4 cxd4 3. c3 dxc3 4. Bc4 Nc6 5. Nf3 Nf6 6. e5 Ne4 7. O-O cxb2 8. Bxb2 d6 9. Bxf7+ Kxf7 10. Qd5+ Be6 11. Qxe4 d5 12. Qf4+ Ke8 13. Nc3 d4 14. Ne4 Qb6 15. Rab1 Kd7 16. Ba3 Qc7 17. Nc5+ Kc8 18. Nxe6 Qd7 19. Nfxd4 Nxd4 20. Nxd4 Kb8 21. Rfd1 e6 22. Bxf8 Rxf8 23. Rbc1 Rxf4 24. Nxe6
0BFEw,r3r1k1/pp3ppp/2nbq3/6Q1/P6B/2P2b1P/4BPP1/R3R1K1 w - - 0 20,e2f3 e6e1 a1e1 e8e1,636,81,100,83,kingsideAttack mate mateIn2 middlegame pillsburysMate short,https://lichess.org/h7gJjLPq#39,,2,"(600, 700]",True,h7gJjLPq,1. c4 e5 2. a3 Nf6 3. Nc3 Be7 4. e4 O-O 5. Be2 c6 6. d3 d5 7. exd5 cxd5 8. cxd5 Nxd5 9. Nf3 Nc6 10. h3 Nxc3 11. bxc3 Bd6 12. a4 Bf5 13. O-O Qf6 14. Bg5 Qg6 15. Bh4 e4 16. dxe4 Bxe4 17. Qd2 Rfe8 18. Qg5 Qe6 19. Rfe1 Bxf3
iXSsj,8/5k1p/8/p2R2p1/1n6/1r6/4RPPP/6K1 w - - 1 34,d5a5 b3b1 e2e1 b1e1,619,97,79,204,backRankMate endgame mate mateIn2 short,https://lichess.org/hqObq1L4#67,,2,"(600, 700]",True,hqObq1L4,1. Nf3 d5 2. e3 f6 3. Bd3 e5 4. O-O Nc6 5. e4 dxe4 6. Bxe4 g6 7. Nc3 f5 8. Bd3 e4 9. Bxe4 fxe4 10. Nxe4 Bf5 11. b3 Bxe4 12. Bb2 Bc5 13. Bxh8 Nb4 14. Bb2 Bxc2 15. Rc1 Bxd1 16. Rcxd1 Nxa2 17. Ne5 Ke7 18. Nf3 a5 19. Be5 Ra6 20. Nh4 g5 21. Bg7 Kf7 22. Nf5 Qd5 23. Bd4 Qxf5 24. Ba1 Qe6 25. Rfe1 Qd7 26. d4 Bxd4 27. Bxd4 c5 28. Bxc5 b6 29. Rxd7+ Ne7 30. Bxb6 Rxb6 31. Rdd1 Rxb3 32. Re2 Nd5 33. Rxd5 Nb4
XZD8C,8/1R3R2/2p1r2p/5pQ1/4q1Pk/7P/P4P1K/2r5 b - - 0 38,h6g5 f7h7 e6h6 h7h6,631,86,86,268,endgame mate mateIn2 queenRookEndgame short,https://lichess.org/SLUv3Q6h/black#76,,2,"(600, 700]",True,SLUv3Q6h,1. e4 c6 2. Nf3 d5 3. exd5 cxd5 4. d4 Bg4 5. Be2 Nc6 6. c3 Nf6 7. h3 Bh5 8. Na3 a6 9. Qb3 Qc7 10. Bg5 h6 11. Bxf6 exf6 12. Qxd5 Bxf3 13. Bxf3 Bxa3 14. bxa3 O-O 15. O-O Rad8 16. Qc4 Qd6 17. Bxc6 bxc6 18. Qxa6 Ra8 19. Qc4 Rxa3 20. Rab1 Rfa8 21. Rb2 g5 22. Ra1 R8a4 23. Qe2 Rxc3 24. Rb8+ Kg7 25. Qe8 f5 26. Qh8+ Kg6 27. Qg8+ Kf6 28. Qh8+ Kg6 29. Rb7 Qf6 30. Qe8 Rxd4 31. Re1 Rd6 32. Ree7 Rc1+ 33. Kh2 Re6 34. Qg8+ Kh5 35. Rxf7 Qe5+ 36. g3 Qe4 37. g4+ Kh4 38. Qxg5+
P82ca,6k1/1bq3pp/3bQ1p1/3p4/2p1pP1B/2PnP1K1/4r2P/5N1R b - - 1 28,g8h8 e6e8 d6f8 e8f8,683,101,98,977,kingsideAttack mate mateIn2 middlegame short,https://lichess.org/Z6HnbBpz/black#56,,2,"(600, 700]",True,Z6HnbBpz,1. d4 Nf6 2. Bf4 d5 3. e3 c5 4. c3 Nc6 5. Nd2 e6 6. Ngf3 Bd6 7. Bg3 O-O 8. Ne5 Qc7 9. Qc2 Nxe5 10. dxe5 Bxe5 11. Bd3 c4 12. Be2 b5 13. f4 Bd6 14. a3 a5 15. Bh4 Nd7 16. g4 b4 17. axb4 Bb7 18. Bg3 axb4 19. Rxa8 Rxa8 20. Kf2 bxc3 21. bxc3 e5 22. Qf5 e4 23. Bh4 Ra2 24. Nf1 Nc5 25. g5 Nd3+ 26. Kg3 Rxe2 27. g6 fxg6 28. Qe6+
WlWvK,5r1k/p4Npp/8/2pp4/2p1p1Q1/2q1P1P1/P4P1P/1r3RK1 b - - 0 25,f8f7 g4c8 f7f8 c8f8,800,111,97,618,endgame mate mateIn2 short,https://lichess.org/fmhdCRZp/black#50,,2,"(700, 800]",True,fmhdCRZp,1. d4 d5 2. Bf4 Nc6 3. e3 f6 4. Nf3 Be6 5. Nbd2 Bf7 6. c3 e6 7. Bd3 Bd6 8. Bg3 e5 9. dxe5 fxe5 10. Bb5 e4 11. Nd4 Ne7 12. Qg4 O-O 13. Bxc6 bxc6 14. O-O Rb8 15. N2b3 c5 16. Ne2 c4 17. Nbd4 Rxb2 18. Bxd6 Qxd6 19. Ng3 c5 20. Ndf5 Nxf5 21. Nxf5 Qf6 22. Rab1 Qxc3 23. g3 Rxb1 24. Nh6+ Kh8 25. Nxf7+
iysct,6k1/3p2pp/p3p3/n4N2/3P3P/P3PR2/Brb2PP1/4K3 b - - 0 25,b2a2 f5e7 g8h8 f3f8,799,104,96,1106,backRankMate endgame mate mateIn2 short,https://lichess.org/XyhVU4A8/black#50,,2,"(700, 800]",True,XyhVU4A8,1. d4 f5 2. Bf4 Nf6 3. e3 e6 4. Nf3 Bd6 5. Bxd6 cxd6 6. Nc3 O-O 7. Bc4 Kh8 8. h4 Qa5 9. a3 Ne4 10. Qd3 Nxc3 11. Qxc3 Qxc3+ 12. bxc3 a6 13. Rb1 b5 14. Bb3 Bb7 15. Rh3 Nc6 16. c4 bxc4 17. Bxc4 Na5 18. Ba2 Be4 19. Rb2 Rfc8 20. Ng5 Rxc2 21. Rxc2 Bxc2 22. Nf7+ Kg8 23. Nxd6 Rb8 24. Rf3 Rb2 25. Nxf5
gWIvW,Q2bk2r/3q1pp1/3p3p/1p2p3/1P2Pn2/5N2/2PN1PbK/3R2R1 w k - 0 24,g1g2 d7h3 h2g1 h3g2,793,99,97,870,mate mateIn2 middlegame short,https://lichess.org/JxeVgll8#47,,2,"(700, 800]",True,JxeVgll8,1. e4 c5 2. Nf3 d6 3. d4 cxd4 4. Nxd4 Nf6 5. Nc3 a6 6. a3 e5 7. Nf3 Be6 8. Bd3 h6 9. O-O Nbd7 10. h3 Rc8 11. Qe2 Be7 12. Be3 Nc5 13. Rad1 b5 14. Bxc5 Rxc5 15. Nb1 Nh5 16. Nbd2 Nf4 17. Qe3 Qd7 18. b4 Rc3 19. Kh2 Rxa3 20. Bxb5 axb5 21. Qxa3 Bxh3 22. Qa8+ Bd8 23. Rg1 Bxg2
hDsZQ,k5r1/P2qb3/1Q1p1p2/3Pp1pp/4b3/4B2P/P1P2PP1/1R4K1 b - - 0 25,e4d5 b6b8 g8b8 a7b8q,703,81,100,243,advancedPawn mate mateIn2 middlegame promotion queensideAttack short,https://lichess.org/m6bcsGbp/black#50,,2,"(700, 800]",True,m6bcsGbp,1. e4 e5 2. Nf3 d6 3. d4 f6 4. Bc4 Nc6 5. O-O Bg4 6. Bxg8 Rxg8 7. d5 Nd4 8. Nbd2 Nxf3+ 9. Nxf3 Qd7 10. h3 Bh5 11. Qd3 O-O-O 12. Be3 Kb8 13. Nd2 g5 14. Qa3 a6 15. Rab1 Bg6 16. b4 h5 17. b5 b6 18. bxa6 Ka7 19. Qa5 Rb8 20. Nc4 Bxe4 21. Rxb6 cxb6 22. Nxb6 Rxb6 23. Qxb6+ Ka8 24. Rb1 Be7 25. a7
2Ikqo,1R1Q4/4p2p/3p2pk/2pPp3/4P3/5r2/r5PP/6qK w - - 0 34,h1g1 a2a1 b8b1 a1b1,767,82,80,131,endgame mate mateIn2 queenRookEndgame short,https://lichess.org/B6I16Kfm#67,,2,"(700, 800]",True,B6I16Kfm,1. e4 c5 2. Nf3 d6 3. c3 Nf6 4. Be2 Nc6 5. d4 Bg4 6. Be3 Qb6 7. d5 Bxf3 8. Bxf3 Ne5 9. b3 Nxf3+ 10. Qxf3 g6 11. Nd2 Bg7 12. Nc4 Qa6 13. Bd2 b5 14. Ne3 O-O 15. O-O Qb7 16. c4 bxc4 17. Nxc4 Nd7 18. Bc3 a5 19. Bxg7 Kxg7 20. Rfe1 f6 21. Qg4 Ne5 22. Nxe5 fxe5 23. f3 a4 24. Rab1 axb3 25. Rxb3 Qa7 26. Kh1 Qxa2 27. Rb7 Rf7 28. Qe6 Ra7 29. Rb8 Qf2 30. Rg1 Ra2 31. Qc8 Rxf3 32. Qh8+ Kh6 33. Qd8 Qxg1+
4PwhZ,3r2k1/p1r2ppp/5q2/n7/3p4/P1PQ1N1P/1P3PP1/3R1RK1 b - - 0 21,d4c3 d3d8 f6d8 d1d8,801,99,91,892,backRankMate fork mate mateIn2 middlegame short,https://lichess.org/9GOeBA2r/black#42,,2,"(800, 900]",True,9GOeBA2r,1. d4 d5 2. a3 Nc6 3. Nc3 Nf6 4. Bf4 Bf5 5. e3 Ne4 6. Nxe4 Bxe4 7. Nf3 e6 8. Bd3 Bxd3 9. Qxd3 Bd6 10. Bxd6 cxd6 11. O-O Rc8 12. Qb5 O-O 13. Qxb7 Rc7 14. Qa6 e5 15. dxe5 dxe5 16. Qb5 d4 17. exd4 exd4 18. Qd3 Qf6 19. Rad1 Rd8 20. h3 Na5 21. c3
bIJLK,2krr3/ppp3p1/2n2pb1/3q2Pp/5P1P/bP1B1N2/P1P2Q2/1K1R3R w - - 0 22,d3g6 d5d1 h1d1 d8d1,896,80,40,67,mate mateIn2 middlegame pillsburysMate queensideAttack short,https://lichess.org/fnWeFdkq#43,,2,"(800, 900]",True,fnWeFdkq,1. e4 e5 2. b3 Nf6 3. Bb2 d5 4. exd5 Qxd5 5. Nc3 Qe6 6. Bc4 Qe7 7. Qe2 Nc6 8. O-O-O Bg4 9. f3 Bf5 10. g4 Bg6 11. h4 h5 12. g5 Nd7 13. Nd5 Qd6 14. d4 O-O-O 15. dxe5 Ndxe5 16. Bxe5 Qxe5 17. f4 Qf5 18. Nf3 Ba3+ 19. Kb1 Rhe8 20. Qf2 f6 21. Bd3 Qxd5
FL10G,5rk1/1p5R/p3p1P1/2qpp3/5r2/7Q/PPP3PP/R5K1 w - - 1 24,g1h1 f4f1 a1f1 f8f1,831,105,95,1465,backRankMate endgame mate mateIn2 short,https://lichess.org/5zMVeNRG#47,,2,"(800, 900]",True,5zMVeNRG,1. e4 d5 2. exd5 Nf6 3. Nf3 Nxd5 4. d4 Nf6 5. Bb5+ Bd7 6. Bxd7+ Qxd7 7. O-O e6 8. Re1 Nc6 9. Ne5 Nxe5 10. dxe5 Nd5 11. Nc3 c6 12. Nxd5 cxd5 13. Bg5 Be7 14. Bxe7 Qxe7 15. Qd3 O-O 16. Re3 Rac8 17. Rh3 g6 18. f4 a6 19. Rh6 Rc4 20. Qh3 f6 21. f5 fxe5 22. fxg6 Rcf4 23. Rxh7 Qc5+
rHmpA,4r1k1/R5pp/2p5/2n5/2P2p2/1PN2P2/P2P2PP/6K1 w - - 1 30,g1f2 c5d3 f2g1 e8e1,832,87,92,149,endgame mate mateIn2 short,https://lichess.org/zSoExiCJ#59,,2,"(800, 900]",True,zSoExiCJ,1. e4 e5 2. b3 d5 3. exd5 Bd6 4. c4 Bf5 5. Bb2 Nd7 6. Nf3 Ngf6 7. Be2 O-O 8. O-O Ne4 9. Nc3 Nec5 10. Nb5 e4 11. Nfd4 Be5 12. Rb1 Qg5 13. Nxf5 Qxf5 14. Bg4 Qg5 15. Bxe5 Qxe5 16. Nc3 Nf6 17. Bh3 Nd3 18. Re1 Qf4 19. Re2 Ng4 20. Bxg4 Qxg4 21. Rxe4 Qxd1+ 22. Rxd1 Rae8 23. f3 f5 24. Re3 Nc5 25. Rde1 Rxe3 26. Rxe3 f4 27. Re7 c6 28. dxc6 bxc6 29. Rxa7 Re8
Nx8za,1k6/1P6/1K6/6B1/6P1/8/4p3/8 b - - 0 55,e2e1q g5f4 e1e5 f4e5,836,95,93,99,endgame mate mateIn2 short,https://lichess.org/wGRVpVY0/black#110,,2,"(800, 900]",True,wGRVpVY0,1. e4 c6 2. Nf3 d5 3. Nc3 dxe4 4. Nxe4 Nf6 5. Qe2 Nxe4 6. Qxe4 Be6 7. Bc4 Bxc4 8. Qxc4 e6 9. O-O Bd6 10. b3 Qf6 11. d4 O-O 12. Bb2 Nd7 13. Rab1 Rfd8 14. d5 Ne5 15. Nxe5 Bxe5 16. Bxe5 Qxe5 17. dxc6 Rac8 18. Rfd1 Rf8 19. Qd4 Qxd4 20. Rxd4 Rxc6 21. c4 Rc7 22. Rbd1 g6 23. Rd7 Rfc8 24. Kf1 Kf8 25. Ke2 Ke8 26. Rxc7 Rxc7 27. Ke3 Ke7 28. Rd4 Rc5 29. b4 Re5+ 30. Re4 Rg5 31. g3 a5 32. a3 b6 33. h4 Rh5 34. f4 h6 35. Re5 Rxe5+ 36. fxe5 axb4 37. axb4 Kd7 38. Kd4 Kc6 39. b5+ Kc7 40. c5 Kb7 41. cxb6 Kxb6 42. Kc4 g5 43. hxg5 hxg5 44. g4 Kb7 45. Kc5 Kc7 46. b6+ Kb7 47. Kb5 Kb8 48. Kc6 Kc8 49. b7+ Kb8 50. Kb6 f5 51. exf6 e5 52. f7 e4 53. f8=B e3 54. Bh6 e2 55. Bxg5
iz5vI,8/p2q2kp/bp3pp1/7N/1P1pP1N1/P1rP1Q1P/6P1/6K1 b - - 6 33,g6h5 f3f6 g7g8 g4h6,995,86,89,287,endgame mate mateIn2 short,https://lichess.org/HzjRsE6g/black#66,,2,"(900, 1000]",True,HzjRsE6g,1. d4 d5 2. e3 Nf6 3. Nf3 g6 4. Bd3 Bg7 5. O-O O-O 6. Nc3 b6 7. Bd2 Bb7 8. a3 Ne4 9. Re1 c5 10. dxc5 Nxc5 11. b4 Nxd3 12. cxd3 e5 13. e4 d4 14. Na2 Nd7 15. Rc1 Rc8 16. Qe2 Qe7 17. Bg5 f6 18. Bd2 Rfd8 19. h3 Nf8 20. Nh2 Ne6 21. Rf1 Qd7 22. f4 Rxc1 23. Bxc1 Rc8 24. Bd2 Rc2 25. Nc1 Nxf4 26. Qd1 Rc8 27. Bxf4 exf4 28. Rxf4 Bh6 29. Ne2 Bxf4 30. Nxf4 Rc3 31. Ng4 Kg7 32. Qf3 Ba6 33. Nh5+
F96Cn,1R6/P4k2/1p3p2/6pp/8/6PK/r6P/8 w - - 2 40,a7a8q g5g4 h3h4 a2h2,990,90,91,536,deflection endgame mate mateIn2 queenRookEndgame short,https://lichess.org/FCW41bGE#79,,2,"(900, 1000]",True,FCW41bGE,1. Nf3 d5 2. g3 e6 3. Bg2 Be7 4. O-O Nf6 5. d3 O-O 6. Nbd2 b6 7. e4 dxe4 8. Ng5 Bb7 9. Ngxe4 Nxe4 10. Nxe4 Qc8 11. a4 Nd7 12. a5 c5 13. Bf4 e5 14. Bd2 Nf6 15. Nxf6+ Bxf6 16. a6 Bxg2 17. Kxg2 c4 18. dxc4 Qxc4 19. Bc3 Rac8 20. Re1 Rfe8 21. Qe2 Qc6+ 22. Qe4 Qe6 23. Rad1 Rc4 24. Qb7 Qc6+ 25. Qxc6 Rxc6 26. Rd7 Ra8 27. f4 exf4 28. Rxa7 Rac8 29. Rb7 f3+ 30. Kxf3 Bxc3 31. bxc3 Rxc3+ 32. Kg2 Rxc2+ 33. Kh3 h5 34. a7 Ra2 35. Rb8 Rf8 36. Re7 g5 37. Reb7 f6 38. Rxf8+ Kxf8 39. Rb8+ Kf7
kvltY,4r2k/1pq3p1/p3r2p/8/3Q4/7P/PP1R1PP1/3R2K1 w - - 1 31,d4d7 e6e1 d1e1 e8e1,949,81,100,522,endgame mate mateIn2 short,https://lichess.org/U70JsaFD#61,,2,"(900, 1000]",True,U70JsaFD,1. d4 d5 2. Bf4 e6 3. e3 Be7 4. Nf3 Nf6 5. c3 O-O 6. Nbd2 c5 7. Bd3 cxd4 8. exd4 Nc6 9. O-O Na5 10. Ne5 Qb6 11. Rb1 Nc6 12. Ndf3 Nd7 13. Nxd7 Bxd7 14. Ne5 Nxe5 15. dxe5 f6 16. exf6 Bxf6 17. Qh5 h6 18. Bg6 Be8 19. Be3 Qc6 20. Rbd1 Bxg6 21. Qxg6 Kh8 22. Bd4 e5 23. Be3 Rae8 24. Rd2 Re6 25. Qd3 d4 26. cxd4 exd4 27. Bxd4 a6 28. Rfd1 Bxd4 29. Qxd4 Rfe8 30. h3 Qc7
4QUYs,6r1/pQ1nk3/2pq1n2/B1Np4/3Pp2p/4P2r/PP2BRP1/2R3K1 w - - 3 26,c5d7 d6h2 g1f1 h2h1,963,78,68,134,kingsideAttack mate mateIn2 middlegame pin short,https://lichess.org/mvN2sbvD#51,,2,"(900, 1000]",True,mvN2sbvD,1. d4 e5 2. c4 e4 3. Nc3 f5 4. f3 Nf6 5. fxe4 fxe4 6. e3 c6 7. Be2 d5 8. Bd2 Be6 9. c5 Nbd7 10. Qb3 Qc7 11. Nh3 Be7 12. Nf4 Bf7 13. O-O O-O-O 14. Rac1 g5 15. Nh3 h5 16. Nxg5 Rdg8 17. Nxf7 Rh7 18. Nd6+ Bxd6 19. cxd6 Qxd6 20. Na4 Rhg7 21. Rf2 h4 22. h3 Rg3 23. Nc5 Rxh3 24. Qxb7+ Kd8 25. Ba5+ Ke7
6zFvF,rn2r1k1/p1b2ppp/2pq1n2/2Np4/1P6/P2P1b1P/3BBPP1/R2QR1K1 w - - 0 17,e2f3 d6h2 g1f1 h2h1,984,89,87,180,kingsideAttack mate mateIn2 opening short,https://lichess.org/09BBkX4u#33,French_Defense French_Defense_Knight_Variation,2,"(900, 1000]",True,09BBkX4u,1. e4 e6 2. Nf3 d5 3. exd5 exd5 4. d3 Nf6 5. Nc3 Bb4 6. Bd2 O-O 7. Be2 c6 8. O-O Bg4 9. a3 Ba5 10. h3 Bh5 11. b4 Bc7 12. Na4 b6 13. c4 Re8 14. Re1 Qd6 15. c5 bxc5 16. Nxc5 Bxf3
ldmuu,1k6/1p6/p1q2p2/2p5/5P2/2P1Q1P1/PPKR4/7r w - - 8 35,e3d3 c6a4 b2b3 a4a2,1051,83,92,642,endgame mate mateIn2 short,https://lichess.org/N0OzIaWg#69,,2,"(1000, 1100]",True,N0OzIaWg,1. e4 e5 2. Nf3 Nc6 3. Bc4 h6 4. c3 Nf6 5. d4 Nxe4 6. Qe2 Ng5 7. Nxe5 Nxe5 8. Qxe5+ Be7 9. Bxg5 hxg5 10. Nd2 d6 11. Qe3 Bd7 12. O-O-O f5 13. f4 g4 14. g3 a6 15. Rde1 c6 16. Be6 Qc7 17. Re2 O-O-O 18. Rhe1 Bxe6 19. Qxe6+ Rd7 20. Qxf5 Bf6 21. Qxg4 Kb8 22. Ne4 Qa5 23. Nxf6 gxf6 24. Kb1 Rhd8 25. Re6 c5 26. dxc5 dxc5 27. Qf3 Rd2 28. Re8 Qb6 29. Rxd8+ Qxd8 30. Kc1 Rxh2 31. Qe3 Qb6 32. Re2 Rh1+ 33. Kc2 Qd6 34. Rd2 Qc6
k43ll,6k1/5pb1/4p1pp/2Q1P3/p1P4P/5bB1/PP2qRK1/8 w - - 0 34,g2g1 e2e1 f2f1 e1g3,1093,80,96,3286,endgame mate mateIn2 short,https://lichess.org/ddUjiM9G#67,,2,"(1000, 1100]",True,ddUjiM9G,1. e4 c5 2. Nf3 Nc6 3. d4 cxd4 4. Nxd4 g6 5. Nc3 Bg7 6. Nxc6 bxc6 7. Bc4 d6 8. O-O Qc7 9. f4 Nf6 10. Qe2 O-O 11. e5 dxe5 12. fxe5 Nd5 13. Re1 Be6 14. Nxd5 Bxd5 15. Bd3 c5 16. c4 Bb7 17. Bg5 h6 18. Bh4 Rad8 19. Rad1 a5 20. Bg3 e6 21. h4 Qc6 22. Qf2 Rd4 23. Rf1 a4 24. Be2 Rxd1 25. Rxd1 Qe4 26. Bd3 Qg4 27. Re1 Rd8 28. Be2 Qf5 29. Qxc5 Rd2 30. Rf1 Qe4 31. Bf3 Rxg2+ 32. Kxg2 Qe2+ 33. Rf2 Bxf3+
5e4pq,r1b4k/ppp3pp/1bB5/8/5r2/5N2/PP3PPP/RN1R2K1 b - - 0 15,b7c6 d1d8 f4f8 d8f8,1021,122,65,30,backRankMate mate mateIn2 middlegame short,https://lichess.org/SF8XCfFs/black#30,Italian_Game Italian_Game_Giuoco_Piano,2,"(1000, 1100]",True,SF8XCfFs,1. e4 e5 2. Nf3 Nc6 3. Bc4 Bc5 4. O-O d6 5. c3 Nf6 6. d4 exd4 7. cxd4 Bb6 8. e5 dxe5 9. dxe5 Qxd1 10. Rxd1 Nd7 11. Bf4 O-O 12. e6 fxe6 13. Bxe6+ Kh8 14. Bxd7 Rxf4 15. Bxc6
5jHIc,4k3/1p2pp1R/2p5/p1qp3Q/Pn3P2/NP1PP3/1Kr5/B7 w - - 0 30,a3c2 c5c2 b2a3 c2a2,1029,94,93,1691,endgame mate mateIn2 short,https://lichess.org/HpR1zwkm#59,,2,"(1000, 1100]",True,HpR1zwkm,1. b3 d5 2. Bb2 Nf6 3. g3 g6 4. e3 Bg7 5. Bg2 c6 6. a4 a5 7. Nf3 Bg4 8. d3 Na6 9. h3 Be6 10. Ne5 Qc8 11. Ng4 Nxg4 12. Bxg7 Rg8 13. Bc3 Nb4 14. hxg4 Bxg4 15. f3 Be6 16. Rxh7 Qc7 17. f4 g5 18. Be5 Qb6 19. Qe2 gxf4 20. gxf4 Kd7 21. Na3 Bg4 22. Bh3 Bxh3 23. Rxh3 Rg1+ 24. Kd2 Rxa1 25. Bxa1 Rg8 26. Rh7 Ke8 27. Qh5 Rg2+ 28. Kc3 Qc5+ 29. Kb2 Rxc2+
GtHTd,3QR3/2p2rkp/1p4p1/p4p2/2q5/P6P/1PP3P1/6K1 b - - 2 29,c4c2 e8g8 g7h6 d8h4,1083,79,92,801,endgame mate mateIn2 short,https://lichess.org/yWrOAUDU/black#58,,2,"(1000, 1100]",True,yWrOAUDU,1. Nc3 Nf6 2. e4 e5 3. f4 d5 4. fxe5 Nxe4 5. Nxe4 dxe4 6. d4 exd3 7. Bxd3 Bc5 8. Nf3 Bg4 9. h3 Bxf3 10. Qxf3 O-O 11. Be3 Bxe3 12. Qxe3 Nc6 13. O-O Qe7 14. Rae1 Rae8 15. e6 f6 16. a3 a6 17. Qe4 g6 18. Bc4 f5 19. Qd5 Rd8 20. Qf3 Qc5+ 21. Qf2 Qxc4 22. e7 Nxe7 23. Rxe7 Rf7 24. Rfe1 Rdf8 25. R1e6 b6 26. Re8 a5 27. Qd2 Rxe8 28. Rxe8+ Kg7 29. Qd8
mPZrZ,6r1/R2R1Qpk/1p2p1p1/4q3/2r3Bn/7P/5PP1/6K1 w - - 5 33,g4e6 c4c1 d7d1 c1d1,1134,93,82,44,mate mateIn2 middlegame short,https://lichess.org/MQ8xQu0B#65,,2,"(1100, 1200]",True,MQ8xQu0B,1. e4 d5 2. exd5 Nf6 3. d4 Nxd5 4. Nc3 Nxc3 5. bxc3 Bf5 6. Nf3 e6 7. Bd3 Bg4 8. h3 Bh5 9. O-O Qd5 10. Be2 Nc6 11. c4 Qd7 12. c3 Bg6 13. Bf4 Bd6 14. Bxd6 cxd6 15. Nh4 Ne7 16. Bf3 Rc8 17. Nxg6 hxg6 18. Rb1 b6 19. Be2 Kf8 20. Qd3 Nf5 21. Ra1 Qe7 22. a4 Qg5 23. a5 Nh4 24. Qg3 Qd2 25. Qxd6+ Kg8 26. Bg4 Qxc3 27. axb6 axb6 28. Qd7 Rxc4 29. Ra7 Qxd4 30. Qxf7+ Kh7 31. Rd1 Qe5 32. Rdd7 Rg8
TMIoF,1r1r3k/p5p1/6Pp/Q6P/8/8/Pq3P2/KR6 w - - 0 39,b1b2 d8d1 b2b1 d1b1,1117,158,57,29,endgame mate mateIn2 queenRookEndgame short,https://lichess.org/vsEHIpb0#77,,2,"(1100, 1200]",True,vsEHIpb0,1. e4 d5 2. d3 dxe4 3. d4 Nf6 4. Be3 Bf5 5. Nc3 e6 6. Qd2 Bb4 7. h3 O-O 8. Nge2 Nbd7 9. g4 Bg6 10. Bg2 c6 11. g5 Nd5 12. h4 Bxc3 13. Nxc3 Nxe3 14. Qxe3 f6 15. h5 Bf5 16. g6 h6 17. O-O-O Nb6 18. Bxe4 Bxe4 19. Nxe4 Nd5 20. Qh3 f5 21. Nc5 Qd6 22. Nxb7 Qf4+ 23. Kb1 Rfb8 24. Nc5 Qd6 25. Rhe1 Nf4 26. Qg3 Rd8 27. Rxe6 Nxe6 28. Nxe6 Qxe6 29. Qc7 Rdc8 30. Qa5 Qd5 31. Qa6 c5 32. c3 Qe4+ 33. Ka1 cxd4 34. cxd4 Qxd4 35. Qe6+ Kh8 36. Rb1 Rab8 37. Qxf5 Rd8 38. Qa5 Qxb2+
uBkKh,2r3k1/1bqrbp1p/p5nQ/Pp1P1p1N/1Pp5/5B2/5PPP/1RR3K1 b - - 8 31,e7f8 h5f6 g8h8 h6h7,1108,75,97,8593,fork mate mateIn2 middlegame short,https://lichess.org/fz987aTL/black#62,,2,"(1100, 1200]",True,fz987aTL,1. d4 c5 2. dxc5 e6 3. Nf3 Bxc5 4. e3 d5 5. Be2 Nc6 6. O-O Nf6 7. a3 O-O 8. b4 Be7 9. Bb2 a6 10. Nbd2 b5 11. c4 dxc4 12. Qc2 Qc7 13. Bc3 Bb7 14. Rfc1 Rfd8 15. Rab1 Rd7 16. a4 Bd8 17. a5 Rc8 18. Nf1 Nb8 19. Ng3 Be7 20. Be5 Bd6 21. Bxf6 gxf6 22. Nh5 Be7 23. Nd4 f5 24. Qd1 e5 25. Bf3 exd4 26. exd4 Nc6 27. d5 Ne5 28. Qd4 Bd6 29. Qh4 Ng6 30. Qg5 Be7 31. Qh6
I2KiJ,2k5/8/1p1R4/3Pp3/1KP1P2P/1Q4P1/8/4q3 w - - 3 51,b4b5 e1a5 b5c6 a5c5,1123,76,97,816,endgame mate mateIn2 short,https://lichess.org/NRuHmVC9#101,,2,"(1100, 1200]",True,NRuHmVC9,1. e4 g6 2. d4 Bg7 3. c4 c5 4. d5 d6 5. Nc3 f5 6. Bd3 fxe4 7. Bxe4 Na6 8. a3 Nf6 9. Bd3 Nc7 10. Qc2 e5 11. Bxg6+ hxg6 12. Qxg6+ Kf8 13. Bg5 Qe8 14. Qc2 Qh5 15. Be3 Bf5 16. Qb3 b6 17. Nge2 Qh4 18. h3 Ne4 19. g3 Qe7 20. h4 Nxc3 21. Nxc3 Bh6 22. O-O-O Bxe3+ 23. fxe3 Ke8 24. e4 Bg4 25. Rdf1 Kd7 26. Qa4+ Kc8 27. Nb5 Nxb5 28. Qxb5 Qd7 29. Qa6+ Qb7 30. Qa4 Bd7 31. Qb3 Kc7 32. Rf7 Raf8 33. Rhf1 Qc8 34. Qa4 a5 35. Qb3 Rxf7 36. Rxf7 Qe8 37. Rf3 Rg8 38. Qe3 Qg6 39. b4 axb4 40. axb4 cxb4 41. Kc2 Qg4 42. Kb3 Qh3 43. Kxb4 Qg2 44. Qa3 Kb7 45. Rf7 Rg7 46. Rxg7 Qd2+ 47. Qc3 Qd1 48. Rxd7+ Kc8 49. Rxd6 Qb1+ 50. Qb3 Qe1+
OKRjK,2r1kb1r/pp4pp/2n1Pp2/3pB3/3P4/2P2QP1/Pq1NK2P/8 b k - 3 17,f6e5 f3f7 e8d8 f7d7,1126,77,100,386,mate mateIn2 middlegame short,https://lichess.org/3GVaVjVt/black#34,Kings_Gambit_Declined Kings_Gambit_Declined_Falkbeer_Countergambit,2,"(1100, 1200]",True,3GVaVjVt,1. e4 e5 2. f4 d5 3. d4 Nc6 4. fxe5 Qh4+ 5. g3 Qxe4+ 6. Ne2 Qxh1 7. Bf4 Bh3 8. Nd2 Nge7 9. c3 Nf5 10. Qc2 Ne3 11. Qd3 Bxf1 12. Qxe3 Bxe2+ 13. Kxe2 Qxa1 14. e6 f6 15. Bxc7 Qxb2 16. Qf3 Rc8 17. Be5
5Xv2X,3rr2k/1b4pp/p4p2/1pq1pP2/8/1BP1R2Q/PP4PP/R6K b - - 5 26,d8d2 h3h7 h8h7 e3h3,1215,76,96,4655,attraction kingsideAttack mate mateIn2 middlegame pillsburysMate sacrifice short,https://lichess.org/IrsFakgj/black#52,,2,"(1200, 1300]",True,IrsFakgj,1. e4 a6 2. d4 d6 3. Bd3 Nc6 4. c3 e5 5. Ne2 Nf6 6. O-O Be7 7. d5 Nb8 8. f4 Nbd7 9. f5 b5 10. Ng3 c6 11. dxc6 Qb6+ 12. Kh1 Qxc6 13. Nd2 Nc5 14. Bc2 Bb7 15. Qe2 O-O 16. Re1 d5 17. exd5 Qxd5 18. Nde4 Rfe8 19. Nxf6+ Bxf6 20. Be3 Bh4 21. Bxc5 Qxc5 22. Qg4 Bxg3 23. Qxg3 f6 24. Bb3+ Kh8 25. Re3 Rad8 26. Qh3
x9Qz6,1k6/ppp1qB2/2p3p1/8/5PQ1/2NP4/PPP2KP1/R1B4r w - - 3 26,f7g6 e7e1 f2f3 h1f1,1237,81,93,1225,mate mateIn2 middlegame short,https://lichess.org/WZeE5uPr#51,,2,"(1200, 1300]",True,WZeE5uPr,1. e4 e5 2. Nf3 Nf6 3. Nxe5 Nc6 4. Nxc6 dxc6 5. Nc3 Bc5 6. Bc4 Qd4 7. Qe2 Ng4 8. O-O Bd6 9. h3 Bh2+ 10. Kh1 h6 11. hxg4 h5 12. gxh5 g6 13. Kxh2 Rxh5+ 14. Kg1 Qf6 15. Qf3 Bf5 16. exf5 Rxf5 17. Qg3 O-O-O 18. Qg4 Kb8 19. d3 Rh8 20. Re1 Qd6 21. f4 Rfh5 22. Bxf7 Rh1+ 23. Kf2 Rxe1 24. Kxe1 Rh1+ 25. Kf2 Qe7
0sjQB,r2q2rk/4bppp/p1p1p3/3pQ3/3P4/2N4R/PPP2PPP/4R1K1 b - - 0 19,e7f6 h3h7 h8h7 e5h5,1270,82,58,80,attraction kingsideAttack mate mateIn2 middlegame sacrifice short,https://lichess.org/sFVmRnDq/black#38,Caro-Kann_Defense Caro-Kann_Defense_Other_variations,2,"(1200, 1300]",True,sFVmRnDq,1. e4 c6 2. Nc3 d5 3. exd5 cxd5 4. d4 Nf6 5. Nf3 Nc6 6. Bf4 Bg4 7. Bb5 e6 8. O-O Bxf3 9. Qxf3 a6 10. Bxc6+ bxc6 11. Rfe1 Be7 12. Be5 O-O 13. Qg3 Kh8 14. Re3 Rg8 15. Rae1 Nh5 16. Qf3 Nf6 17. Qf4 Nd7 18. Rh3 Nxe5 19. Qxe5
afGJE,5r1k/p5p1/R2P1p1p/2P4P/5qn1/1B3R2/2P1QK2/8 w - - 11 34,f2g2 f4h2 g2f1 h2h1,1211,82,69,41,mate mateIn2 middlegame short,https://lichess.org/1KB3ig5G#67,,2,"(1200, 1300]",True,1KB3ig5G,1. e4 c6 2. d4 d5 3. f3 f6 4. Nc3 dxe4 5. fxe4 e5 6. d5 Bb4 7. Nf3 Ne7 8. Bc4 b5 9. Bb3 Bc5 10. a3 Ba6 11. h4 b4 12. axb4 Bxb4 13. h5 h6 14. Be3 Qd7 15. Kf2 Bxc3 16. bxc3 cxd5 17. exd5 Nf5 18. c4 Nxe3 19. Kxe3 O-O 20. c5 Qg4 21. d6+ Kh8 22. Qd5 Qxg2 23. Rh2 Qg3 24. Qxa8 Qf4+ 25. Kf2 e4 26. Rh3 exf3 27. Rxa6 Qd2+ 28. Kxf3 Nd7 29. Qe4 Ne5+ 30. Kg3 Qg5+ 31. Kf2 Qd2+ 32. Qe2 Qf4+ 33. Rf3 Ng4+
eTanE,3R4/3Q1pk1/1p4Rp/1Pr1p3/r1P1Pp1q/5P1P/4KP2/8 b - - 8 37,g7g6 d8g8 g6h7 d7f7,1241,76,95,5719,deflection endgame mate mateIn2 short,https://lichess.org/Xa2KxjZe/black#74,,2,"(1200, 1300]",True,Xa2KxjZe,1. e4 e5 2. Nf3 Nc6 3. Nc3 Bc5 4. Bb5 d6 5. Bxc6+ bxc6 6. d3 Nf6 7. Bg5 h6 8. Bh4 g5 9. Bg3 Bg4 10. h3 Bh5 11. a3 Qe7 12. b4 Bd4 13. Qd2 Bxf3 14. gxf3 O-O-O 15. Rb1 Kd7 16. Ne2 Bb6 17. c4 a6 18. Nc3 Nh5 19. Ke2 Qf6 20. Rhf1 Nf4+ 21. Bxf4 gxf4 22. b5 axb5 23. cxb5 c5 24. Nd5 Qh4 25. a4 Ra8 26. Rh1 c4 27. Nxb6+ cxb6 28. Rb4 Rhc8 29. dxc4 Rc5 30. Rd1 Qf6 31. Rb3 Rxa4 32. Rd3 Ke8 33. Rxd6 Qh4 34. Rd8+ Ke7 35. Qd7+ Kf6 36. Rd6+ Kg7 37. Rg6+
vgW60,7k/R4Qp1/1pp2p1p/6q1/8/2P4P/PP3PP1/3r2K1 w - - 1 28,g1h2 g5f4 g2g3 f4f2,1305,78,96,11887,endgame mate mateIn2 short,https://lichess.org/bxiOCkZQ#55,,2,"(1300, 1400]",True,bxiOCkZQ,1. e4 e6 2. d4 Be7 3. Nf3 Nf6 4. Bd3 O-O 5. Nc3 d6 6. e5 dxe5 7. dxe5 Nfd7 8. O-O Nc5 9. Bc4 Nbd7 10. Be3 f6 11. Bxc5 Bxc5 12. Bxe6+ Kh8 13. Qd5 c6 14. Qc4 b6 15. Ne4 Nxe5 16. Qb3 Bd6 17. Bxc8 Rxc8 18. Nxd6 Qxd6 19. Nxe5 Qxe5 20. Rfe1 Qc5 21. h3 h6 22. Rad1 Rfe8 23. Qf7 Rxe1+ 24. Rxe1 Qf5 25. Re7 Qg5 26. Rxa7 Rd8 27. c3 Rd1+
euST8,r4k1B/ppp3Rp/2nb1p2/1B1p1b2/8/1PK1pq2/P1PP3P/RN1Q4 w - - 3 15,d1f3 d6e5 d2d4 e5d4,1391,81,94,20980,mate mateIn2 middlegame short,https://lichess.org/ycLaUyjj#29,Nimzo-Larsen_Attack Nimzo-Larsen_Attack_Modern_Variation,2,"(1300, 1400]",True,ycLaUyjj,1. b3 e5 2. e3 d5 3. Bb2 Nc6 4. Bb5 Bd6 5. f4 exf4 6. Bxg7 fxe3 7. Bxh8 Qh4+ 8. Ke2 Qf2+ 9. Kd3 Bf5+ 10. Kc3 f6 11. Nf3 Qxg2 12. Rg1 Qxf3 13. Rxg8+ Kf7 14. Rg7+ Kf8
NleyM,r3k2r/pp1n1pp1/2p1p1p1/q7/1bQP4/2N1BN2/2P2PPP/2KRR3 w kq - 2 17,e3d2 a5a1 c3b1 b4a3,1394,76,90,3183,mate mateIn2 middlegame queensideAttack short,https://lichess.org/0HUtPez5#33,Scandinavian_Defense Scandinavian_Defense_Mieses-Kotroc_Variation,2,"(1300, 1400]",True,0HUtPez5,1. e4 d5 2. exd5 Qxd5 3. Nc3 Qd8 4. d4 Nf6 5. Nf3 Bf5 6. Bd3 Bg6 7. Be3 e6 8. Qd2 Bb4 9. O-O-O Nbd7 10. a3 Ba5 11. Rhe1 Nd5 12. Bxg6 hxg6 13. b4 Nxb4 14. axb4 Bxb4 15. Qd3 c6 16. Qc4 Qa5
QX7ZO,3r3r/p1p2pp1/1pkPp1q1/8/3P4/P1Q2R2/3n2PP/1R4K1 b - - 1 24,c6d7 c3c7 d7e8 c7e7,1321,77,73,102,mate mateIn2 middlegame short,https://lichess.org/YR7l7gFO/black#48,,2,"(1300, 1400]",True,YR7l7gFO,1. e4 d5 2. exd5 Qxd5 3. Nc3 Qa5 4. Nf3 Nf6 5. d3 Nc6 6. Be2 Bg4 7. a3 O-O-O 8. O-O e6 9. b4 Nxb4 10. Bd2 Nc6 11. Ne4 Qh5 12. Ng3 Qg6 13. c4 Bd6 14. Rb1 h5 15. Qb3 b6 16. d4 h4 17. c5 hxg3 18. cxd6 gxf2+ 19. Rxf2 Ne4 20. Ba6+ Kd7 21. Bb5 Bxf3 22. Rxf3 Nxd2 23. Bxc6+ Kxc6 24. Qc3+
2wXta,8/Bp3k1p/8/6R1/5pp1/PP4nP/4r1P1/6K1 w - - 3 35,g5g4 e2e1 g1f2 e1f1,1303,78,94,565,endgame hookMate mate mateIn2 short,https://lichess.org/drOV33OV#69,,2,"(1300, 1400]",True,drOV33OV,1. d4 c5 2. dxc5 e5 3. e4 Bxc5 4. Nf3 d6 5. Nc3 Bg4 6. h3 Bxf3 7. Qxf3 Nf6 8. Bc4 Nbd7 9. O-O Qb6 10. Na4 Qb4 11. Nxc5 Nxc5 12. b3 Ncxe4 13. a3 Qb6 14. Be3 Qc7 15. Rad1 O-O 16. Bd3 d5 17. Bxe4 dxe4 18. Qg3 g6 19. Bd4 Rfe8 20. f4 Nh5 21. Qc3 Qxc3 22. Bxc3 exf4 23. Rf2 g5 24. Re1 e3 25. Rff1 Rac8 26. Bb2 Rxc2 27. Bd4 Rd8 28. Bxa7 e2 29. Rf2 Rd1 30. Rxe2 Rxe2 31. Rxd1 f5 32. Rd5 g4 33. Rxf5 Ng3 34. Rg5+ Kf7
aEO4c,6k1/R7/1p4K1/1PprPP2/3n4/8/8/8 b - - 2 59,d5e5 a7a8 e5e8 a8e8,1401,75,86,208,endgame mate mateIn2 short,https://lichess.org/GnpruWO8/black#118,,2,"(1400, 1500]",True,GnpruWO8,1. d4 d5 2. c4 e6 3. Nc3 c5 4. Nf3 Nf6 5. Bg5 Be7 6. e3 b6 7. b3 Ba6 8. Be2 Nbd7 9. O-O O-O 10. Rc1 dxc4 11. bxc4 Bb7 12. Bd3 h6 13. Bh4 Qc7 14. Nb5 Qc6 15. Qc2 g5 16. Bg3 g4 17. d5 exd5 18. Ne5 Nxe5 19. Bxe5 dxc4 20. f3 cxd3 21. Qxd3 Ba6 22. a4 Rad8 23. Qf5 Qe6 24. fxg4 Qxf5 25. gxf5 Bxb5 26. axb5 Ng4 27. Bf4 Bg5 28. Bxg5 hxg5 29. Rf3 f6 30. h3 Ne5 31. Rg3 Rd3 32. h4 Nf7 33. Ra1 Rd7 34. e4 Rfd8 35. Kh2 Kh7 36. Re3 g4 37. Rea3 Ra8 38. Kg3 Ne5 39. Rh1 Rd3+ 40. Rxd3 Nxd3 41. Kxg4 Ne5+ 42. Kf4 Rd8 43. g4 Rd3 44. Rf1 Rb3 45. g5 Nd3+ 46. Kg4 Ne5+ 47. Kf4 Kg7 48. h5 Nd3+ 49. Kg4 fxg5 50. Kxg5 Ne5 51. h6+ Kh7 52. Kh5 Rh3+ 53. Kg5 Rxh6 54. Ra1 Nf3+ 55. Kf4 Nd4 56. Rxa7+ Kg8 57. Kg5 Rd6 58. e5 Rd5 59. Kg6
vyvus,7k/3n2pp/4Q3/3p2N1/8/3q4/1P3KPP/r3B3 b - - 3 28,h7h6 e6e8 d7f8 e8f8,1408,94,72,23,endgame fork mate mateIn2 short,https://lichess.org/jc8z8TBL/black#56,,2,"(1400, 1500]",True,jc8z8TBL,1. e4 e6 2. d4 Nf6 3. Nc3 d5 4. e5 Nfd7 5. Nf3 Be7 6. Bd3 O-O 7. O-O a6 8. a4 b5 9. axb5 c6 10. bxa6 Bxa6 11. Bxa6 Nxa6 12. Bd2 c5 13. Nb5 cxd4 14. Nbxd4 Bc5 15. Bc3 f6 16. exf6 Qxf6 17. Qe2 Nc7 18. Nb5 Qd8 19. Nxc7 Qxc7 20. Qxe6+ Kh8 21. Ng5 Bxf2+ 22. Rxf2 Rxa1+ 23. Be1 Rxf2 24. Kxf2 Qc5+ 25. Kf1 Qc4+ 26. Kf2 Qxc2+ 27. Kf1 Qd3+ 28. Kf2
VQb2g,1k1r1r2/p2p3p/1R1b4/8/2q5/3N1QP1/P1P2PKP/1R6 b - - 0 31,a7b6 b1b6 b8a7 f3b7,1402,104,71,61,fork mate mateIn2 middlegame short,https://lichess.org/nL8eZEvb/black#62,,2,"(1400, 1500]",True,nL8eZEvb,1. d4 e5 2. dxe5 Nc6 3. Nf3 Qe7 4. Bg5 Qb4+ 5. Nc3 Qxb2 6. Bd2 Nb4 7. Nd4 c5 8. Rb1 Qa3 9. Rb3 Qa5 10. Nd5 cxd4 11. Nxb4 Qxe5 12. Nd3 Qf6 13. g3 b6 14. Bg2 Rb8 15. O-O Bb7 16. Re1 Bxg2 17. Kxg2 Bd6 18. e3 Nh6 19. exd4+ Kd8 20. Qc1 Qxd4 21. Bxh6 gxh6 22. Qxh6 Kc7 23. Qe3 Qd5+ 24. Qe4 Qa5 25. Qc4+ Kb7 26. Qxf7 Rbd8 27. Qf3+ Kb8 28. Qf6 Qd5+ 29. Qf3 Qc4 30. Reb1 Rhf8 31. Rxb6+
kfjcD,2b4R/4kpp1/p7/n1b5/4Pq2/2R3p1/PPP1Q1P1/7K w - - 0 27,c3c5 f4c1 e2d1 c1d1,1489,75,100,424,endgame mate mateIn2 short,https://lichess.org/iOIUoqUq#53,,2,"(1400, 1500]",True,iOIUoqUq,1. e4 d6 2. Nf3 c6 3. d4 Nf6 4. Nc3 Qa5 5. Bd3 e5 6. dxe5 dxe5 7. Bd2 Qc7 8. O-O h6 9. Nxe5 Qxe5 10. f4 Qd4+ 11. Kh1 Ng4 12. Qe2 Bc5 13. h3 h5 14. Rf3 b5 15. Bxb5 cxb5 16. Nxb5 Qd7 17. Ba5 a6 18. Nc7+ Kf8 19. Nxa8 Nc6 20. Rd1 Qb7 21. Nc7 Nxa5 22. Rd8+ Ke7 23. Rxh8 Qxc7 24. hxg4 hxg4 25. Rg3 Qxf4 26. Rc3 g3
KEajm,3r3k/1p1P1Qpp/1pn5/6q1/1P3p1n/P5P1/1B3P1P/3R2K1 b - - 0 32,f4g3 f7e8 d8e8 d7e8q,1461,76,15,69,advancedPawn mate mateIn2 middlegame promotion short,https://lichess.org/f4fwCZHR/black#64,,2,"(1400, 1500]",True,f4fwCZHR,1. b3 e5 2. Bb2 d6 3. Nf3 c5 4. e3 Ne7 5. Be2 Ng6 6. O-O Be7 7. d4 cxd4 8. exd4 e4 9. Nfd2 d5 10. c4 Be6 11. cxd5 Bxd5 12. Bc4 O-O 13. Nc3 Bxc4 14. Nxc4 Nc6 15. Nxe4 Qd5 16. Re1 Bb4 17. Re2 Rad8 18. g3 Qh5 19. a3 Ba5 20. b4 Bb6 21. Nxb6 axb6 22. Rd2 Qd5 23. Qc2 f5 24. Ng5 Rfe8 25. Rad1 f4 26. Re2 Rxe2 27. Qxe2 Qxg5 28. Qe6+ Kh8 29. d5 Nce7 30. Qf7 Nh4 31. d6 Nc6 32. d7
jqyp6,7k/4Q2p/4p1pP/3qP1P1/2pK1P2/1p1p4/r6R/2r3BR w - - 10 38,d4e3 c1e1 h2e2 e1e2,1584,74,89,192,mate mateIn2 middlegame short,https://lichess.org/JwnJCaHS#75,,2,"(1500, 1600]",True,JwnJCaHS,1. e4 e5 2. Nf3 Nc6 3. d4 exd4 4. Bc4 d6 5. Nxd4 Nxd4 6. Qxd4 Nf6 7. Nc3 Be7 8. Be3 O-O 9. O-O-O Be6 10. Bxe6 fxe6 11. Qc4 Qd7 12. f4 Kh8 13. h3 a5 14. g4 c6 15. e5 Ne8 16. Rd2 d5 17. Qd3 b5 18. h4 a4 19. h5 b4 20. Nb1 b3 21. cxb3 axb3 22. a3 c5 23. g5 c4 24. Qc3 Nc7 25. Rg2 Nb5 26. Qe1 d4 27. Bg1 d3 28. h6 g6 29. Nc3 Nxc3 30. Qxc3 Qc6 31. Rgh2 Bxa3 32. bxa3 Rxa3 33. Qb4 Rfa8 34. Qe7 Ra1+ 35. Kd2 R8a2+ 36. Kc3 Rc1+ 37. Kd4 Qd5+
KG4if,r3k1nr/pR3pbp/2b1p1p1/1N1pP2P/3P1PP1/q2Q4/P2B4/4K1NR b Kkq - 2 18,a3d3 b5d6 e8f8 b7f7,1542,94,66,26,mate mateIn2 middlegame short,https://lichess.org/EIjUO1QQ/black#36,Caro-Kann_Defense Caro-Kann_Defense_Advance_Variation,2,"(1500, 1600]",True,EIjUO1QQ,1. e4 c6 2. d4 d5 3. e5 Bf5 4. g4 Bd7 5. Bd3 e6 6. f4 g6 7. h4 Bg7 8. h5 c5 9. c3 cxd4 10. cxd4 Qa5+ 11. Bd2 Qb6 12. Qc2 Nc6 13. Nc3 Nb4 14. Qb1 Nxd3+ 15. Qxd3 Qxb2 16. Rb1 Qa3 17. Rxb7 Bc6 18. Nb5
VO6rx,3rr3/ppp2N2/4p3/8/6k1/6Q1/PPP2K1P/3q4 b - - 1 32,g4f5 g3g5 f5e4 g5e5,1528,79,96,16696,endgame mate mateIn2 short,https://lichess.org/ZYWByRcg/black#64,,2,"(1500, 1600]",True,ZYWByRcg,1. e4 e5 2. d4 exd4 3. Bc4 Nf6 4. Nf3 Bc5 5. O-O O-O 6. Nbd2 h6 7. Nb3 Nxe4 8. Re1 d5 9. Bd3 Re8 10. Bxe4 Bb4 11. Bxh6 Bxe1 12. Bxg7 Bxf2+ 13. Kxf2 dxe4 14. Nfxd4 e3+ 15. Kg1 Kxg7 16. Qh5 e2 17. Nxe2 Qf6 18. Rf1 Qg6 19. Qf3 Nc6 20. Nf4 Ne5 21. Qc3 Qd6 22. Nd4 Be6 23. Nfxe6+ fxe6 24. Rf3 Nxf3+ 25. Nxf3+ Kf7 26. Ng5+ Kg6 27. Nf3 Qd1+ 28. Kf2 Rad8 29. Ne5+ Kf5 30. g4+ Kg5 31. Nf7+ Kxg4 32. Qg3+
cdQF5,7r/6rP/p6R/1p1pk3/5pp1/3K4/P1P5/7R b - - 3 43,g4g3 h1h5 g7g5 h5g5,1546,80,94,20047,endgame mate mateIn2 rookEndgame short,https://lichess.org/i7FGCy9K/black#86,,2,"(1500, 1600]",True,i7FGCy9K,1. e4 c5 2. Nf3 d6 3. d4 cxd4 4. Nxd4 Nf6 5. Nc3 a6 6. f3 e6 7. Be3 Be7 8. Qd2 Nbd7 9. Be2 Qc7 10. O-O-O b5 11. Kb1 Bb7 12. h4 Rc8 13. g4 Ne5 14. h5 h6 15. g5 hxg5 16. Bxg5 Nc4 17. Bxc4 Qxc4 18. h6 g6 19. Nb3 Qc7 20. Bxf6 Bxf6 21. Qxd6 Bxc3 22. bxc3 Qxc3 23. Qd7+ Kf8 24. Rh2 Qxf3 25. Rc1 Qxe4 26. Rd2 Qc6 27. Qxc6 Bxc6 28. Rh2 Ke7 29. Nd4 Bd5 30. Ne2 Kf6 31. Nf4 Kg5 32. Nxd5 exd5 33. Rg1+ Kf6 34. Rf2+ Ke6 35. Re1+ Kd6 36. Rh1 f5 37. Rd2 Rcg8 38. h7 Rg7 39. Rdh2 g5 40. Kc1 g4 41. Kd2 f4 42. Rh6+ Ke5 43. Kd3
aJLkv,5Bk1/5p2/p2pp1p1/1p6/4bP2/P1P3p1/2PQK1q1/2RR4 w - - 0 26,e2e1 g2g1 e1e2 g1f2,1504,75,96,2780,endgame mate mateIn2 short,https://lichess.org/Jaua2kMF#51,,2,"(1500, 1600]",True,Jaua2kMF,1. e4 c5 2. Nf3 d6 3. d4 cxd4 4. Nxd4 Nf6 5. Nc3 a6 6. Be2 b5 7. a3 Bb7 8. f3 Nbd7 9. Nf5 Rc8 10. Be3 g6 11. Ng3 Bg7 12. O-O h5 13. h4 Ne5 14. Rc1 e6 15. Qd2 O-O 16. f4 Neg4 17. Bd4 Rxc3 18. bxc3 Nxe4 19. Nxe4 Bxe4 20. Bxg4 hxg4 21. Bxg7 Qxh4 22. Bxf8 g3 23. Rfd1 Qh2+ 24. Kf1 Qh1+ 25. Ke2 Qxg2+
Kw4ZW,8/1R6/3p1kBp/2pPp2P/p1P5/q3bP2/8/1K5R b - - 3 38,e3d4 b7f7 f6g5 f7f5,1607,75,87,263,endgame master masterVsMaster mate mateIn2 operaMate short,https://lichess.org/DavvobM6/black#76,,2,"(1600, 1700]",True,DavvobM6,1. c4 Nf6 2. Nc3 g6 3. e4 d6 4. d4 Bg7 5. f3 O-O 6. Be3 e5 7. d5 Na6 8. Bd3 Ne8 9. Qd2 f5 10. exf5 gxf5 11. O-O-O b6 12. Nge2 Nc5 13. Bc2 f4 14. Bxc5 bxc5 15. h4 Bf5 16. Ne4 Rb8 17. N2c3 Rb4 18. Bd3 Nf6 19. Qc2 Nxe4 20. Nxe4 a5 21. h5 h6 22. Rdg1 Kh8 23. g4 fxg3 24. Rxg3 Bxe4 25. Bxe4 Bf6 26. Rhg1 Bg5+ 27. Kb1 Qf6 28. R1g2 Rfb8 29. a3 Rxb2+ 30. Qxb2 Rxb2+ 31. Rxb2 Qf4 32. Rg1 Kg7 33. Rb7 Qe3 34. Rd1 Qxa3 35. Rxc7+ Kf6 36. Rb7 a4 37. Bg6 Be3 38. Rh1
aHiuX,8/1b3Qpk/p2Bp2q/1p2Pp2/3P4/7P/P4PP1/7K w - - 5 35,d6f8 h6h3 h1g1 h3g2,1644,75,88,56,endgame mate mateIn2 pin short,https://lichess.org/ENB37x45#69,,2,"(1600, 1700]",True,ENB37x45,1. d4 c6 2. c4 d5 3. cxd5 cxd5 4. Bf4 Nc6 5. Nc3 e6 6. e3 Bb4 7. Bb5 Ne7 8. Nf3 Qa5 9. Bxc6+ Nxc6 10. Qb3 O-O 11. O-O Bxc3 12. bxc3 Qd8 13. Ne5 Nxe5 14. Bxe5 f6 15. Bg3 a6 16. c4 dxc4 17. Qxc4 b5 18. Qc6 Ra7 19. Rfc1 Bd7 20. Qc5 Ra8 21. Bd6 Re8 22. e4 Rc8 23. Qh5 Bc6 24. e5 f5 25. Rc3 Bb7 26. Rh3 h6 27. Qg6 Rc2 28. Rxh6 Qc8 29. h3 Rc1+ 30. Rxc1 Qxc1+ 31. Kh2 Qxh6 32. Qxe8+ Kh7 33. Qf7 Qf4+ 34. Kh1 Qh6
c586K,4Q3/6pp/B4p2/2k2P2/5P2/6KP/8/4b2q w - - 3 41,g3g4 h1g2 g4h5 g2h3,1646,75,95,12209,deflection endgame mate mateIn2 short,https://lichess.org/l8JAm4Uc#81,,2,"(1600, 1700]",True,l8JAm4Uc,1. e4 e5 2. Nf3 Nc6 3. Bb5 a6 4. Ba4 d6 5. O-O Bd7 6. d4 b5 7. Bb3 Nxd4 8. Nxd4 exd4 9. c3 dxc3 10. Nxc3 Nf6 11. Bg5 Be7 12. f4 O-O 13. Bc2 c5 14. Bxf6 Bxf6 15. Qxd6 Bd4+ 16. Kh1 Re8 17. Nd5 Be6 18. Qxd8 Raxd8 19. Nc7 Rd7 20. Nxe8 Kf8 21. Rad1 Kxe8 22. b3 f6 23. f5 Bf7 24. Rf3 Bh5 25. h3 Bxf3 26. gxf3 Ke7 27. Kg2 Kd6 28. f4 Ke7 29. Kf3 Bc3 30. Rxd7+ Kxd7 31. Bd3 Bd2 32. a4 c4 33. bxc4 bxa4 34. c5 Kc6 35. Bxa6 Kxc5 36. e5 a3 37. e6 a2 38. e7 a1=Q 39. e8=Q Qh1+ 40. Kg3 Be1+
PQsYz,1r5r/6k1/2Q3p1/p1PpPpq1/3P1p2/P6P/4NP1K/R4R2 w - - 3 33,f1g1 h8h3 h2h3 b8h8,1609,74,79,190,attraction mate mateIn2 middlegame sacrifice short,https://lichess.org/fb0ypqc7#65,,2,"(1600, 1700]",True,fb0ypqc7,1. d4 g6 2. c4 Bg7 3. Nc3 e6 4. e3 Ne7 5. Nf3 d5 6. Bd3 c6 7. Bd2 O-O 8. e4 a6 9. c5 b6 10. b4 Bd7 11. e5 f6 12. Qc1 f5 13. Bh6 bxc5 14. bxc5 a5 15. O-O Na6 16. Bxg7 Kxg7 17. Qe3 Nb4 18. Bb1 Ng8 19. a3 Na6 20. h3 Rb8 21. Ba2 f4 22. Qd2 Be8 23. Ne2 g5 24. Bb1 Nh6 25. Qd3 Nf5 26. Qxa6 Bg6 27. Bxf5 exf5 28. Qxc6 g4 29. Nh4 gxh3 30. Nxg6 hxg6 31. gxh3 Qg5+ 32. Kh2 Rh8
7fj9K,r2b1rk1/p5p1/3P4/5bQ1/2p3n1/2P3R1/P1P3PP/R1B2K2 w - - 2 31,g5d2 f5d3 f1e1 f8f1,1656,75,95,18038,discoveredCheck doubleCheck mate mateIn2 middlegame operaMate short,https://lichess.org/56nK7WAr#61,,2,"(1600, 1700]",True,56nK7WAr,1. e4 b6 2. d4 Bb7 3. Nc3 c6 4. f4 d5 5. Bd3 dxe4 6. Bxe4 e6 7. Nf3 f5 8. Bd3 Bd6 9. O-O Nf6 10. Ne5 Nbd7 11. Ne2 O-O 12. Bc4 Qe7 13. Ng3 b5 14. Nxf5 bxc4 15. Nxe7+ Bxe7 16. Nxd7 Nxd7 17. Qe2 c5 18. Qxe6+ Rf7 19. d5 Nf6 20. d6 Bd8 21. Re1 h6 22. f5 c3 23. Re3 Bc8 24. Qe5 Bb6 25. Rg3 h5 26. bxc3 c4+ 27. Kf1 Ng4 28. Qe8+ Rf8 29. Qxh5 Bxf5 30. Qg5 Bd8
sg3lh,2r3k1/P4pp1/4p2p/3p1qn1/8/6PP/RQ2RPK1/8 w - - 1 43,a7a8q f5h3 g2g1 g5f3,1788,75,90,259,mate mateIn2 middlegame short,https://lichess.org/0vOI5PP0#85,,2,"(1700, 1800]",True,0vOI5PP0,1. e4 c5 2. Nf3 Nc6 3. Bb5 e6 4. O-O Nge7 5. Re1 Ng6 6. c3 Be7 7. d4 cxd4 8. cxd4 d5 9. e5 O-O 10. Be3 Bd7 11. Bxc6 bxc6 12. Nc3 c5 13. dxc5 Rb8 14. Qc2 a5 15. Rac1 Qc7 16. Ne2 Qb7 17. c6 Bxc6 18. Qxc6 Qxb2 19. Rc2 Qa3 20. Bc5 Bxc5 21. Qxc5 Qa4 22. h3 h6 23. Rd2 Rfc8 24. Qe3 Rc4 25. Ned4 Rbc8 26. Kh2 Qb4 27. a3 Qb8 28. Ree2 Rc3 29. Rb2 Qa7 30. Qd2 Qe7 31. a4 R3c4 32. Qxa5 Qa3 33. Qa6 Re8 34. Qb5 Rec8 35. Ra2 Qd3 36. a5 Rxd4 37. Nxd4 Qxd4 38. a6 Nxe5 39. Qb2 Qf4+ 40. g3 Nf3+ 41. Kg2 Qf5 42. a7 Ng5
GXibY,8/q5kp/Pp1p2p1/2pPb1N1/2P5/P4R2/6PP/5K2 b - - 4 33,a7a6 g5e6 g7h8 f3f8,1769,77,85,411,endgame mate mateIn2 short,https://lichess.org/BpiGfFKB/black#66,,2,"(1700, 1800]",True,BpiGfFKB,1. d4 c5 2. d5 d6 3. c4 e5 4. e4 f5 5. exf5 Bxf5 6. Bd3 Bxd3 7. Qxd3 Nf6 8. Nc3 Be7 9. Nge2 O-O 10. Ng3 g6 11. O-O Na6 12. a3 Nc7 13. Nge4 a6 14. Bh6 Re8 15. Rae1 Bf8 16. Bg5 Bg7 17. Re3 Rf8 18. Rh3 Nce8 19. b4 b6 20. b5 Qd7 21. Rg3 Nxe4 22. Qxe4 Nf6 23. Bxf6 Rxf6 24. f4 exf4 25. Rxf4 Re8 26. Qf3 Rxf4 27. Qxf4 Bd4+ 28. Kf1 Rf8 29. Qxf8+ Kxf8 30. Rf3+ Kg7 31. bxa6 Qa7 32. Ne4 Be5 33. Ng5
cvt1O,r1b2rk1/1p3ppp/p4b2/5P1Q/P1BP4/2P3N1/1q4PP/R3R1K1 b - - 3 22,b2c3 h5f7 f8f7 e1e8,1781,75,92,520,kingsideAttack mate mateIn2 middlegame pin sacrifice short,https://lichess.org/jkO90mKF/black#44,,2,"(1700, 1800]",True,jkO90mKF,1. e4 c5 2. Nc3 d6 3. Bc4 e6 4. f4 Nf6 5. d3 Be7 6. Nf3 O-O 7. O-O Nc6 8. Qe1 Nd4 9. Nxd4 cxd4 10. Ne2 e5 11. f5 a6 12. a4 d5 13. exd5 Nxd5 14. Ng3 Bh4 15. Qxe5 Ne3 16. Bxe3 dxe3 17. Qxe3 Bf6 18. c3 Re8 19. Qf3 Qb6+ 20. d4 Qxb2 21. Qh5 Rf8 22. Rfe1
gw5NZ,5r1k/pQ5p/6pq/3B1p2/3P2n1/2P3P1/PP3rK1/R4R2 w - - 0 26,f1f2 h6h2 g2f1 h2f2,1713,113,78,47,mate mateIn2 middlegame short,https://lichess.org/9jgx2pFL#51,,2,"(1700, 1800]",True,9jgx2pFL,1. e4 c6 2. c3 d5 3. exd5 cxd5 4. d4 Bf5 5. Nf3 Nd7 6. Nh4 e6 7. Nxf5 exf5 8. Bd3 Qe7+ 9. Be2 g6 10. O-O Bh6 11. Bxh6 Nxh6 12. Bf3 O-O 13. Bxd5 Qh4 14. Nd2 Nf6 15. Bb3 Nhg4 16. Nf3 Qh6 17. h3 Rfe8 18. hxg4 Nxg4 19. Qd3 Re4 20. Qc4 Rae8 21. Qxf7+ Kh8 22. Bd5 Rf8 23. Qxb7 Rf4 24. g3 Rxf3 25. Kg2 Rxf2+
2mBYS,2k3r1/ppp1np1p/2np1B2/8/2BPP3/P1P2b2/5PPP/R4RK1 w - - 1 17,f6e7 g8g2 g1h1 g2g4,1726,76,91,3529,discoveredAttack discoveredCheck kingsideAttack mate mateIn2 middlegame morphysMate short,https://lichess.org/K3pp5cyd#33,Italian_Game Italian_Game_Classical_Variation,2,"(1700, 1800]",True,K3pp5cyd,1. e4 e5 2. Nf3 Nc6 3. Bc4 Bc5 4. c3 d6 5. d4 exd4 6. cxd4 Bb4+ 7. Nc3 Bg4 8. O-O Qf6 9. Bg5 Bxf3 10. Bxf6 Bxd1 11. Bxg7 Bh5 12. Bxh8 O-O-O 13. Bg7 Nge7 14. Bf6 Rg8 15. a3 Bxc3 16. bxc3 Bf3
AkhFM,8/7p/p1BB2pk/5p2/7P/6K1/r1p5/8 b - - 0 50,c2c1q d6f8 h6h5 c6f3,1810,77,95,898,endgame mate mateIn2 short,https://lichess.org/jYjjYX7d/black#100,,2,"(1800, 1900]",True,jYjjYX7d,1. d4 c5 2. e3 cxd4 3. exd4 g6 4. f4 Bg7 5. Nf3 Nc6 6. c3 e6 7. Bd3 Nge7 8. O-O Nf5 9. Qe1 O-O 10. Nbd2 a6 11. Ne4 b5 12. Ng3 Bb7 13. Nxf5 exf5 14. Ne5 Nxe5 15. fxe5 Rc8 16. Qg3 Qc7 17. Bg5 Qc6 18. Rf3 Qe6 19. Qh4 Bxf3 20. gxf3 f6 21. Bh6 fxe5 22. Bc2 Kh8 23. dxe5 Qxe5 24. Bf4 Qf6 25. Qf2 Rfe8 26. Rd1 Qf7 27. Bb3 Qe7 28. Bd2 Qe2 29. Qa7 Qxf3 30. Be1 Re2 31. Bd5 Qe3+ 32. Qxe3 Rxe3 33. Bf2 Re2 34. Bb7 Rce8 35. Rxd7 Rxb2 36. c4 bxc4 37. Rxg7 Kxg7 38. Bd4+ Kh6 39. Bxb2 Re2 40. Bc1+ Kg7 41. Bf4 Rxa2 42. Bd5 Ra1+ 43. Kg2 Ra2+ 44. Kg3 Ra4 45. Be5+ Kh6 46. Bc6 Ra3+ 47. Kg2 c3 48. Bd6 Ra2+ 49. Kg3 c2 50. h4
yaCn7,3Q4/8/5rp1/2p3kp/3p1N2/3P2PK/P2q4/8 b - - 7 48,d2d1 f4e6 g5h6 d8h8,1871,82,94,34054,anastasiaMate endgame mate mateIn2 pin short,https://lichess.org/vOe3z6gz/black#96,,2,"(1800, 1900]",True,vOe3z6gz,1. e4 Nf6 2. Nc3 d5 3. exd5 Nxd5 4. Bc4 Nb6 5. Bb3 c5 6. d3 Nc6 7. Nge2 e5 8. O-O Nd4 9. Be3 Be6 10. Bxd4 exd4 11. Bxe6 fxe6 12. Ne4 Bd6 13. Nxd6+ Qxd6 14. Qd2 O-O 15. f4 Nd5 16. g3 Ne3 17. Rf2 Rf6 18. c3 e5 19. cxd4 exd4 20. Rc1 b6 21. b4 Rh6 22. bxc5 bxc5 23. Qa5 Rh5 24. Rb1 Re8 25. Rb7 Ng4 26. Qxa7 Qh6 27. Re7 Rf8 28. Qd7 Nxf2 29. Re8 Qf6 30. Rxf8+ Qxf8 31. Qe6+ Qf7 32. Qc8+ Qf8 33. Qe6+ Kh8 34. Kxf2 Rxh2+ 35. Kf3 Rh6 36. Qd5 Ra6 37. f5 h5 38. Nf4 Rf6 39. Ke4 Qe8+ 40. Kf3 Qe3+ 41. Kg2 Qd2+ 42. Kh3 Kh7 43. Qa8 Rxf5 44. Qe4 g6 45. Qe7+ Kh6 46. Qe8 Rf6 47. Qh8+ Kg5 48. Qd8
ycdAE,rnb1k3/p7/2pp2Q1/1p6/3P4/2P5/qP4PP/5R1K b - - 1 26,e8d8 g6d6 c8d7 f1f8,1856,113,36,20,endgame killBoxMate mate mateIn2 short,https://lichess.org/JDs6Hc3M/black#52,,2,"(1800, 1900]",True,JDs6Hc3M,1. e4 e5 2. f4 exf4 3. Nf3 d6 4. Bc4 h6 5. O-O g5 6. c3 h5 7. Qb3 Nh6 8. d4 g4 9. Bxf4 gxf3 10. Bxh6 Rxh6 11. Bxf7+ Kd7 12. Qa4+ c6 13. Rxf3 Qe7 14. Nd2 Rf6 15. Rxf6 Qxf6 16. Rf1 Qg5 17. Nf3 Qe3+ 18. Kh1 b5 19. Qb3 Qxe4 20. Ng5 Qe7 21. Bxh5 Qxg5 22. Rxf8 Qxh5 23. Rf7+ Ke8 24. Rf1 Qd5 25. Qc2 Qxa2 26. Qg6+
TfTse,r6r/pppk3p/3pN1p1/b2P1bBq/1P1P4/8/P4PPP/2R2RK1 b - - 0 20,a5b4 c1c7 d7e8 c7e7,1823,79,93,10048,mate mateIn2 middlegame operaMate short vukovicMate,https://lichess.org/i4xn5pG0/black#40,,2,"(1800, 1900]",True,i4xn5pG0,1. e4 e5 2. Bc4 Nc6 3. Bxf7+ Kxf7 4. Nc3 Nf6 5. Nf3 Bb4 6. Nd5 Nxd5 7. exd5 Ne7 8. Nxe5+ Ke8 9. Qh5+ g6 10. Qh6 Nf5 11. O-O Nxh6 12. d4 d6 13. Nd3 Ba5 14. Bxh6 Bf5 15. Rae1+ Kd7 16. Nf4 Bxc2 17. Ne6 Qh4 18. Bg5 Qh5 19. Rc1 Bf5 20. b4
SMz1z,2k1r3/p1p2p1p/2p5/2b4q/2P5/2BB2Q1/P1PP1P1P/R1K2b2 w - - 0 19,d3f1 c5a3 c3b2 e8e1,1822,76,87,1384,mate mateIn2 middlegame queensideAttack short,https://lichess.org/T4q4NmLL#37,Scandinavian_Defense Scandinavian_Defense_Modern_Variation,2,"(1800, 1900]",True,T4q4NmLL,1. e4 d5 2. exd5 Nf6 3. Nc3 Nxd5 4. Nf3 Nxc3 5. bxc3 Bf5 6. Bb2 e5 7. Nxe5 Nc6 8. Nxc6 bxc6 9. c4 Bc5 10. Bd3 Be6 11. Bxg7 Rg8 12. Bc3 Rxg2 13. Rf1 Qh4 14. Qf3 O-O-O 15. Qxg2 Bh3 16. Qg3 Re8+ 17. Kd1 Qh5+ 18. Kc1 Bxf1
9TQEs,r4r2/pp3Rpp/4p3/6k1/1P3P1n/P7/1q5P/3QR1K1 b - - 0 26,g5g6 d1g4 g6f7 g4e6,1973,76,95,4406,dovetailMate fork mate mateIn2 middlegame sacrifice short,https://lichess.org/fUzgfyKx/black#52,,2,"(1900, 2000]",True,fUzgfyKx,1. e4 e6 2. d4 d5 3. e5 c5 4. c3 Nc6 5. Nf3 Nh6 6. a3 Qb6 7. b4 cxd4 8. cxd4 Nf5 9. Bb2 Be7 10. Nc3 Ncxd4 11. Nxd4 Qxd4 12. Bb5+ Bd7 13. Bxd7+ Kxd7 14. Qa4+ Kc8 15. O-O Qxe5 16. Rac1 Kd8 17. Qb3 Nd4 18. Qd1 Nf5 19. Re1 Qf6 20. Nxd5 Qxb2 21. Nxe7+ Kxe7 22. Rc7+ Kf6 23. g4 Nh4 24. g5+ Kxg5 25. Rxf7 Rhf8 26. f4+
KxVps,8/2bR3N/2P5/1p3k2/p3Rn2/5P2/P4Kr1/8 w - - 7 51,f2e3 c7b6 e4d4 g2e2,1995,167,31,24,endgame mate mateIn2 pin short,https://lichess.org/ES4ze52v#101,,2,"(1900, 2000]",True,ES4ze52v,1. e4 c6 2. d3 d5 3. exd5 cxd5 4. Bf4 Nc6 5. Nf3 Bg4 6. Be2 e6 7. O-O Nf6 8. h3 Bxf3 9. Bxf3 Bd6 10. Bg5 h6 11. Be3 Qc7 12. Re1 O-O 13. Qd2 a6 14. Bxh6 gxh6 15. Qxh6 Nh7 16. Nd2 Qe7 17. Bxd5 Qg5 18. Qxg5+ Nxg5 19. Bb3 Kh8 20. Re3 Rg8 21. Kf1 Nd4 22. h4 Nxb3 23. Nxb3 Nh7 24. Rh3 Rac8 25. c4 b5 26. c5 Be5 27. d4 Bf6 28. g3 e5 29. d5 e4 30. d6 Bxb2 31. Rd1 Rcd8 32. Na5 Nf6 33. c6 Be5 34. d7 Bc7 35. Nb7 Rdf8 36. h5 Kh7 37. Rh4 Kh6 38. Ke2 a5 39. Nc5 Nxh5 40. Rxe4 Bxg3 41. Nb7 a4 42. d8=Q Rxd8 43. Nxd8 Bc7 44. Nxf7+ Kg7 45. Ng5 Kf6 46. Nh7+ Kf5 47. f3 Nf4+ 48. Ke3 Ng2+ 49. Kf2 Nf4 50. Rd7 Rg2+
1jcL2,5r1k/5pp1/p3p2N/3p4/P6Q/2p1P2P/5PPK/q7 b - - 2 38,c3c2 h6f5 h8g8 f5e7,1982,78,86,497,discoveredAttack discoveredCheck endgame mate mateIn2 short,https://lichess.org/JAb2vssv/black#76,,2,"(1900, 2000]",True,JAb2vssv,1. d4 d5 2. Bf4 Bf5 3. e3 e6 4. Nf3 Bd6 5. Ne5 Nf6 6. Nd2 Nbd7 7. c3 Rc8 8. Rb1 O-O 9. Be2 c5 10. Rc1 c4 11. O-O Qc7 12. h3 Bxe5 13. dxe5 Nxe5 14. Bxe5 Qxe5 15. Nf3 Qc7 16. Nd4 Bg6 17. Bg4 Nxg4 18. Qxg4 Qe5 19. Qe2 Bd3 20. Qd2 Bxf1 21. Rxf1 Qc7 22. Nb5 Qb6 23. a4 a6 24. Nd4 Qa5 25. Ra1 Qc5 26. Qe2 b5 27. Qg4 b4 28. Nf3 bxc3 29. bxc3 Rb8 30. Ng5 h6 31. Nf3 Rb3 32. Nh2 Rxc3 33. Qg3 Ra3 34. Rxa3 Qxa3 35. Ng4 Qa1+ 36. Kh2 c3 37. Nxh6+ Kh8 38. Qh4
vy2z0,6r1/pp1rn1pp/4k3/4p1B1/2P5/3p1R2/PP4PP/5RK1 b - - 0 21,h7h6 f3f6 g7f6 f1f6,1912,77,94,3978,endgame mate mateIn2 operaMate sacrifice short,https://lichess.org/XB77jTPO/black#42,,2,"(1900, 2000]",True,XB77jTPO,1. e4 c5 2. Nf3 d5 3. d4 dxe4 4. Ne5 Qxd4 5. Bb5+ Nd7 6. Qxd4 cxd4 7. Nd2 f6 8. Nxd7 Bxd7 9. Bxd7+ Kxd7 10. Nxe4 e5 11. O-O Bd6 12. f4 Ne7 13. Nxd6 Kxd6 14. fxe5+ fxe5 15. Rf7 Rhg8 16. Bd2 Ke6 17. Raf1 Rac8 18. Bg5 Rc7 19. c3 d3 20. R7f3 Rd7 21. c4
phdll,3Q4/p4N1p/4p1p1/4kp2/P7/2q3PP/5P1K/2r5 b - - 2 37,e5e4 f7g5 e4e5 f2f4,1939,80,84,268,endgame mate mateIn2 short,https://lichess.org/h1yLZ9Tb/black#74,,2,"(1900, 2000]",True,h1yLZ9Tb,1. e4 d5 2. exd5 Qxd5 3. Nc3 Qa5 4. Nf3 Bf5 5. Bc4 e6 6. O-O c6 7. d4 Nf6 8. Re1 Be7 9. Bf4 Qd8 10. Qe2 O-O 11. Rad1 Nd5 12. Bd2 Re8 13. h3 Bb4 14. Nxd5 Bxd2 15. Nf6+ Qxf6 16. Rxd2 Nd7 17. d5 cxd5 18. Bxd5 Nf8 19. Bxb7 Rab8 20. Be4 Rxb2 21. a4 Bxe4 22. Qxe4 Rc8 23. Red1 Qc3 24. Ng5 g6 25. Qf4 f6 26. Nf3 Rxc2 27. Rd8 Rxd8 28. Rxd8 Rc1+ 29. Kh2 f5 30. Rxf8+ Kxf8 31. Qd6+ Kf7 32. Ng5+ Kf6 33. Qd8+ Ke5 34. Nf7+ Ke4 35. Ng5+ Kf4 36. g3+ Ke5 37. Nf7+
WCr0k,r3r1k1/1b3p2/p1n2bpp/1p1p4/2pP4/NPP4P/P3NPP1/R2BR1K1 w - - 0 21,e2f4 e8e1,479,109,93,2413,crushing hangingPiece kingsideAttack middlegame oneMove,https://lichess.org/IEqbG6dd#41,,1,"(400, 500]",False,IEqbG6dd,1. e4 e6 2. Bc4 d5 3. exd5 exd5 4. Bb3 c5 5. c3 Nc6 6. Qf3 Nf6 7. h3 Be7 8. Ne2 O-O 9. O-O b6 10. d4 c4 11. Bc2 Bb7 12. b3 b5 13. Na3 a6 14. Bg5 h6 15. Bxf6 Bxf6 16. Qf5 g6 17. Qf4 Bg7 18. Rfe1 Qf6 19. Bd1 Rfe8 20. Qxf6 Bxf6
2lCqY,r1bqkbnr/ppp1pppp/2n5/4P3/2Bp4/8/PPPP1PPP/RNBQK1NR w KQkq - 2 4,c4f7 e8f7,471,107,76,170,advantage hangingPiece oneMove opening,https://lichess.org/OkMq73m3#7,Scandinavian_Defense Scandinavian_Defense_Other_variations,1,"(400, 500]",False,OkMq73m3,1. e4 d5 2. e5 d4 3. Bc4 Nc6
IMofT,2r5/3q1p1k/6pp/Q4b2/P1PN1p2/1P5P/5PP1/3R1K2 w - - 1 36,d4f5 d7d1,442,96,88,1266,crushing endgame hangingPiece oneMove,https://lichess.org/HIiQsNJF#71,,1,"(400, 500]",False,HIiQsNJF,1. e4 d6 2. d4 c6 3. Nc3 Nf6 4. Bg5 g6 5. Bxf6 exf6 6. d5 Bg7 7. dxc6 Nxc6 8. Nf3 O-O 9. Bb5 a6 10. Bxc6 bxc6 11. O-O Bb7 12. Re1 Re8 13. h3 d5 14. exd5 cxd5 15. Rxe8+ Qxe8 16. Nxd5 Rd8 17. c4 Bc6 18. b3 f5 19. Rb1 a5 20. Qd3 Qf8 21. Rd1 Bd7 22. Ne3 h6 23. Qd2 Kh7 24. Qxa5 Qe7 25. Nd5 Qf8 26. Ne3 Qe8 27. Kf1 Ra8 28. Qc7 Be6 29. a4 Rb8 30. Rb1 Rc8 31. Qa5 Qc6 32. Rd1 f4 33. Nc2 Bf5 34. Nfd4 Bxd4 35. Nxd4 Qd7
N93eO,rnb1k2r/pp3pp1/5q1p/2bQ4/8/2N2N2/PP2PPPP/R3KB1R b KQkq - 0 9,c5f2 e1f2,462,98,84,375,advantage hangingPiece oneMove opening,https://lichess.org/FGok3yay/black#18,Queens_Gambit_Declined Queens_Gambit_Declined_Semi-Tarrasch_Defense,1,"(400, 500]",False,FGok3yay,1. d4 d5 2. c4 e6 3. Nc3 Nf6 4. Nf3 c5 5. cxd5 exd5 6. dxc5 Bxc5 7. Bg5 h6 8. Bxf6 Qxf6 9. Qxd5
Lfmjf,r1bqnrk1/pp1n1ppp/4p3/3pN3/3P1P2/1PPB4/3N1PPP/R2QK2R w KQ - 5 12,d3h7 g8h7,594,99,53,155,advantage hangingPiece oneMove opening,https://lichess.org/7cEBIWvl#23,Queens_Pawn_Game Queens_Pawn_Game_London_System,1,"(500, 600]",False,7cEBIWvl,1. d4 d5 2. Nf3 Nf6 3. Bf4 e6 4. e3 c5 5. c3 c4 6. b3 cxb3 7. axb3 Bd6 8. Bd3 Bxf4 9. exf4 O-O 10. Nbd2 Nbd7 11. Ne5 Ne8
JUEhk,2k3r1/ppp1p3/7p/8/4PB2/5N2/Pb4RP/2K5 w - - 0 25,c1b2 g8g2,513,110,67,107,advantage endgame hangingPiece oneMove,https://lichess.org/DoS4PIYy#49,,1,"(500, 600]",False,DoS4PIYy,1. d4 Nf6 2. Nc3 g6 3. e4 Bg7 4. e5 Nh5 5. Be2 d6 6. Bxh5 gxh5 7. Qxh5 dxe5 8. dxe5 Be6 9. Qg5 Rg8 10. Bd2 Nc6 11. f4 Nd4 12. O-O-O h6 13. Qg3 Nf5 14. Qd3 Qxd3 15. cxd3 O-O-O 16. Be1 Ne3 17. Rd2 Bf5 18. Ne4 Bxe4 19. dxe4 Rxd2 20. Bxd2 Nxg2 21. Nf3 f6 22. Rg1 fxe5 23. Rxg2 exf4 24. Bxf4 Bxb2+
JtVnq,1k5r/1r1qb1pp/1p1p1p2/8/P1R5/1P2B3/2PQ2PP/5R1K w - - 1 30,c4g4 d7g4,581,89,85,908,advantage hangingPiece middlegame oneMove,https://lichess.org/xYz3BKkY#59,,1,"(500, 600]",False,xYz3BKkY,1. e4 e5 2. f4 Nc6 3. Nf3 d6 4. Nc3 Bg4 5. fxe5 Nxe5 6. Be2 Nxf3+ 7. Bxf3 Bxf3 8. Qxf3 Qf6 9. O-O O-O-O 10. Qg4+ Qe6 11. Qf3 f6 12. d4 Kb8 13. d5 Qe5 14. Bf4 Qd4+ 15. Kh1 Ne7 16. Rad1 Qb6 17. b3 Ng6 18. Be3 Qa6 19. Rd4 Ne5 20. Qd1 b6 21. Ra4 Qb7 22. Nb5 c6 23. Nxa7 cxd5 24. exd5 Rd7 25. Nc6+ Nxc6 26. dxc6 Qxc6 27. Qd2 Rb7 28. Rc4 Qd7 29. a4 Be7
dCxnq,8/2pq3p/1p3pk1/p4Np1/7P/P3Q3/4RB2/6K1 w - - 1 42,e3d3 d7d3,570,94,95,1831,advantage endgame hangingPiece oneMove,https://lichess.org/rDnRhhTy#83,,1,"(500, 600]",False,rDnRhhTy,1. e4 e5 2. Nf3 Nc6 3. Nc3 Nf6 4. Bc4 Bc5 5. a3 O-O 6. h3 a5 7. O-O b6 8. d3 Bb7 9. Ne2 d6 10. c3 Ne7 11. Ng3 Ng6 12. Re1 Nf4 13. d4 exd4 14. cxd4 Nxh3+ 15. gxh3 d5 16. exd5 Bd6 17. Ne5 Bxd5 18. Bxd5 Nxd5 19. Qf3 Bxe5 20. dxe5 Ne7 21. Be3 Ng6 22. Qe4 Qe7 23. f4 Rfe8 24. Rad1 Nh4 25. f5 g6 26. f6 Qxe5 27. Qxh4 Qxb2 28. Qh6 Qxf6 29. Kg2 Qc6+ 30. Kh2 Qc2+ 31. Rd2 Qc6 32. Bd4 f6 33. Rxe8+ Rxe8 34. Bf2 Qf3 35. Kg1 Re2 36. Rxe2 Qc6 37. Qe3 Kg7 38. Qe7+ Kh6 39. Qe3+ g5 40. Nf5+ Kg6 41. h4 Qd7
Lj2y6,8/3q1p1k/4p1pp/8/8/2Q3PP/2p4K/8 b - - 2 52,d7d2 c3d2,528,108,79,202,crushing endgame hangingPiece oneMove queenEndgame,https://lichess.org/tXNyB4gT/black#104,,1,"(500, 600]",False,tXNyB4gT,1. e4 c5 2. Qh5 e6 3. Bc4 Nf6 4. Qe5 d6 5. Qf4 Be7 6. e5 dxe5 7. Qxe5 Bd6 8. Qg5 O-O 9. b3 h6 10. Qh4 Be7 11. Qf4 Bd6 12. Qe3 b6 13. Ne2 Ba6 14. Bxa6 Nxa6 15. O-O Nc7 16. Nf4 Bxf4 17. Qxf4 Ncd5 18. Qc4 Qe7 19. Nc3 Nxc3 20. dxc3 Rab8 21. Be3 Nd5 22. Qd3 Rfd8 23. Qc4 Nxe3 24. fxe3 Rd2 25. Rac1 Qg5 26. Qe4 Rbd8 27. Qf3 R8d7 28. Rcd1 Rxd1 29. Rxd1 Rxd1+ 30. Qxd1 Qxe3+ 31. Kh1 Qxc3 32. h3 Qd4 33. Qf3 Qa1+ 34. Kh2 Qxa2 35. Qb7 Qxc2 36. Qxa7 Qxb3 37. Qa8+ Kh7 38. Qe4+ g6 39. Qe5 Qd5 40. Qf6 Qd4 41. Qe7 Qg7 42. Qd6 c4 43. Qxb6 Qe5+ 44. Kg1 c3 45. Qb3 Qd4+ 46. Kh2 Kg7 47. Qc2 Qd2 48. Qb3 c2 49. Qb2+ Kh7 50. Qf6 Qd6+ 51. g3 Qd7 52. Qc3
XYJOO,r4rk1/ppp3pp/6n1/2Nq1b2/4NB2/2Q4P/PPP3P1/R5KR w - - 4 18,a1d1 d5d1,696,92,76,588,crushing hangingPiece middlegame oneMove,https://lichess.org/HhzG3smV#35,Elephant_Gambit Elephant_Gambit_Paulsen_Countergambit,1,"(600, 700]",False,HhzG3smV,1. e4 e5 2. Nf3 d5 3. exd5 e4 4. Nd4 Nf6 5. d3 Bc5 6. Nb3 Bxf2+ 7. Kxf2 Ng4+ 8. Kg1 O-O 9. h3 Ne5 10. dxe4 Nbd7 11. Nc3 f5 12. Bd3 fxe4 13. Nxe4 Nxd3 14. Qxd3 Ne5 15. Qc3 Qxd5 16. Nbc5 Bf5 17. Bf4 Ng6
S8KUH,3r3k/7p/p1q3p1/1p1rBbP1/8/PQP3KP/1P3R2/3R4 b - - 6 31,d5e5 d1d8,671,93,83,745,crushing hangingPiece middlegame oneMove,https://lichess.org/48mz2COA/black#62,,1,"(600, 700]",False,48mz2COA,1. e4 c5 2. f4 d6 3. Nf3 Nf6 4. d3 Nc6 5. Be2 g6 6. O-O Bg7 7. h3 O-O 8. Nc3 a6 9. a3 b5 10. g4 Bb7 11. Nh2 Nd4 12. g5 Nxe2+ 13. Nxe2 Nh5 14. Kg2 c4 15. Ng3 Nxg3 16. Kxg3 f5 17. exf5 Rxf5 18. Be3 Qc8 19. c3 Qc6 20. Rf2 cxd3 21. Qxd3 Rd5 22. Qc2 Bc8 23. Nf3 Bf5 24. Qb3 e6 25. Nd4 Bxd4 26. Bxd4 e5 27. fxe5 dxe5 28. Bxe5 Re8 29. Bf4 Kh8 30. Rd1 Red8 31. Be5+
GQRti,3r4/1p1r1k1p/p3bn2/2p3p1/3NP3/P4P2/1B1R1KPP/3R4 w - - 0 23,d4e6 d7d2,615,98,95,1798,crushing middlegame oneMove,https://lichess.org/BF6WczFo#45,,1,"(600, 700]",False,BF6WczFo,1. e4 e5 2. d4 exd4 3. c3 dxc3 4. Bc4 cxb2 5. Bxb2 d5 6. Bxd5 Nf6 7. Bxf7+ Kxf7 8. Qxd8 Bb4+ 9. Qd2 Bxd2+ 10. Nxd2 Re8 11. f3 Nc6 12. Rc1 Be6 13. a3 a6 14. Ne2 g5 15. Nd4 Bd7 16. N2b3 Nxd4 17. Nxd4 c6 18. O-O Be6 19. Rfd1 Red8 20. Rd2 Rd7 21. Rcd1 Rad8 22. Kf2 c5
LULgy,6k1/5p1p/3R2p1/4p3/3r2P1/5K2/7P/8 w - - 2 38,d6d4 e5d4,637,90,80,689,crushing endgame oneMove,https://lichess.org/L8egCvvA#75,,1,"(600, 700]",False,L8egCvvA,1. d4 Nf6 2. Nf3 g6 3. Bf4 d6 4. e3 Bg7 5. Bd3 O-O 6. Nbd2 Nh5 7. Bg3 c5 8. c3 Nc6 9. Be2 b5 10. O-O Nxg3 11. fxg3 Bg4 12. Ng5 Bxe2 13. Qxe2 Bh6 14. Ngf3 cxd4 15. exd4 a6 16. Rae1 e6 17. g4 Ra7 18. c4 Qe7 19. cxb5 axb5 20. Qxb5 Bxd2 21. Nxd2 Nxd4 22. Qc4 e5 23. Nf3 Nxf3+ 24. gxf3 Qb7 25. Rb1 Rc8 26. Qe4 Qxe4 27. fxe4 Rxa2 28. b4 Rc4 29. Rfe1 Ra8 30. b5 Rb8 31. b6 Rc6 32. b7 Rc7 33. Red1 Rcxb7 34. Rxb7 Rxb7 35. Rxd6 Rb4 36. Kf2 Rxe4 37. Kf3 Rd4
5isP0,r4rk1/4Rppp/p7/1p5q/3P2n1/1B4P1/P3QPP1/3R2K1 w - - 8 34,b3f7 f8f7,694,106,82,213,advantage middlegame oneMove,https://lichess.org/QdpaOfQl#67,,1,"(600, 700]",False,QdpaOfQl,1. d4 d5 2. Nf3 Nf6 3. Bf4 Nh5 4. Bg3 Nxg3 5. hxg3 Nd7 6. e3 Nf6 7. Bd3 Bg4 8. Nbd2 e6 9. O-O Bb4 10. c3 Bd6 11. Qb3 b6 12. c4 c5 13. Qb5+ Nd7 14. cxd5 exd5 15. e4 a6 16. Qc6 c4 17. Bc2 Be7 18. Qxd5 Be6 19. Qh5 Nf6 20. Qg5 O-O 21. Qe3 b5 22. Ne5 Bb4 23. Nc6 Qd6 24. Nxb4 Qxb4 25. Qc3 Qe7 26. b3 cxb3 27. Nxb3 Rfc8 28. Qd2 Bxb3 29. Bxb3 Qxe4 30. Rfe1 Qg6 31. Re7 Rf8 32. Rd1 Qh5 33. Qe2 Ng4
sUfHx,N1b4r/pp1k1ppp/3b4/4n3/8/8/PP3PPP/R1B1K2R w KQ - 1 16,c1f4 e5d3,701,81,88,702,crushing middlegame oneMove,https://lichess.org/eeLc9gu5#31,Sicilian_Defense Sicilian_Defense_Delayed_Alapin,1,"(700, 800]",False,eeLc9gu5,1. e4 c5 2. c3 d6 3. Nf3 Nc6 4. d4 cxd4 5. cxd4 d5 6. exd5 Qxd5 7. Nc3 Qa5 8. Bb5 e6 9. d5 exd5 10. Qxd5 Ne7 11. Bxc6+ Nxc6 12. Ne5 Qxd5 13. Nxd5 Nxe5 14. Nc7+ Kd7 15. Nxa8 Bd6
27K6c,4r1k1/pp4bp/6p1/8/8/4B1QP/PP1R2PK/3q4 b - - 5 35,d1d2 e3d2,739,111,93,1828,advantage endgame hangingPiece oneMove,https://lichess.org/3YLSZoPO/black#70,,1,"(700, 800]",False,3YLSZoPO,1. e4 c5 2. Bc4 Nc6 3. c3 g6 4. Qf3 Ne5 5. Qe2 Nxc4 6. Qxc4 Bg7 7. Qxc5 Nf6 8. Qe3 O-O 9. h3 Re8 10. Ne2 d5 11. e5 Nd7 12. f4 Qc7 13. O-O f6 14. d4 fxe5 15. fxe5 Qb6 16. Qf4 Rf8 17. Qg3 Rxf1+ 18. Kxf1 Nf8 19. Nf4 e6 20. Nd2 Bd7 21. Kg1 Bxe5 22. Nb3 Bg7 23. Nc5 Qc7 24. Nxd7 Qxd7 25. Bd2 Qc7 26. Rf1 e5 27. Nxd5 Qd6 28. Nb4 Ne6 29. Nc2 Qd7 30. Rf2 exd4 31. cxd4 Nxd4 32. Nxd4 Qxd4 33. Be3 Qd1+ 34. Kh2 Re8 35. Rd2
DmJlo,r3r1k1/1p1qbppp/p1n5/2pp1N2/6N1/2PP3P/PP3PP1/R2Q1RK1 w - - 5 18,f1e1 d7f5,792,92,92,465,advantage hangingPiece middlegame oneMove,https://lichess.org/1MLsbTX8#35,Sicilian_Defense Sicilian_Defense_Other_variations,1,"(700, 800]",False,1MLsbTX8,1. e4 c5 2. d3 e6 3. c3 d5 4. exd5 exd5 5. Nf3 Nf6 6. h3 Nc6 7. Bg5 Be7 8. Bxf6 Bxf6 9. Be2 O-O 10. O-O Be6 11. Na3 a6 12. Nh2 Re8 13. Nc2 Qe7 14. Bg4 Bxg4 15. Nxg4 Qd6 16. Nce3 Be7 17. Nf5 Qd7
8JOug,r2qk1nr/pp3pp1/3pp1p1/1N1p4/1n1P4/4PN2/PPP2PPP/R2QK2R w KQkq - 0 10,b5d6 d8d6,781,160,9,14,advantage hangingPiece middlegame oneMove,https://lichess.org/qIdKmDZV#19,Queens_Pawn_Game Queens_Pawn_Game_Accelerated_London_System,1,"(700, 800]",False,qIdKmDZV,1. d4 d5 2. Bf4 Bf5 3. e3 Nc6 4. Nf3 e6 5. Bd3 Bg6 6. Nc3 Nb4 7. Nb5 Bd6 8. Bxd6 cxd6 9. Bxg6 hxg6
B4DSH,4r1rk/pp5p/2pRbq2/5pp1/2P1p3/1P2Q3/P3NPPP/3R2K1 b - - 0 28,e6c8 d6f6,707,92,91,512,crushing hangingPiece middlegame oneMove,https://lichess.org/p8RctNgf/black#56,,1,"(700, 800]",False,p8RctNgf,1. e4 d5 2. exd5 Nf6 3. Bc4 Nxd5 4. Qf3 e6 5. Nc3 c6 6. Nge2 Be7 7. d4 O-O 8. Bd3 Nd7 9. Qg3 Kh8 10. O-O f5 11. Nf4 N7f6 12. Qh3 Nxf4 13. Bxf4 Nd5 14. Be5 Bf6 15. Rfe1 Bxe5 16. Rxe5 Nf4 17. Qf3 Qxd4 18. Re3 Nxd3 19. Rxd3 Qf6 20. Rad1 e5 21. Rd6 Qf7 22. Qh3 Be6 23. Qh4 e4 24. Ne2 Rg8 25. Qf4 Qf6 26. b3 g5 27. Qe3 Rae8 28. c4
X99yB,rnb1k1nr/pp3ppp/4p3/qN1pP3/3p4/P7/1PPQ1PPP/R3KBNR b KQkq - 0 8,a5b5 f1b5,865,91,83,219,crushing hangingPiece oneMove opening,https://lichess.org/jFWpee0P/black#16,French_Defense French_Defense_Winawer_Variation,1,"(800, 900]",False,jFWpee0P,1. e4 e6 2. d4 d5 3. Nc3 Bb4 4. e5 c5 5. Bd2 cxd4 6. Nb5 Qa5 7. a3 Bxd2+ 8. Qxd2
z0tZX,2kr3r/ppp1bpp1/3p1n2/5PB1/8/2N2P2/PPP4P/2KR3R w - - 1 19,c3d5 f6d5,885,95,61,90,crushing middlegame oneMove,https://lichess.org/RSmotLRW#37,Ruy_Lopez Ruy_Lopez_Other_variations,1,"(800, 900]",False,RSmotLRW,1. e4 e5 2. Nf3 Nc6 3. Bb5 Qf6 4. Bxc6 Qxc6 5. Nc3 d6 6. d4 exd4 7. Nxd4 Qd7 8. Bf4 Nf6 9. Qf3 Qg4 10. Qxg4 Bxg4 11. f3 Bd7 12. O-O-O Nh5 13. Be3 h6 14. g4 Nf6 15. g5 hxg5 16. Bxg5 Be7 17. Nf5 Bxf5 18. exf5 O-O-O
c8OsF,rn1qkb1r/ppp1pppp/5n2/3p1b2/3P1B2/3BP3/PPP2PPP/RN1QK1NR b KQkq - 2 4,c7c6 d3f5,895,102,94,2208,advantage hangingPiece oneMove opening,https://lichess.org/jLypOFUy/black#8,Queens_Pawn_Game Queens_Pawn_Game_Accelerated_London_System,1,"(800, 900]",False,jLypOFUy,1. d4 d5 2. Bf4 Nf6 3. e3 Bf5 4. Bd3
EJtTM,r2qkbnr/pp1bpp1p/2np2p1/1B6/3NP3/2N5/PPP2PPP/R1BQK2R w KQkq - 2 7,d1f3 c6d4,836,92,67,85,advantage hangingPiece oneMove opening,https://lichess.org/kYyoE5GJ#13,Sicilian_Defense Sicilian_Defense_Other_variations,1,"(800, 900]",False,kYyoE5GJ,1. e4 c5 2. Nf3 d6 3. d4 cxd4 4. Nxd4 Nc6 5. Nc3 g6 6. Bb5 Bd7
tgllk,8/8/2nrkp1p/4p1pP/1pP1P1P1/pP1B1R2/P3K3/8 w - - 14 54,d3c2 c6d4,882,99,83,71,crushing endgame oneMove,https://lichess.org/GreAMeut#107,,1,"(800, 900]",False,GreAMeut,1. e4 e5 2. Nc3 Nf6 3. f4 d6 4. Nf3 Nc6 5. Bc4 Bg4 6. O-O Be7 7. h3 Bxf3 8. Qxf3 Nd4 9. Qd1 exf4 10. Rxf4 O-O 11. d3 Nc6 12. Nd5 Ne5 13. Nxe7+ Qxe7 14. Bb3 Nc6 15. Rf2 h6 16. Qf1 Kh7 17. c3 Na5 18. Bc2 Nc6 19. Bd2 Rae8 20. Re1 a6 21. Rf5 Ng8 22. d4 g6 23. Rf3 f6 24. Re2 b5 25. Rg3 Rf7 26. Bb3 Rg7 27. h4 a5 28. h5 g5 29. Bc2 Kh8 30. Qf5 Rb8 31. Rf3 Qd7 32. Qxd7 Rxd7 33. Bb3 Rf8 34. g4 a4 35. Bc2 Re7 36. b3 a3 37. d5 Ne5 38. Rg3 c6 39. dxc6 Nxc6 40. Be3 Rfe8 41. Rd2 Rd7 42. Rd5 Re5 43. Rxe5 dxe5 44. Kh2 b4 45. c4 Nd4 46. Bxd4 Rxd4 47. Rd3 Ne7 48. Kg3 Nc6 49. Kf3 Kg7 50. Ke3 Kf7 51. Ke2 Ke7 52. Rf3 Ke6 53. Bd3 Rd6
stOQL,4n1Q1/1b1k2p1/p4q1p/3p1B2/5PP1/1PP5/PK5P/8 b - - 2 31,d7d6 g8e8,990,99,93,1416,crushing endgame hangingPiece oneMove,https://lichess.org/TuYUNobT/black#62,,1,"(900, 1000]",False,TuYUNobT,1. e4 e6 2. Nf3 b6 3. d4 Bb7 4. Nc3 d5 5. e5 c5 6. Nb5 a6 7. Bg5 Qd7 8. Nd6+ Bxd6 9. exd6 cxd4 10. Qxd4 f6 11. Bf4 e5 12. Bxe5 Nc6 13. Qxb6 fxe5 14. O-O-O Nf6 15. Nxe5 Nxe5 16. Re1 Ne4 17. f3 Nxd6 18. Rxe5+ Kf7 19. Bd3 Rhe8 20. Rhe1 Rxe5 21. Rxe5 Re8 22. Rxe8 Qxe8 23. b3 Qe1+ 24. Kb2 Qe5+ 25. c3 h6 26. Qc7+ Kf6 27. Qd8+ Ke6 28. Qg8+ Kd7 29. f4 Qf6 30. g4 Ne8 31. Bf5+
jLEtX,r4r1k/1p4p1/2n2q1p/pN1B2n1/2P1p1Q1/P5P1/1PR2P2/3R2K1 b - - 0 24,f6f2 c2f2,920,84,54,118,crushing middlegame oneMove,https://lichess.org/qIurbnwt/black#48,,1,"(900, 1000]",False,qIurbnwt,1. c4 c5 2. Nc3 Nc6 3. Nf3 e5 4. g3 d6 5. Bg2 Nf6 6. O-O h6 7. a3 a5 8. e3 Be7 9. Ne1 O-O 10. Nc2 Nh7 11. Nb5 f5 12. d3 Bg5 13. d4 cxd4 14. exd4 f4 15. dxe5 dxe5 16. Bd5+ Kh8 17. Qe2 fxg3 18. hxg3 Bh3 19. Rd1 Bxc1 20. Raxc1 Qf6 21. Ne3 Ng5 22. Rc2 e4 23. Ng4 Bxg4 24. Qxg4
30PDB,r3kbnr/p3pppp/b1p5/3p4/5P2/1P1P1N2/1BP1K1PP/RN5R b kq - 0 11,f7f6 a1a6,959,86,87,873,crushing hangingPiece middlegame oneMove,https://lichess.org/Vfn50mhO/black#22,Nimzo-Larsen_Attack Nimzo-Larsen_Attack_English_Variation,1,"(900, 1000]",False,Vfn50mhO,1. b3 c5 2. Bb2 d5 3. e3 Nc6 4. Bb5 Qb6 5. Bxc6+ bxc6 6. f4 c4 7. Nf3 cxb3 8. axb3 Ba6 9. d3 Qxe3+ 10. Qe2 Qxe2+ 11. Kxe2
wmG5x,2kr3r/pppqb1pp/5p2/8/3nR3/2N5/PP3PPP/R1BQ2K1 b - - 2 14,d4e2 d1e2,972,79,68,147,advantage hangingPiece middlegame oneMove,https://lichess.org/fvCAPSQN/black#28,Nimzowitsch_Defense Nimzowitsch_Defense_Declined_Variation,1,"(900, 1000]",False,fvCAPSQN,1. e4 Nc6 2. Nf3 Nf6 3. Bc4 Nxe4 4. d4 d5 5. Bb5 f6 6. O-O Bd7 7. c4 e6 8. cxd5 exd5 9. Re1 Be7 10. Nfd2 Nxd4 11. Bxd7+ Qxd7 12. Nxe4 dxe4 13. Rxe4 O-O-O 14. Nc3
Ree37,8/p1p3pk/1pqP2rp/8/4R3/8/PPP4Q/4R1rK w - - 3 34,e1g1 c6e4,928,102,85,383,crushing endgame hangingPiece oneMove,https://lichess.org/mO7SpBWi#67,,1,"(900, 1000]",False,mO7SpBWi,1. e4 e5 2. Nf3 d6 3. Nc3 Bg4 4. Bc4 Nf6 5. h3 Be6 6. Bxe6 fxe6 7. O-O Nc6 8. d4 exd4 9. Nxd4 Nxd4 10. Qxd4 Qd7 11. Qb4 b6 12. Rd1 Be7 13. Qd4 e5 14. Qd3 O-O 15. Nd5 Kh8 16. Nxf6 Rxf6 17. Bg5 Rg6 18. Bxe7 Qxe7 19. Qd5 Rf8 20. Rf1 Qh4 21. Qd3 Rg5 22. Rae1 Qh5 23. Kh2 Rf6 24. Qd5 h6 25. Qd3 Kh7 26. f4 exf4 27. e5+ Rfg6 28. exd6 Rxg2+ 29. Kh1 Rg3 30. Qe2 Qxh3+ 31. Qh2 Qd7 32. Rxf4 Qc6+ 33. Rfe4 Rg1+
Wp8XS,3R4/pk6/1p4q1/2p2p2/2p1bP1p/6P1/PP1Q3P/6K1 b - - 3 31,h4g3 d2d7,1052,96,87,65,advantage endgame oneMove,https://lichess.org/OGKCWZtw/black#62,,1,"(1000, 1100]",False,OGKCWZtw,1. d4 Nc6 2. e4 g6 3. c4 Bg7 4. Nf3 b6 5. Be3 Bb7 6. Bd3 e6 7. Nc3 Nce7 8. O-O c6 9. Qe2 f5 10. exf5 gxf5 11. Bg5 Nh6 12. Bxe7 Qxe7 13. Ne5 Nf7 14. f4 O-O-O 15. Nxf7 Qxf7 16. Qd2 Bxd4+ 17. Kh1 d5 18. Bxf5 exf5 19. Qxd4 dxc4 20. Qf2 Rhe8 21. Rae1 c5 22. Rxe8 Qxe8 23. Re1 Qg6 24. Kg1 Rd4 25. g3 h5 26. Nb5 Re4 27. Rd1 h4 28. Nd6+ Kb8 29. Nxe4 Bxe4 30. Rd8+ Kb7 31. Qd2
jYNVG,2r4r/pp3kp1/2n1Nn1p/q2p1P1b/1b5P/2N1B3/PPP3Q1/2K1RB1R b - - 5 19,b4c3 g2g7,1090,84,92,1384,crushing middlegame oneMove,https://lichess.org/lVBIG2qm/black#38,Caro-Kann_Defense Caro-Kann_Defense_Advance_Variation,1,"(1000, 1100]",False,lVBIG2qm,1. e4 c6 2. d4 d5 3. e5 Bf5 4. Nc3 e6 5. g4 Bg6 6. Nge2 c5 7. h4 h6 8. Be3 Nd7 9. Qd2 Ne7 10. O-O-O Nc6 11. f4 Rc8 12. f5 cxd4 13. Nxd4 exf5 14. gxf5 Bh5 15. e6 Nf6 16. exf7+ Kxf7 17. Re1 Bb4 18. Ne6 Qa5 19. Qg2
GWTfD,6k1/5pp1/p3pn1p/8/4Q3/1BP5/PP2KPP1/4R2q b - - 0 34,f6e4 e1h1,1033,96,67,49,crushing endgame hangingPiece oneMove,https://lichess.org/1VQOX2Rc/black#68,,1,"(1000, 1100]",False,1VQOX2Rc,1. e4 c5 2. Bc4 Nc6 3. Nc3 a6 4. Nf3 e6 5. d4 cxd4 6. Nxd4 Qc7 7. O-O Nf6 8. Nxc6 bxc6 9. Re1 Bd6 10. h3 O-O 11. Be3 Be7 12. Qd2 Bb7 13. Bf4 d6 14. e5 Nd5 15. exd6 Bxd6 16. Bxd6 Qxd6 17. Ne4 Qc7 18. Qg5 Qe7 19. Qg3 Rad8 20. h4 Nf6 21. Ng5 h6 22. Nf3 c5 23. Ne5 Rd4 24. c3 Nh5 25. Qe3 Rxh4 26. Rad1 Rd8 27. Rxd8+ Qxd8 28. Qxc5 Nf6 29. Nc6 Bxc6 30. Qxc6 Qb8 31. Bb3 Qh2+ 32. Kf1 Qh1+ 33. Ke2 Re4+ 34. Qxe4
x9ufo,1rb2rk1/6pp/p1q1p3/1p3pN1/5b2/2BQ4/PPP2PPP/R3R1K1 w - - 1 21,g5e6 c8e6,1059,188,0,10,advantage middlegame oneMove,https://lichess.org/obOkKTrd#41,,1,"(1000, 1100]",False,obOkKTrd,1. e4 c5 2. Nf3 d6 3. Nc3 Nf6 4. d4 cxd4 5. Nxd4 Nc6 6. Be2 e6 7. O-O Be7 8. Be3 O-O 9. Nf3 a6 10. Na4 Rb8 11. Bb6 Qd7 12. Bd3 Nb4 13. Nc3 Nxd3 14. Qxd3 Qc6 15. Bd4 b5 16. e5 Nd5 17. exd6 Bxd6 18. Ng5 f5 19. Rfe1 Nxc3 20. Bxc3 Bf4
muGgH,r2qk1nr/pppb1ppp/2np4/1B6/Qb2P3/2p2N2/P4PPP/RNB2RK1 b kq - 3 9,g8f6 b5c6,1087,136,8,12,advantage oneMove opening,https://lichess.org/YtwonQgI/black#18,Scotch_Game Scotch_Game_Haxo_Gambit,1,"(1000, 1100]",False,YtwonQgI,1. e4 e5 2. Nf3 Nc6 3. d4 exd4 4. Bc4 Bc5 5. O-O d6 6. b4 Bxb4 7. c3 dxc3 8. Qa4 Bd7 9. Bb5
WHZC6,r3k2r/p3bpp1/1p2pP1p/8/3p4/6P1/PP3PbP/R1B1RNK1 b kq - 0 16,e7f6 g1g2,1104,89,60,54,advantage hangingPiece middlegame oneMove,https://lichess.org/Sd5D4pqS/black#32,Sicilian_Defense Sicilian_Defense_Old_Sicilian,1,"(1100, 1200]",False,Sd5D4pqS,1. e4 c5 2. Nf3 Nc6 3. c3 e6 4. d3 h6 5. g3 b6 6. Bg2 Bb7 7. Nbd2 d6 8. O-O Be7 9. Re1 Ne5 10. Nf1 Nf6 11. Nxe5 dxe5 12. d4 cxd4 13. cxd4 Qxd4 14. Qxd4 exd4 15. e5 Bxg2 16. exf6
dFOwl,r5k1/pp3n2/2p3p1/7b/3qNB2/6QP/PPP3P1/4R1K1 w - - 4 27,f4e3 d4e4,1120,119,64,58,equality hangingPiece middlegame oneMove,https://lichess.org/tLnc8HYL#53,,1,"(1100, 1200]",False,tLnc8HYL,1. e4 e5 2. Nf3 Nc6 3. Bc4 Nf6 4. Qe2 h6 5. Nc3 Bc5 6. Bxf7+ Kxf7 7. Qc4+ Ke8 8. Qxc5 d6 9. Qe3 Bg4 10. Nh4 Kf7 11. O-O Rf8 12. f4 Kg8 13. fxe5 Nxe5 14. d4 Nc4 15. Qg3 Qe8 16. e5 dxe5 17. dxe5 Nxe5 18. h3 Bh5 19. Bxh6 Rf7 20. Nf5 g6 21. Ng7 Rxg7 22. Rxf6 Rf7 23. Rxf7 Nxf7 24. Bf4 c6 25. Re1 Qd7 26. Ne4 Qd4+
LF1Jy,3b4/3k4/1p1p4/p2PpKp1/P1P1NpP1/1P3P2/8/8 w - - 14 53,e4g5 d8g5,1151,153,65,29,endgame equality oneMove,https://lichess.org/xdWOVOUj#105,,1,"(1100, 1200]",False,xdWOVOUj,1. d4 Nf6 2. Nf3 g6 3. Bg5 Bg7 4. e3 O-O 5. Bd3 d6 6. h3 Nbd7 7. c4 c5 8. Nc3 a6 9. O-O h6 10. Bh4 Qc7 11. Re1 Re8 12. Qc2 cxd4 13. exd4 e5 14. Rad1 b6 15. d5 Nc5 16. Bxf6 Nxd3 17. Qxd3 Bxf6 18. b3 Bf5 19. Ne4 Bg7 20. Nh4 Bxe4 21. Qxe4 f5 22. Qb1 Qf7 23. g4 Bf6 24. Ng2 f4 25. f3 g5 26. Qf5 Kg7 27. Re2 Rad8 28. Ne1 Qd7 29. Qxd7+ Rxd7 30. Nd3 Kg6 31. Nb4 a5 32. Nc6 h5 33. Kg2 hxg4 34. hxg4 Rh8 35. Rh1 Rxh1 36. Kxh1 Rh7+ 37. Rh2 Rg7 38. Kg2 Rg8 39. Kg1 Re8 40. Re2 Kf7 41. a4 Kg6 42. Na7 Kf7 43. Nb5 Ke7 44. Rh2 Rh8 45. Rxh8 Bxh8 46. Kf2 Kd7 47. Ke2 Bf6 48. Kd3 Bd8 49. Ke4 Be7 50. Kf5 Bd8 51. Nc3 Be7 52. Ne4 Bd8
SmADK,r1b1kbr1/pp1p1p1p/4pp2/8/3NP3/2NB1Q2/PqP2PPP/R3K2R w KQq - 0 12,d4b5 b2a1,1188,122,14,21,advantage hangingPiece middlegame oneMove,https://lichess.org/NDZ9zyLj#23,Sicilian_Defense Sicilian_Defense_Four_Knights_Variation,1,"(1100, 1200]",False,NDZ9zyLj,1. e4 c5 2. Nf3 e6 3. d4 cxd4 4. Nxd4 Nf6 5. Nc3 Nc6 6. Bg5 Qa5 7. Bxf6 gxf6 8. Nb3 Qb4 9. Bd3 Rg8 10. Qf3 Nd4 11. Nxd4 Qxb2
oaOvi,8/8/1R1bk3/p1P2p1n/8/5K2/8/8 b - - 0 39,h5f6 b6d6,1137,111,33,18,advantage endgame oneMove,https://lichess.org/D5ZX094C/black#78,,1,"(1100, 1200]",False,D5ZX094C,1. e4 e5 2. Nf3 Nf6 3. Bc4 Nxe4 4. O-O d5 5. Bd3 Bd6 6. Bxe4 dxe4 7. d4 exf3 8. dxe5 fxg2 9. Re1 Be7 10. Qf3 O-O 11. Nc3 Nc6 12. Qxg2 Qd4 13. Re4 Qd7 14. Bh6 g6 15. Bxf8 Bxf8 16. Rd1 Qh3 17. Nd5 Qxg2+ 18. Kxg2 Bf5 19. Re2 Rd8 20. Nf6+ Kg7 21. Rxd8 Nxd8 22. Ne8+ Kg8 23. Nxc7 Bg7 24. f4 f6 25. Nd5 fxe5 26. Ne7+ Kf7 27. Nxf5 gxf5 28. fxe5 Ke6 29. Re3 Bxe5 30. b4 Nc6 31. Rh3 Nxb4 32. Rxh7 Nxa2 33. Rxb7 a5 34. Rb6+ Bd6 35. h4 Nb4 36. c4 Nd3 37. h5 Nf4+ 38. Kf3 Nxh5 39. c5
yvSHt,2r2r2/3q1p1k/pp2p1pb/2p1P1Bp/P2P3Q/2P3R1/1P4PP/5RK1 b - - 1 28,d7a4 g5h6,1232,78,79,105,crushing middlegame oneMove,https://lichess.org/tDj4FFjz/black#56,,1,"(1200, 1300]",False,tDj4FFjz,1. d4 d5 2. e3 e6 3. Bd3 Nc6 4. c3 Nf6 5. f4 g6 6. Nf3 Bg7 7. O-O O-O 8. Nbd2 b6 9. e4 dxe4 10. Nxe4 Bb7 11. Nxf6+ Bxf6 12. Ne5 Nxe5 13. fxe5 Bg7 14. Qg4 Qd7 15. Bg5 h5 16. Qf4 Qc6 17. Rf2 Qd7 18. Bf6 Rac8 19. a4 a6 20. Be4 Bxe4 21. Qxe4 Rfe8 22. Rf3 Qd5 23. Qf4 Rf8 24. Rg3 Qd7 25. Qg5 Kh7 26. Rf1 Bh6 27. Qh4 c5 28. Bg5
o3r50,r1b1kbnr/ppqp1ppp/4p3/8/2BQP3/8/PPP2PPP/RNB2RK1 b kq - 0 7,f8c5 d4g7,1232,85,29,31,crushing oneMove opening,https://lichess.org/Pv3kNRwM/black#14,Sicilian_Defense Sicilian_Defense_Bowdler_Attack,1,"(1200, 1300]",False,Pv3kNRwM,1. e4 c5 2. Bc4 e6 3. Nf3 Nc6 4. d4 cxd4 5. Nxd4 Qc7 6. O-O Nxd4 7. Qxd4
ihmW0,r3kb1r/p4ppp/n1p1pn2/q1Pp1b2/3P1B2/1QN5/P2NPPPP/R3KB1R b KQkq - 4 10,a8b8 f4b8,1235,78,90,989,crushing oneMove opening,https://lichess.org/yI4rImLJ/black#20,Slav_Defense Slav_Defense_Other_variations,1,"(1200, 1300]",False,yI4rImLJ,1. d4 d5 2. c4 c6 3. Nc3 Nf6 4. Bf4 Bf5 5. Nf3 e6 6. c5 b6 7. b4 bxc5 8. bxc5 Qa5 9. Qb3 Na6 10. Nd2
mdjsT,8/p2r3k/R6p/2r5/4n3/3p1N1P/P5P1/3R2K1 w - - 5 34,f3e1 d3d2,1277,78,85,160,advancedPawn crushing endgame oneMove,https://lichess.org/1aZ2xqp1#67,,1,"(1200, 1300]",False,1aZ2xqp1,1. e4 g6 2. Bc4 Bg7 3. f4 d6 4. d3 Nf6 5. Nf3 O-O 6. Nc3 c5 7. Ng5 Bg4 8. Ne2 Nc6 9. h3 Bxe2 10. Qxe2 Nd4 11. Qf2 Qa5+ 12. c3 b5 13. O-O bxc4 14. cxd4 cxd3 15. e5 dxe5 16. fxe5 Nd7 17. Bd2 Qb6 18. dxc5 Qxc5 19. Qxc5 Nxc5 20. Bc3 h6 21. Nf3 e6 22. Rad1 Rad8 23. Bb4 Rd5 24. Rfe1 Rfd8 25. Ba5 R8d7 26. Rd2 f6 27. exf6 Bxf6 28. Bc3 Bxc3 29. bxc3 Na4 30. Rxe6 Nxc3 31. Rxg6+ Kh7 32. Ra6 Ne4 33. Rd1 Rc5
OoQ7T,2rqr1k1/pp1b1pb1/2n3P1/8/4p3/1NPBB1Q1/P1P3P1/4RRK1 b - - 0 25,e4d3 g6f7,1293,77,93,1121,advancedPawn crushing kingsideAttack middlegame oneMove pin,https://lichess.org/vwQoU2rL/black#50,,1,"(1200, 1300]",False,vwQoU2rL,1. e4 c5 2. Nf3 Nc6 3. d4 cxd4 4. Nxd4 Nf6 5. Nc3 e5 6. Nb3 Bb4 7. Bd3 d5 8. exd5 Nxd5 9. Bd2 Nxc3 10. bxc3 Be7 11. O-O O-O 12. Qh5 g6 13. Qh6 Re8 14. Rae1 Bf8 15. Qe3 Bg7 16. f4 Bg4 17. Qg3 Bd7 18. f5 Qb6+ 19. Be3 Qc7 20. fxg6 hxg6 21. h4 Rac8 22. h5 e4 23. Bf4 Qb6+ 24. Be3 Qd8 25. hxg6
xJMkF,rn2k2r/pp4pp/2p1pn2/q3p3/1bPpP3/P1NP2P1/1P3PBP/R1BQK2R w KQkq - 1 11,c1d2 d4c3,1305,76,92,387,advantage middlegame oneMove,https://lichess.org/8MASdBRJ#21,English_Opening English_Opening_Kings_English_Variation,1,"(1300, 1400]",False,8MASdBRJ,1. c4 e5 2. g3 Nf6 3. Bg2 c6 4. Nc3 Bb4 5. e4 d6 6. Nf3 Be6 7. d3 d5 8. Ng5 d4 9. Nxe6 fxe6 10. a3 Qa5
krA12,6k1/1p1b1n1p/pq2pBp1/3pP3/6P1/1Pr4P/P2Q2B1/2R2K2 w - - 0 23,d2c3 d7b5,1306,76,82,217,crushing middlegame oneMove,https://lichess.org/u81Vmhbw#45,,1,"(1300, 1400]",False,u81Vmhbw,1. e4 c5 2. f4 a6 3. Nf3 g6 4. c3 Bg7 5. d4 cxd4 6. cxd4 d5 7. e5 Nc6 8. Nc3 Nh6 9. h3 O-O 10. g4 f6 11. Bg2 fxe5 12. fxe5 e6 13. O-O Na5 14. Be3 Nc4 15. Bg5 Qb6 16. b3 Nxe5 17. Nxe5 Rxf1+ 18. Kxf1 Bxe5 19. dxe5 Nf7 20. Bf6 Bd7 21. Qd2 Rc8 22. Rc1 Rxc3
tapS0,r4r1k/p1p2p1p/1p1p2qp/4p3/2P1R2b/3P2NP/P1P2PP1/1R1Q2K1 b - - 3 20,f8g8 e4h4,1398,76,85,355,advantage hangingPiece middlegame oneMove,https://lichess.org/SfTt8kXM/black#40,,1,"(1300, 1400]",False,SfTt8kXM,1. e4 e5 2. Nf3 Nc6 3. Bc4 Nf6 4. Nc3 Be7 5. d3 O-O 6. O-O d6 7. Ne2 Na5 8. b3 Nxc4 9. bxc4 Bg4 10. Ng3 Qd7 11. Nf5 Bxf5 12. exf5 Qxf5 13. Ng5 Ng4 14. h3 Nh6 15. Ne4 Bh4 16. Bxh6 gxh6 17. Ng3 Qg6 18. Rb1 b6 19. Re1 Kh8 20. Re4
SaGkU,3r4/p7/2p1k1Pp/1p3b1B/1P6/P1p1b1B1/2R3PP/1K6 b - - 0 33,d8d1 h5d1,1379,79,91,1932,advantage endgame hangingPiece oneMove,https://lichess.org/PS0IrBVA/black#66,,1,"(1300, 1400]",False,PS0IrBVA,1. e4 e5 2. Nf3 Nf6 3. Nxe5 d6 4. Nf3 Nxe4 5. Qe2 Qe7 6. d3 Nf6 7. Nc3 c6 8. Bg5 Qxe2+ 9. Bxe2 Be7 10. Ne4 Nxe4 11. dxe4 f6 12. Bf4 g5 13. Bg3 Be6 14. a3 Nd7 15. O-O-O Ne5 16. Nxe5 fxe5 17. Bh5+ Kd7 18. Bxe5 Rhf8 19. Bg3 Kc7 20. Rhe1 h6 21. e5 d5 22. c4 dxc4 23. Re3 Bc5 24. Rc3 b5 25. f3 Rfd8 26. Rxd8 Rxd8 27. b4 Bd4 28. Rc2 c3 29. f4 Be3+ 30. Kb1 Bf5 31. e6 Kd6 32. fxg5+ Kxe6 33. g6
krGuI,Nn4k1/p4ppp/3q4/2p1p3/8/6P1/P3PPBP/1R3K1R w - - 0 23,a8c7 d6c7,1359,420,0,4,endgame equality hangingPiece oneMove,https://lichess.org/UeziiVPe#45,,1,"(1300, 1400]",False,UeziiVPe,1. d4 d5 2. Nf3 Nf6 3. g3 Bg4 4. Bg2 b6 5. c4 c6 6. Nc3 dxc4 7. Ne5 Qc7 8. Bf4 b5 9. Nxg4 Qd7 10. Nxf6+ exf6 11. Nxb5 Bb4+ 12. Kf1 O-O 13. Nc7 c3 14. Nxa8 cxb2 15. Rb1 Bc3 16. d5 c5 17. Qb3 Be5 18. Bxe5 fxe5 19. Qxb2 Na6 20. d6 Qxd6 21. Qb7 Rb8 22. Qxb8+ Nxb8
ydEGi,r5kr/2qn2pp/p2bbpN1/2pp3Q/3P1B2/2P5/PP3PPP/RN3RK1 w - - 4 16,g6h8 d6f4,1489,87,100,91,equality hangingPiece middlegame oneMove,https://lichess.org/eSwc2qJH#31,,1,"(1400, 1500]",False,eSwc2qJH,1. e4 c5 2. Nf3 Nc6 3. Bc4 e6 4. O-O d5 5. exd5 exd5 6. Bb5 a6 7. Bxc6+ bxc6 8. d4 Nf6 9. Ne5 Be6 10. Nxc6 Qc7 11. Ne5 Bd6 12. c3 Nd7 13. Bf4 f6 14. Qh5+ Kf8 15. Ng6+ Kg8
s6HKj,rnbq1rk1/pp5p/6pP/3p1n2/4Np2/2QP1N2/PP2PPB1/R3K2R w KQ - 0 16,e4g3 f4g3,1411,193,0,8,advantage middlegame oneMove,https://lichess.org/eSuoxdLH#31,English_Opening English_Opening_Kings_English_Variation,1,"(1400, 1500]",False,eSuoxdLH,1. c4 e5 2. g3 Bd6 3. Bg2 Ne7 4. Nc3 c6 5. Nf3 O-O 6. d3 Bc7 7. h4 f5 8. h5 f4 9. h6 g6 10. gxf4 exf4 11. Ne4 Ba5+ 12. Bd2 Bxd2+ 13. Qxd2 d5 14. Qc3 Nf5 15. cxd5 cxd5
6ZGw1,8/5pkp/1p4p1/5b2/4N3/2b2PK1/r5PP/5B1R b - - 1 37,h7h6 e4c3,1407,81,78,55,advantage endgame hangingPiece oneMove,https://lichess.org/6D1z9aLY/black#74,,1,"(1400, 1500]",False,6D1z9aLY,1. d4 Nf6 2. Bf4 g6 3. Nc3 Bg7 4. e4 d6 5. Qd2 O-O 6. O-O-O c6 7. Bh6 Qa5 8. f3 c5 9. d5 Bh8 10. Bxf8 Kxf8 11. Kb1 Bd7 12. Nb5 Qd8 13. e5 dxe5 14. d6 Nc6 15. Nc7 Rc8 16. dxe7+ Nxe7 17. Nb5 e4 18. Nd6 Rc6 19. Nxe4 Qb6 20. Nxf6 Bxf6 21. c3 Be6 22. Qd8+ Kg7 23. Qxb6 Rxb6 24. Ne2 Nd5 25. Ka1 Ne3 26. Rd2 Bf5 27. b3 a5 28. Kb2 Nc4+ 29. Kc1 Nxd2 30. Kxd2 a4 31. Nc1 Rd6+ 32. Ke1 Bxc3+ 33. Kf2 Rd2+ 34. Kg3 axb3 35. Nxb3 Rxa2 36. Nxc5 b6 37. Ne4
H9S6q,3r2k1/1p3ppp/p1n5/4P3/5Nb1/P1B1p1PP/1P3bB1/2K4R b - - 0 20,e3e2 h3g4,1453,81,83,43,advantage hangingPiece middlegame oneMove,https://lichess.org/0OmlvpEP/black#40,,1,"(1400, 1500]",False,0OmlvpEP,1. d4 d5 2. c4 e6 3. Nc3 a6 4. cxd5 exd5 5. e4 Be6 6. a3 Nf6 7. e5 Ne4 8. Nxe4 dxe4 9. Be3 c5 10. dxc5 Qa5+ 11. Qd2 Qxd2+ 12. Bxd2 Bxc5 13. Ne2 Nc6 14. Bc3 O-O 15. O-O-O Rad8 16. g3 Bxf2 17. Bg2 Bg4 18. Rxd8 Rxd8 19. Nf4 e3 20. h3
lwYdo,4r1k1/2qbr1np/p2pp1pB/2p1b1N1/1p2PNQP/3P4/P1P3P1/4RRK1 b - - 2 24,e5f4 g4f4,1470,164,0,9,advantage middlegame oneMove,https://lichess.org/9ctrs6jr/black#48,,1,"(1400, 1500]",False,9ctrs6jr,1. e4 c5 2. Nc3 Nc6 3. Bb5 Qc7 4. d3 d6 5. f4 Bd7 6. Nf3 Nf6 7. O-O g6 8. Qe1 Bg7 9. Bd2 O-O 10. Qg3 a6 11. Bc4 b5 12. Bd5 e6 13. Bxc6 Bxc6 14. Rae1 b4 15. Ne2 Nh5 16. Qg4 Bxb2 17. f5 Ng7 18. fxg6 fxg6 19. Bh6 Rae8 20. Nf4 Bd7 21. Qg3 Rf7 22. Ng5 Rfe7 23. h4 Be5 24. Qg4
ncy9Y,r1b1k1nr/pp1p2pp/2p1n1q1/2b1P3/2B1N3/3Q4/PPPP2PP/R1B2R1K b kq - 1 12,b7b5 c4e6,1520,87,79,41,advantage middlegame oneMove,https://lichess.org/0n57Snee/black#24,Kings_Gambit_Declined Kings_Gambit_Declined_Miles_Defense,1,"(1500, 1600]",False,0n57Snee,1. e4 e5 2. f4 Nc6 3. Nf3 f5 4. Bc4 fxe4 5. O-O exf3 6. Qxf3 Bc5+ 7. Kh1 Qf6 8. Nc3 Nd4 9. Qd5 Ne6 10. fxe5 Qg6 11. Ne4 c6 12. Qd3
Jf91m,1r6/3kq3/4p3/p1pp4/2b5/2Q4P/P4PP1/4R1K1 b - - 6 34,c4a2 c3a5,1531,113,100,66,endgame equality oneMove,https://lichess.org/zbfgx7n4/black#68,,1,"(1500, 1600]",False,zbfgx7n4,1. e4 Nf6 2. e5 Nd5 3. d4 Nb6 4. c4 d5 5. c5 N6d7 6. Nc3 e6 7. Nf3 c6 8. Be2 b6 9. b4 a5 10. b5 bxc5 11. bxc6 Nxc6 12. Bg5 Be7 13. Bxe7 Qxe7 14. Nb5 Qd8 15. Nd6+ Ke7 16. Ng5 Rf8 17. Nxh7 Rh8 18. Ng5 Rf8 19. O-O Nxd4 20. Bh5 Nxe5 21. Ndxf7 Nxf7 22. Nxf7 Rxf7 23. Bxf7 Kxf7 24. Qh5+ Ke7 25. Rac1 Qe8 26. Qg5+ Kd6 27. Rfe1 Ba6 28. Qxg7 Ne2+ 29. Rxe2 Bxe2 30. Re1 Rb8 31. h3 Bc4 32. Qe5+ Kd7 33. Qg7+ Qe7 34. Qc3
BGIfa,6k1/1p1q4/p2Pn2p/P4pp1/1P1bNP2/6P1/6KP/2BQ4 b - - 2 36,f5e4 f4f5,1547,94,100,78,endgame equality oneMove,https://lichess.org/VmHLj1of/black#72,,1,"(1500, 1600]",False,VmHLj1of,1. d4 d6 2. c4 Nd7 3. Nc3 e5 4. Nf3 c6 5. e4 h6 6. Be2 Qe7 7. d5 g5 8. O-O Bg7 9. b4 Ngf6 10. a4 O-O 11. a5 a6 12. Qc2 Nh7 13. Ne1 Rd8 14. Bg4 Nhf6 15. Bf5 Nf8 16. Nd1 Bxf5 17. exf5 cxd5 18. cxd5 Rac8 19. Qb3 Qd7 20. Ne3 Ne8 21. Bb2 Rc7 22. Nf3 Rdc8 23. Rac1 Rxc1 24. Rxc1 Rxc1+ 25. Bxc1 Nc7 26. Nd2 Nb5 27. Ndc4 Nd4 28. Qd3 e4 29. Qd1 Nxf5 30. Nxf5 Qxf5 31. Nxd6 Qd7 32. Nxe4 Ne6 33. d6 Be5 34. g3 f5 35. f4 Bd4+ 36. Kg2
xDrZ5,4rb2/5qp1/k1p3p1/p1p1p1B1/4Qn1P/P2r1P2/1PR3P1/1K5R b - - 3 26,f7e6 g5f4,1565,171,100,34,equality middlegame oneMove,https://lichess.org/T9AcRnEK/black#52,,1,"(1500, 1600]",False,T9AcRnEK,1. e4 e5 2. Nf3 Nc6 3. Bb5 a6 4. Bxc6 dxc6 5. d3 Bd6 6. Nc3 f5 7. Bg5 Nf6 8. exf5 Bxf5 9. Qe2 Qe7 10. Nh4 Bg6 11. Nxg6 hxg6 12. h4 O-O-O 13. Ne4 Rhe8 14. O-O-O Qf7 15. Kb1 a5 16. c4 Rd7 17. c5 Bf8 18. f3 b6 19. cxb6 cxb6 20. Rc1 Kb7 21. Rc2 Nd5 22. a3 Nf4 23. Qe3 Rxd3 24. Nc5+ bxc5 25. Qe1 Ka6 26. Qe4
rtmVq,r3kb1r/p4ppp/3q1n2/1B2pQ2/4P3/1P1P4/1B1K1PPP/R7 b kq - 0 17,e8e7 b2a3,1504,76,90,2927,crushing middlegame oneMove pin,https://lichess.org/zlYTQfEj/black#34,Philidor_Defense Philidor_Defense_Other_variations,1,"(1500, 1600]",False,zlYTQfEj,1. e4 e5 2. Nf3 d6 3. Bc4 Bg4 4. Nc3 Nc6 5. d3 Qf6 6. Nd5 Qd8 7. Nc3 Nd4 8. Nxe5 dxe5 9. Qxg4 Nxc2+ 10. Kd2 Nxa1 11. Qf5 Nf6 12. b3 Qd6 13. Bb2 Nxb3+ 14. axb3 c6 15. Ra1 b5 16. Nxb5 cxb5 17. Bxb5+
6MHBw,1k3r2/1pp3p1/p1n3r1/3B3p/P3Pb1q/N1P4P/1P2QPP1/R4RK1 w - - 4 21,e2d3 c6e5,1655,105,20,23,crushing middlegame oneMove,https://lichess.org/baQdCK4G#41,,1,"(1600, 1700]",False,baQdCK4G,1. e4 e5 2. Nf3 Nf6 3. Bc4 Nc6 4. Ng5 d5 5. exd5 Nxd5 6. Qf3 Be6 7. Nxe6 fxe6 8. c3 Bc5 9. O-O Qh4 10. d3 Rf8 11. Qe2 Bd6 12. Na3 e4 13. h3 O-O-O 14. dxe4 Nf4 15. Bxf4 Bxf4 16. Bxe6+ Kb8 17. Nb5 h5 18. a4 a6 19. Na3 Rd6 20. Bd5 Rg6
aK2Ik,r2q1r2/1b3pp1/p1nbpnk1/1p4N1/3P4/P1N2Q1P/1P3PP1/R1B1R1K1 b - - 5 17,a8b8 f3d3,1635,78,85,117,crushing middlegame oneMove,https://lichess.org/jAFBHoMq/black#34,Tarrasch_Defense Tarrasch_Defense_Symmetrical_Variation,1,"(1600, 1700]",False,jAFBHoMq,1. d4 d5 2. c4 e6 3. Nc3 Nf6 4. Nf3 c5 5. e3 Nc6 6. a3 a6 7. Bd3 cxd4 8. exd4 dxc4 9. Bxc4 b5 10. Bd3 Nd5 11. O-O Bb7 12. Re1 Bd6 13. h3 O-O 14. Bxh7+ Kxh7 15. Ng5+ Kg6 16. Qg4 Nf6 17. Qf3
zYp7U,r1b2rk1/p4pp1/2p1pn2/q1Pp2N1/3P4/2N1P3/P4PPP/2RQ1RK1 w - - 3 16,d1d3 c8a6,1605,157,100,30,equality middlegame oneMove,https://lichess.org/fIgH5Ftc#31,,1,"(1600, 1700]",False,fIgH5Ftc,1. d4 d5 2. c4 c6 3. Nc3 Nf6 4. Nf3 e6 5. Bg5 Nbd7 6. e3 Be7 7. Rc1 O-O 8. c5 b6 9. b4 bxc5 10. bxc5 Qa5 11. Bd3 Ne4 12. Bxe4 Bxg5 13. Bxh7+ Kxh7 14. Nxg5+ Kg8 15. O-O Nf6
Ibyle,r1b2rk1/p1pp1ppp/2p5/3n4/8/3B4/PqPB1PPP/R3QRK1 b - - 4 13,c8b7 a1b1,1695,91,73,67,advantage middlegame oneMove,https://lichess.org/Fe3op607/black#26,Scotch_Game Scotch_Game_Mieses_Variation,1,"(1600, 1700]",False,Fe3op607,1. e4 e5 2. Nf3 Nc6 3. d4 exd4 4. Nxd4 Nf6 5. Nxc6 bxc6 6. e5 Qe7 7. Bg5 Qxe5+ 8. Be3 Qxb2 9. Nd2 Bb4 10. Bd3 Bxd2+ 11. Bxd2 O-O 12. O-O Nd5 13. Qe1
GLaRB,1k4Q1/1p2qp2/2p1p2p/4P3/8/1R2N1P1/3rrP1P/6K1 b - - 2 34,b8c7 g8a8,1687,84,68,43,advantage endgame oneMove,https://lichess.org/GJ85Lz2j/black#68,,1,"(1600, 1700]",False,GJ85Lz2j,1. Nf3 d5 2. g3 e6 3. Bg2 Nf6 4. d3 h6 5. Nbd2 Nc6 6. O-O a6 7. c4 dxc4 8. Nxc4 Qe7 9. b3 Bd7 10. Ba3 Qd8 11. Bxf8 Rxf8 12. e4 Qe7 13. e5 Nd5 14. d4 O-O-O 15. a3 Kb8 16. b4 Na7 17. Rb1 Bb5 18. Nfd2 Nc3 19. Qc2 Nxb1 20. Rxb1 Rxd4 21. Ne3 Rfd8 22. Nb3 Rd3 23. Nc5 Rd2 24. Qe4 c6 25. a4 Bd3 26. Nxd3 R8xd3 27. b5 axb5 28. axb5 Nxb5 29. Bf1 Rd4 30. Qh7 Nc3 31. Rb3 Ne2+ 32. Bxe2 Rxe2 33. Qxg7 Rdd2 34. Qg8+
vc2z2,rr6/p1p1nkpp/2pqpp2/3p4/P2P1P2/2N3P1/1PP1QP1P/2KRR3 b - - 0 14,b8b2 c1b2,1724,77,86,318,crushing hangingPiece middlegame oneMove,https://lichess.org/oHzGSOAp/black#28,Queens_Pawn_Game Queens_Pawn_Game_Chigorin_Variation,1,"(1700, 1800]",False,oHzGSOAp,1. Nf3 Nc6 2. d4 d5 3. Bf4 f6 4. Nc3 Bg4 5. a4 Bxf3 6. exf3 e6 7. Bb5 Bd6 8. Bxd6 Qxd6 9. Qe2 Ne7 10. Bxc6+ bxc6 11. O-O-O O-O 12. Rhe1 Kf7 13. g3 Rfb8 14. f4
VWS3d,r2qk2r/1p2bppp/p1n5/3bp3/8/1N1BBP2/PPP3PP/R2Q1RK1 w kq - 4 13,b3c5 d8b6,1779,77,85,158,advantage oneMove opening,https://lichess.org/mfKfrQFq#25,Sicilian_Defense Sicilian_Defense_Najdorf_Variation,1,"(1700, 1800]",False,mfKfrQFq,1. Nc3 c5 2. e4 d6 3. Nf3 Nf6 4. d4 cxd4 5. Nxd4 a6 6. Bd3 e5 7. Nb3 Be6 8. f3 d5 9. exd5 Nxd5 10. Nxd5 Bxd5 11. Be3 Nc6 12. O-O Be7
aFUmK,r3kb1r/2q2ppp/B3pn2/8/8/1Q1PPP2/1P3P1P/R1B1K2R b KQkq - 0 14,a8a6 a1a6,1797,152,7,18,crushing hangingPiece middlegame oneMove,https://lichess.org/oIET0ub5/black#28,Reti_Opening Reti_Opening_Reti_Accepted,1,"(1700, 1800]",False,oIET0ub5,1. Nf3 d5 2. c4 dxc4 3. e3 b5 4. a4 c6 5. Na3 a6 6. axb5 cxb5 7. Nxb5 Bb7 8. Nbd4 Nf6 9. Bxc4 e6 10. Qb3 Qc7 11. d3 Nc6 12. Nxc6 Bxc6 13. Bxa6 Bxf3 14. gxf3
QrbYp,1B5k/p5b1/1p5p/2p3p1/2Pp4/1P1Q2KP/P2R1PP1/6qr w - - 6 34,d3f3 g1h2,1794,103,0,34,crushing endgame oneMove,https://lichess.org/hrTgi9fq#67,,1,"(1700, 1800]",False,hrTgi9fq,1. e4 g6 2. d4 Bg7 3. Nf3 d6 4. c3 Nc6 5. Be2 e5 6. dxe5 Nxe5 7. Nbd2 Ne7 8. Nxe5 dxe5 9. O-O Be6 10. Qc2 O-O 11. Nf3 h6 12. Be3 Kh7 13. Rad1 Qe8 14. c4 Nc6 15. b3 Qe7 16. h3 Rad8 17. Rxd8 Rxd8 18. Rd1 Nd4 19. Nxd4 exd4 20. Bf4 c5 21. Qd3 Re8 22. Qg3 b6 23. Bd3 Qd7 24. Bc1 f5 25. exf5 Bxf5 26. Bxf5 Qxf5 27. Bf4 Qc2 28. Rd2 Re1+ 29. Kh2 Qc1 30. Qf3 g5 31. Qd3+ Kh8 32. Bb8 Rh1+ 33. Kg3 Qg1
w96Rz,8/1p5p/p3kP2/4p1P1/6p1/6K1/P1P5/8 b - - 3 38,h7h5 g5h6,1740,376,0,2,enPassant endgame equality oneMove pawnEndgame,https://lichess.org/HRs98hC1/black#76,,1,"(1700, 1800]",False,HRs98hC1,1. e4 d6 2. d4 Nf6 3. Nc3 g6 4. f4 Bg7 5. Nf3 O-O 6. e5 dxe5 7. fxe5 Nd5 8. Bc4 Nxc3 9. bxc3 c5 10. O-O Nc6 11. Ng5 e6 12. Nf3 Qa5 13. Qd3 Rd8 14. Bg5 Rd7 15. Bf6 cxd4 16. cxd4 Bxf6 17. exf6 Nxd4 18. Nxd4 Qc5 19. Rad1 e5 20. Rfe1 Rxd4 21. Qxd4 exd4 22. Re8+ Qf8 23. Rxf8+ Kxf8 24. Rxd4 Bf5 25. Bb3 Rc8 26. Rd2 Ke8 27. h3 a6 28. g4 Be6 29. Re2 Kd7 30. Bxe6+ fxe6 31. g5 Rc3 32. h4 Rc4 33. Rh2 e5 34. h5 Rg4+ 35. Rg2 gxh5 36. Rxg4 hxg4 37. Kg2 Ke6 38. Kg3
eyzDt,3qr1k1/r3b1pp/p1p1Rpb1/2pp4/N7/3P4/PPPBQ1PP/4R1K1 b - - 1 18,a7c7 d2a5,1875,79,85,559,advantage middlegame oneMove,https://lichess.org/6AeokuDP/black#36,Sicilian_Defense Sicilian_Defense_Closed,1,"(1800, 1900]",False,6AeokuDP,1. e4 c5 2. Nc3 e6 3. f4 d5 4. Bb5+ Nc6 5. d3 a6 6. Bxc6+ bxc6 7. Nf3 Ne7 8. O-O Ng6 9. f5 exf5 10. exf5 Bxf5 11. Re1+ Be7 12. Ne5 Nxe5 13. Rxe5 Bg6 14. Qe2 Ra7 15. Bd2 O-O 16. Re1 Re8 17. Na4 f6 18. Re6
1qa15,2r1r1k1/5pp1/4bn1p/3pq3/3np3/PPBP3P/B4PP1/2RQNRK1 w - - 6 23,f2f4 e4f3,1854,136,9,19,crushing enPassant middlegame oneMove,https://lichess.org/nERAfFuf#45,,1,"(1800, 1900]",False,nERAfFuf,1. e4 e5 2. Nf3 Nf6 3. Bb5 c6 4. Ba4 b5 5. Bb3 Bd6 6. Nc3 O-O 7. O-O Re8 8. d3 a5 9. a3 a4 10. Ba2 Bc7 11. Ng5 d5 12. exd5 cxd5 13. Nxb5 h6 14. Nxc7 Qxc7 15. Nf3 Be6 16. h3 Nc6 17. Bd2 Rab8 18. b3 axb3 19. cxb3 e4 20. Ne1 Qe5 21. Rc1 Nd4 22. Bc3 Rbc8
ZqYHa,r3r1k1/1p3ppp/6b1/3pP1P1/p1pP4/7R/1PP1Q1P1/qNK2R2 b - - 1 23,b7b5 h3a3,1896,79,70,55,advantage middlegame oneMove,https://lichess.org/xo0STQ8I/black#46,,1,"(1800, 1900]",False,xo0STQ8I,1. e4 c5 2. Bc4 d6 3. Nf3 e6 4. d3 Nf6 5. Bg5 Be7 6. Nbd2 O-O 7. h4 a6 8. a4 d5 9. exd5 Nxd5 10. Bxd5 exd5 11. Qe2 Bxg5 12. hxg5 Re8 13. Ne5 Nc6 14. f4 Bf5 15. O-O-O Qa5 16. Qh5 Nxe5 17. fxe5 Qxa4 18. Rdf1 Qa1+ 19. Nb1 Bg6 20. Qe2 a5 21. Rh4 a4 22. d4 c4 23. Rh3
ra3JX,8/p4k1p/1p4p1/1PpN1p2/P1P2P2/5K1P/1b6/8 b - - 2 41,h7h6 d5b6,1809,77,79,189,advantage endgame oneMove,https://lichess.org/yfV0siWB/black#82,,1,"(1800, 1900]",False,yfV0siWB,1. e4 c5 2. Bc4 d6 3. a3 Nf6 4. d3 g6 5. Ne2 Bg7 6. c3 Nc6 7. Bd2 O-O 8. b4 Ne5 9. Bf4 Nxc4 10. dxc4 Nxe4 11. O-O b6 12. f3 Nf6 13. Kh1 Be6 14. Nd2 Nd7 15. Ra2 Ne5 16. Bxe5 Bxe5 17. f4 Bg7 18. Rc2 Bf5 19. Rc1 Qd7 20. Ng3 Bd3 21. Rf3 Bf5 22. Nxf5 Qxf5 23. Qe2 Rac8 24. h3 Rfe8 25. b5 Qd7 26. Qd3 e6 27. Rcf1 d5 28. cxd5 Qxd5 29. c4 Qxd3 30. Rxd3 Rcd8 31. Rff3 Bf6 32. Ne4 Be7 33. g4 Rxd3 34. Rxd3 Rd8 35. Rxd8+ Bxd8 36. Kg2 f5 37. gxf5 exf5 38. Nc3 Bf6 39. Nd5 Bb2 40. a4 Kf7 41. Kf3
6Cd6X,7r/1p1kn3/8/1N1P1p2/4p3/4PPp1/PP1RK1Pr/4N3 b - - 0 30,e4f3 e2f3,1888,160,100,19,endgame equality oneMove,https://lichess.org/vN8UXQC4/black#60,,1,"(1800, 1900]",False,vN8UXQC4,1. d4 d5 2. Nf3 c5 3. Bf4 cxd4 4. Qxd4 Nc6 5. Qa4 Bd7 6. e3 f6 7. Bb5 e5 8. Bg3 Nb4 9. Bxd7+ Qxd7 10. Qxd7+ Kxd7 11. Na3 Rc8 12. c3 Nc6 13. Nc2 Bd6 14. O-O Nge7 15. Rad1 h5 16. h3 g5 17. Rfe1 e4 18. Bxd6 Kxd6 19. Nfd4 g4 20. hxg4 hxg4 21. c4 Rh7 22. Nb5+ Kd7 23. cxd5 Ne5 24. Rd2 Rch8 25. Kf1 Nf3 26. Ke2 Nxe1 27. Nxe1 Rh2 28. Nxa7 f5 29. Nb5 g3 30. f3
whROf,3n4/2KPk1p1/6p1/pB6/P4P2/4p1PP/8/8 w - - 4 45,c7b6 d8e6,1934,119,100,25,endgame equality oneMove,https://lichess.org/4d4FcpKj#89,,1,"(1900, 2000]",False,4d4FcpKj,1. Nf3 d5 2. g3 Bg4 3. Bg2 e6 4. O-O Nf6 5. c4 c6 6. d4 Be7 7. Qc2 Nbd7 8. h3 Bh5 9. Nc3 O-O 10. b3 a6 11. Bf4 Rc8 12. Ne5 Nxe5 13. Bxe5 Nd7 14. Bf4 b5 15. Rac1 Bg5 16. Bxg5 Qxg5 17. e3 Bg6 18. Qd2 Qe7 19. Ne2 Nf6 20. Nf4 Be4 21. f3 Bg6 22. Nxg6 hxg6 23. e4 Rfd8 24. cxd5 cxd5 25. e5 Nd7 26. Rxc8 Rxc8 27. Rc1 Qd8 28. Bf1 Rc7 29. a4 bxa4 30. bxa4 Rxc1 31. Qxc1 a5 32. Qc6 Nb8 33. Qd6 Qxd6 34. exd6 Nc6 35. Bb5 Nd8 36. Kf2 f6 37. Ke3 e5 38. dxe5 fxe5 39. f4 e4 40. Kd4 Nb7 41. d7 Kf7 42. Kxd5 e3 43. Kc6 Nd8+ 44. Kc7 Ke7
kRQ6L,1rb2k1r/p3qp2/2Q4p/1p3p2/3P4/PBP4R/1P4PP/5RK1 w - - 0 27,h3h6 e7e3,1903,229,100,16,equality middlegame oneMove,https://lichess.org/UPg63YWW#53,,1,"(1900, 2000]",False,UPg63YWW,1. d4 d5 2. Nc3 Nf6 3. Bg5 e6 4. Bh4 Bb4 5. e4 dxe4 6. a3 Ba5 7. Bc4 c6 8. Ne2 O-O 9. O-O b5 10. Bb3 Bxc3 11. Nxc3 e3 12. fxe3 Nbd7 13. Ne4 h6 14. Bxf6 Nxf6 15. Nxf6+ gxf6 16. Qg4+ Kh8 17. Qf4 Kg7 18. Rf3 Rh8 19. Raf1 f5 20. Rg3+ Kf8 21. Rh3 Qf6 22. c3 Bb7 23. e4 Bc8 24. Qd6+ Qe7 25. Qxc6 Rb8 26. exf5 exf5
MvHzi,2r1rb1k/pp3ppp/1qb2N2/8/3Pp1Q1/P1N1P1P1/1P1n2BP/1R3RK1 w - - 4 24,f6e8 c8e8,1904,170,100,16,equality middlegame oneMove,https://lichess.org/Kl1M4AnT#47,,1,"(1900, 2000]",False,Kl1M4AnT,1. c4 Nf6 2. g3 c6 3. Bg2 d5 4. cxd5 cxd5 5. d4 Nc6 6. e3 Bf5 7. a3 e5 8. Ne2 e4 9. Nbc3 Bd6 10. O-O Rc8 11. Qb3 Na5 12. Qa4+ Bd7 13. Qd1 O-O 14. f3 Re8 15. fxe4 dxe4 16. Bd2 Qb6 17. Qc2 Nb3 18. Rab1 Ba4 19. Qd1 Bc6 20. Nf4 Ng4 21. Qxg4 Nxd2 22. Nh5 Bf8 23. Nf6+ Kh8
s4FJ9,r2qkbnr/1pp1p1p1/p1n2p2/3p2B1/3P1Pbp/3BPN2/PPP1Q1PP/RN2K2R w KQkq - 0 8,f3e5 c6e5,1954,75,89,829,crushing oneMove opening,https://lichess.org/VCQuF08b#15,Queens_Pawn_Game Queens_Pawn_Game_Levitsky_Attack,1,"(1900, 2000]",False,VCQuF08b,1. d4 d5 2. Bg5 Nc6 3. e3 a6 4. Bd3 h5 5. f4 h4 6. Nf3 Bg4 7. Qe2 f6
4gLli,2r1k2r/4bppp/2N1pn2/1Q1q4/P2P1B2/8/1P3PPP/R3K2R b KQk - 0 18,d5c6 a1c1,1953,168,100,13,equality middlegame oneMove pin,https://lichess.org/kyRHPF0S/black#36,,1,"(1900, 2000]",False,kyRHPF0S,1. e4 d5 2. Nf3 c6 3. Nc3 a6 4. exd5 cxd5 5. Bd3 e6 6. Ne2 Bd7 7. c4 Bc6 8. Ned4 dxc4 9. Bxc4 Bxf3 10. Nxf3 Nc6 11. Qa4 b5 12. Bxb5 axb5 13. Qxb5 Rc8 14. a4 Nf6 15. Ne5 Qd6 16. d4 Be7 17. Bf4 Qd5 18. Nxc6
qaSpz,8/5pk1/4p1p1/4P3/pK1P1PP1/8/4n3/3R4 w - - 1 53,b4a4 e2c3 a4a5 c3d1,477,99,79,126,crushing endgame fork master short,https://lichess.org/F1z6WWdg#105,,2,"(400, 500]",False,F1z6WWdg,1. e4 d6 2. d4 g6 3. Nc3 Bg7 4. f4 a6 5. Nf3 b5 6. Bd3 Bb7 7. e5 e6 8. Qe2 Nd7 9. a4 b4 10. Ne4 Bxe4 11. Bxe4 d5 12. Bd3 Qc8 13. a5 c5 14. dxc5 Nxc5 15. Be3 Nxd3+ 16. cxd3 Ne7 17. Rc1 Qd7 18. Bb6 Rc8 19. O-O O-O 20. Nd4 Nc6 21. Nb3 Ne7 22. Qd2 Qb5 23. d4 Rc4 24. Bc5 Re8 25. Qd1 Nc6 26. Nd2 Nxa5 27. Nxc4 dxc4 28. Qd2 Nc6 29. Qe2 Na5 30. Rfd1 Rc8 31. h3 Bf8 32. Bxf8 Kxf8 33. Kh2 Nb3 34. Rc2 a5 35. Qe4 Qd5 36. Qe3 a4 37. Kg3 h5 38. Kh4 Kg7 39. g4 hxg4 40. hxg4 Rh8+ 41. Kg3 Qd8 42. Rxc4 Qh4+ 43. Kf3 Qh2 44. Qf2 Rh3+ 45. Ke2 Qxf2+ 46. Kxf2 Rh2+ 47. Ke3 Rh3+ 48. Ke2 Rh2+ 49. Kd3 Rxb2 50. Rxb4 Nc1+ 51. Kc3 Rxb4 52. Kxb4 Ne2
gHnFr,5b2/8/8/PK2k3/8/8/8/8 b - - 0 68,f8e7 a5a6 e7h4 a6a7,498,103,71,223,advancedPawn bishopEndgame crushing endgame short,https://lichess.org/HuGjb0hF/black#136,,2,"(400, 500]",False,HuGjb0hF,1. d4 Nf6 2. c4 g6 3. Nc3 Bg7 4. e4 d6 5. f3 e5 6. dxe5 dxe5 7. Qxd8+ Kxd8 8. Be3 Nc6 9. O-O-O+ Ke7 10. Nd5+ Nxd5 11. cxd5 Nb8 12. Bc5+ Ke8 13. d6 cxd6 14. Bxd6 Nc6 15. Bb5 Bd7 16. Ne2 a6 17. Bxc6 Bxc6 18. Nc3 Rd8 19. Bc7 Rd7 20. Bb6 Bh6+ 21. Kb1 f5 22. Rxd7 Kxd7 23. Rd1+ Ke6 24. Nd5 fxe4 25. fxe4 Rf8 26. Nc7+ Kf7 27. Rf1+ Kg8 28. Rxf8+ Kxf8 29. Ne6+ Ke7 30. Nc5 Be3 31. Kc2 Bxe4+ 32. Nxe4 Bxb6 33. Kd3 Bd4 34. b3 h6 35. g4 Ke6 36. h4 b5 37. a4 bxa4 38. bxa4 a5 39. Nd2 Bf2 40. h5 gxh5 41. gxh5 Bd4 42. Ne4 Kf5 43. Nd6+ Kg5 44. Nb5 Bb6 45. Nc3 Kxh5 46. Ne4 Kg4 47. Nf6+ Kg3 48. Ne4+ Kg2 49. Nf6 Kg3 50. Nh5+ Kg4 51. Nf6+ Kg5 52. Nh7+ Kg6 53. Nf8+ Kf7 54. Ke4 Kxf8 55. Kf5 h5 56. Kxe5 h4 57. Kf4 h3 58. Kg3 h2 59. Kxh2 Bc7+ 60. Kg2 Bd6 61. Kf3 Ke7 62. Ke4 Kd7 63. Kd5 Kc7 64. Kc4 Bf8 65. Kb5 Kd6 66. Kxa5 Kd5 67. Kb5 Ke5 68. a5
wAXWr,r1r3k1/1b3pp1/5n1p/2p1p3/1p2P3/1B1R1P1P/NPP3P1/3R2K1 w - - 1 23,d3d8 c8d8 d1d8 a8d8,438,113,94,649,crushing middlegame short,https://lichess.org/xAwMjNzP#45,,2,"(400, 500]",False,xAwMjNzP,1. e4 e5 2. Nf3 d6 3. d4 exd4 4. Bc4 h6 5. Qxd4 Nc6 6. Qd1 Nf6 7. O-O Be7 8. Re1 O-O 9. h3 Ne5 10. Nxe5 dxe5 11. Qf3 c6 12. Nc3 b5 13. Bb3 a5 14. a3 Bc5 15. Be3 Bxe3 16. Qxe3 Qd4 17. Rad1 Qxe3 18. Rxe3 Bb7 19. Red3 b4 20. axb4 axb4 21. Na2 c5 22. f3 Rfc8
3y38P,8/5pk1/5p1p/4PP1P/2r1RKP1/8/8/8 b - - 2 54,c4e4 f4e4 f6e5 e4e5,489,103,80,247,crushing endgame short,https://lichess.org/RywJQ6bf/black#108,,2,"(400, 500]",False,RywJQ6bf,1. d4 d5 2. c4 e6 3. Nc3 Nf6 4. Nf3 c5 5. cxd5 exd5 6. g3 cxd4 7. Nxd4 Nc6 8. Bg2 Be7 9. O-O O-O 10. Bg5 Be6 11. Qd2 Qd7 12. Nxe6 Qxe6 13. Nxd5 Rac8 14. Nxe7+ Qxe7 15. Qf4 Qe5 16. Qxe5 Nxe5 17. Bxf6 gxf6 18. Bxb7 Rb8 19. Ba6 Rxb2 20. f4 Ng4 21. Rf3 Re8 22. Bd3 Ne3 23. Kf2 Nc2 24. Bxc2 Rxc2 25. Re3 Rb8 26. Ra3 Rbb2 27. Re1 Rxa2 28. Rxa2 Rxa2 29. Rc1 Rb2 30. Ra1 Rb7 31. f5 Kg7 32. h4 Kh6 33. g4 Rb4 34. Kf3 Rb3+ 35. e3 Rb7 36. Ra6 Kg7 37. Kf4 Rb1 38. Rxa7 Rf1+ 39. Kg3 Rg1+ 40. Kf3 Rf1+ 41. Kg2 Re1 42. Ra3 Re2+ 43. Kf3 Rc2 44. e4 Rc4 45. Re3 h6 46. h5 Rc5 47. Kf4 Re5 48. Rd3 Rc5 49. Rd5 Rc1 50. Rd3 Rf1+ 51. Rf3 Re1 52. Re3 Rc1 53. e5 Rc4+ 54. Re4
I7EIc,8/p7/2p5/1PPp4/5k2/7K/8/8 b - - 0 53,c6b5 c5c6 b5b4 c6c7,450,106,79,163,advancedPawn crushing endgame pawnEndgame short,https://lichess.org/Pxv4CufF/black#106,,2,"(400, 500]",False,Pxv4CufF,1. Nf3 d5 2. d4 e6 3. c4 c6 4. Nbd2 f5 5. e3 Nf6 6. Be2 Bd6 7. b3 Nbd7 8. Bb2 O-O 9. Ne5 Ne4 10. O-O Qf6 11. Ndf3 g5 12. Nxd7 Bxd7 13. Ne5 Be8 14. f3 Nc5 15. dxc5 Bxe5 16. Bxe5 Qxe5 17. Qd4 Qg7 18. cxd5 exd5 19. Rad1 Bg6 20. e4 fxe4 21. fxe4 Qxd4+ 22. Rxd4 Bxe4 23. Bg4 Rxf1+ 24. Kxf1 Rf8+ 25. Kg1 Kg7 26. b4 Kg6 27. a3 h5 28. Be2 Rf4 29. g3 Rf6 30. Bd3 Re6 31. Kf2 Bxd3 32. Rxd3 Re4 33. Kf3 g4+ 34. Kf2 Kf5 35. h4 gxh3 36. Rf3+ Kg4 37. Rf7 Rc4 38. Rg7+ Kf5 39. Rxb7 Rc2+ 40. Kg1 Kg4 41. Rg7+ Kf3 42. Rf7+ Kxg3 43. Rg7+ Kf4 44. Rf7+ Ke5 45. Rh7 Rc3 46. Rxh5+ Kd4 47. Kh2 Rxa3 48. Rh4+ Ke5 49. Rh5+ Kf4 50. Rh4+ Kg5 51. Rxh3 Rxh3+ 52. Kxh3 Kf4 53. b5
jR4S3,4r1k1/bp3pp1/p1pp3p/8/1PPpr3/P5BP/2P2PP1/R3R1K1 w - - 0 22,g3d6 e4e1 a1e1 e8e1,553,88,64,154,crushing endgame kingsideAttack short,https://lichess.org/TUciRggX#43,,2,"(500, 600]",False,TUciRggX,1. e4 e5 2. Nf3 Nc6 3. Bc4 h6 4. O-O Nf6 5. d3 Bc5 6. Bd2 a6 7. a3 O-O 8. b4 Ba7 9. Nc3 d6 10. Nd5 Re8 11. Re1 Be6 12. h3 Nd4 13. Bc3 c6 14. Nxf6+ Qxf6 15. Nxd4 exd4 16. Bd2 Bxc4 17. dxc4 Qg6 18. Qf3 Re6 19. Bf4 Rae8 20. Qg3 Qxg3 21. Bxg3 Rxe4
BiajG,r4rk1/pp1qbppp/3p1n2/4P3/3Q4/8/PP3PPP/RNBR2K1 b - - 0 13,d6e5 d4d7 f6d7 d1d7,595,88,79,216,crushing middlegame short,https://lichess.org/hGeqhLl9/black#26,Sicilian_Defense Sicilian_Defense_Moscow_Variation,2,"(500, 600]",False,hGeqhLl9,1. e4 c5 2. Nf3 d6 3. Bb5+ Nc6 4. O-O Bd7 5. Re1 e5 6. c3 Be7 7. d4 cxd4 8. cxd4 exd4 9. Nxd4 Nxd4 10. Bxd7+ Qxd7 11. Qxd4 Nf6 12. Rd1 O-O 13. e5
LN9Hz,8/p7/8/1K4kp/1P6/2P5/1P6/8 w - - 0 38,b5a6 h5h4 a6a7 h4h3,516,105,84,708,crushing endgame pawnEndgame quietMove short,https://lichess.org/ScGV0B9b#75,,2,"(500, 600]",False,ScGV0B9b,1. e4 e5 2. Bc4 d6 3. Nc3 Be7 4. d3 Nf6 5. Bg5 O-O 6. Nf3 Nc6 7. Bxf6 Bxf6 8. Nd5 Bg4 9. h3 Bxf3 10. gxf3 Nd4 11. c3 Nc6 12. Rg1 Kh8 13. Qd2 Na5 14. Bb3 c6 15. Nxf6 Qxf6 16. Ke2 Qh4 17. Rg3 f5 18. Rag1 Nxb3 19. axb3 Rf7 20. exf5 Raf8 21. Qg5 Qxg5 22. Rxg5 Rxf5 23. Rxg7 Rxf3 24. R1g2 Rxf2+ 25. Rxf2 Rxf2+ 26. Kxf2 Kxg7 27. Kf3 Kf6 28. Kg4 d5 29. h4 b5 30. b4 e4 31. dxe4 dxe4 32. Kf4 e3 33. Kxe3 Kf5 34. Kd4 Kg4 35. Kc5 Kxh4 36. Kxc6 Kg5 37. Kxb5 h5
CwGzx,5rk1/pp3p1p/2p3p1/4q3/6Q1/PP1P3P/2P2RP1/4rR1K w - - 1 29,f1e1 e5e1 f2f1 e1f1,501,94,91,124,crushing endgame fork short,https://lichess.org/GT3ODwb6#57,,2,"(500, 600]",False,GT3ODwb6,1. e4 c6 2. Nc3 Qb6 3. d3 Qa5 4. Bd2 Qb6 5. Rb1 g6 6. Be2 Bg7 7. Nf3 Nf6 8. h3 d6 9. O-O O-O 10. Nh2 e5 11. Be3 Qa5 12. f4 exf4 13. Rxf4 d5 14. exd5 Nxd5 15. Nxd5 Qxd5 16. a3 Be5 17. Rf1 Bd4 18. Bxd4 Qxd4+ 19. Kh1 Qd5 20. Bf3 Qd6 21. Bg4 Nd7 22. Qd2 Nf6 23. Qg5 Nxg4 24. Nxg4 Bxg4 25. Qxg4 Rae8 26. Rf2 Re3 27. Rbf1 Qe5 28. b3 Re1
fcULG,2r3k1/5ppp/4p3/3p4/p2P1P2/R5PP/1Pr1Q2K/2B5 w - - 1 32,e2c2 c8c2 h2g1 c2c1,590,99,53,73,advantage endgame fork hangingPiece short,https://lichess.org/mzFkB3dG#63,,2,"(500, 600]",False,mzFkB3dG,1. d4 d5 2. e3 c5 3. c3 Nf6 4. f4 e6 5. Nf3 Ne4 6. Bd3 Nd7 7. O-O Ndf6 8. Nbd2 Be7 9. a3 O-O 10. Ne5 Bd7 11. Qf3 Nxd2 12. Bxd2 Qb6 13. Bc1 Bc6 14. Kh1 Ne4 15. Ng4 Rac8 16. Nf2 Nxf2+ 17. Qxf2 Bb5 18. Bxb5 Qxb5 19. h3 a5 20. a4 Qd7 21. Qc2 b5 22. axb5 Qxb5 23. Rf2 Bh4 24. Re2 Rc7 25. Kh2 Rfc8 26. Qd2 a4 27. g3 Bf6 28. Ra3 cxd4 29. exd4 Bxd4 30. cxd4 Qxe2+ 31. Qxe2 Rc2
i45jK,8/4kp2/6p1/7p/7P/3P1K2/3r1N1P/8 b - - 8 42,e7d6 f2e4 d6d5 e4d2,646,108,95,1153,crushing endgame fork short,https://lichess.org/sI2QjPka/black#84,,2,"(600, 700]",False,sI2QjPka,1. c4 Nf6 2. Nc3 e6 3. g3 d5 4. Bg2 c5 5. cxd5 exd5 6. Qa4+ Bd7 7. Qb3 Bc6 8. d3 d4 9. Bxc6+ Nxc6 10. Nb5 a6 11. Na3 b5 12. Bf4 Bd6 13. Bxd6 Qxd6 14. Rc1 O-O 15. Qc2 Nd7 16. Nf3 Rfc8 17. Ng5 Qd5 18. Nf3 Nb4 19. Qb3 Qxb3 20. axb3 Nd5 21. O-O a5 22. Nxb5 Rab8 23. Nd6 Rc6 24. Nc4 Ra6 25. Ra1 Rxb3 26. Rxa5 Rxa5 27. Nxa5 Rxb2 28. e3 dxe3 29. fxe3 Nxe3 30. Re1 Nf5 31. Re8+ Nf8 32. Nc6 h5 33. Nh4 Nxh4 34. gxh4 g6 35. Ne5 Kg7 36. Rxf8 Kxf8 37. Nd7+ Ke7 38. Nxc5 Rc2 39. Ne4 Rc1+ 40. Kg2 Rd1 41. Nf2 Rd2 42. Kf3
XLka2,r2r2kb/pp2pp1p/2qp1npB/4P3/8/2N5/PPPQ1PPP/3R1RK1 b - - 0 14,d6e5 d2d8 a8d8 d1d8,640,98,79,99,crushing kingsideAttack middlegame short,https://lichess.org/h3UwEgID/black#28,Sicilian_Defense Sicilian_Defense_Dragon_Variation,2,"(600, 700]",False,h3UwEgID,1. e4 c5 2. Nc3 d6 3. Nf3 Nf6 4. d4 cxd4 5. Nxd4 g6 6. Be3 Bg7 7. Bb5+ Bd7 8. Bxd7+ Qxd7 9. O-O O-O 10. Qd2 Rd8 11. Bh6 Bh8 12. Rad1 Nc6 13. Nxc6 Qxc6 14. e5
czyLZ,4r1k1/p1p5/4r3/2NRN1pp/2P1K3/1P6/P7/8 b - - 1 41,e6e5 d5e5 e8e5 e4e5,654,101,80,142,advantage endgame short,https://lichess.org/ALDeLWHO/black#82,,2,"(600, 700]",False,ALDeLWHO,1. e4 e5 2. f4 exf4 3. Bc4 Be7 4. Nf3 Bh4+ 5. Kf1 d5 6. Bxd5 Nf6 7. Bxf7+ Kxf7 8. Nxh4 Rf8 9. e5 Ng4 10. Nf3 Kg8 11. h3 Nh6 12. d4 Nc6 13. c3 Be6 14. Kg1 Bd5 15. Kh2 Ne7 16. Re1 Be6 17. b3 Nd5 18. c4 Ne3 19. Bxe3 fxe3 20. d5 Bf5 21. Rxe3 Bg4 22. e6 Qd6+ 23. Kg1 Bxh3 24. Nbd2 Qc5 25. Kh1 Bxg2+ 26. Kxg2 Qxe3 27. Qe1 Qd3 28. Ne5 Qf5 29. Ndf3 Qc2+ 30. Qd2 Qxd2+ 31. Nxd2 Nf5 32. Ne4 Ne3+ 33. Kg3 Rfe8 34. Nc5 Nf5+ 35. Kf4 Nd4 36. Nxb7 Nxe6+ 37. dxe6 Rxe6 38. Rd1 g5+ 39. Ke4 Rae8 40. Rd5 h5 41. Nc5
OMxgC,r7/1p1k1p2/1p3p2/1NbP4/2P1R3/P7/1P5P/2K5 w - - 5 34,e4f4 c5e3 c1c2 e3f4,644,88,79,150,crushing endgame fork short,https://lichess.org/LzuL8n0D#67,,2,"(600, 700]",False,LzuL8n0D,1. d4 d5 2. c4 Nf6 3. Nc3 c6 4. Bg5 Nbd7 5. Nf3 h6 6. Bh4 g5 7. Bg3 Ne4 8. Nxe4 dxe4 9. Nd2 Nf6 10. Be5 Bf5 11. Qb3 Qb6 12. Bxf6 exf6 13. Qxb6 axb6 14. e3 Bb4 15. a3 Be7 16. Be2 h5 17. Nb3 g4 18. O-O-O h4 19. f3 gxf3 20. gxf3 exf3 21. Bxf3 Rg8 22. e4 Be6 23. d5 cxd5 24. exd5 Bf5 25. Rhg1 Kf8 26. Rxg8+ Kxg8 27. Nd4 Bh3 28. Rg1+ Kf8 29. Bg4 Bxg4 30. Rxg4 Bc5 31. Rxh4 Ke7 32. Re4+ Kd6 33. Nb5+ Kd7
YvU3Q,r1b2rk1/pp1q2p1/3pp1pp/3n4/3P4/P4NB1/1PP1QPPP/R3R1K1 w - - 0 18,e2e6 d7e6 e1e6 c8e6,666,106,94,1492,advantage middlegame short,https://lichess.org/IlETDA7e#35,Scandinavian_Defense Scandinavian_Defense_Mieses-Kotroc_Variation,2,"(600, 700]",False,IlETDA7e,1. e4 d5 2. exd5 Qxd5 3. Nc3 Qd8 4. d4 Nf6 5. Bg5 e6 6. Bd3 Be7 7. Nf3 h6 8. Be3 Nc6 9. O-O Qd6 10. Nb5 Qd7 11. Bf4 Bd6 12. Nxd6+ cxd6 13. Re1 Nd5 14. Bg3 Nce7 15. Qe2 O-O 16. a3 Ng6 17. Bxg6 fxg6
pbokx,r2qk2r/p1pp1ppp/1p2p3/3Pn3/2P5/5Q2/PP1B1PPP/R3K1NR w KQkq - 0 12,f3f4 e5d3 e1e2 d3f4,753,90,89,861,advantage fork middlegame short,https://lichess.org/gbNbWIFS#23,French_Defense French_Defense_Normal_Variation,2,"(700, 800]",False,gbNbWIFS,1. d4 e6 2. e4 b6 3. Be2 Bb7 4. Bf3 Nf6 5. e5 Nd5 6. c4 Ne3 7. Bxe3 Bxf3 8. Qxf3 Bb4+ 9. Nd2 Bxd2+ 10. Bxd2 Nc6 11. d5 Nxe5
lEX3A,1r6/R5pk/1r5p/2pB4/2P2p2/3Pb2P/R1K3P1/8 b - - 7 38,b6b2 a2b2 b8b2 c2b2,737,83,100,71,crushing endgame short,https://lichess.org/MGQNo4RC/black#76,,2,"(700, 800]",False,MGQNo4RC,1. e4 e5 2. Bc4 Nf6 3. d3 Bc5 4. f4 d6 5. Nf3 Ng4 6. Qe2 Nc6 7. c3 Bf2+ 8. Kd1 Bb6 9. Rf1 Nf6 10. Ng5 Rf8 11. h3 h6 12. Nf3 Nh5 13. Qe1 Nxf4 14. Bxf4 exf4 15. e5 Be3 16. exd6 Qxd6 17. Na3 Bf5 18. Nb5 Qd7 19. Nfd4 Nxd4 20. Nxd4 Be6 21. Nxe6 fxe6 22. Qh4 Rf7 23. Qg4 b5 24. Qxe6+ Qxe6 25. Bxe6 Rf6 26. Bg4 Rd8 27. Kc2 Rfd6 28. Bf5 Kf8 29. a4 a6 30. axb5 axb5 31. Ra5 b4 32. Be4 bxc3 33. bxc3 Kg8 34. c4 c5 35. Bd5+ Kh7 36. Ra7 Rb8 37. Rfa1 Rdb6 38. R1a2
mtANV,8/3b1pk1/8/2R5/4N1p1/1PK5/P1P1r3/8 w - - 2 33,e4g3 e2e3 c3d2 e3g3,797,105,75,81,advantage endgame fork short,https://lichess.org/KvGrk7UI#65,,2,"(700, 800]",False,KvGrk7UI,1. e4 e5 2. Nf3 Nc6 3. d4 exd4 4. Nxd4 Bc5 5. Nxc6 bxc6 6. Nc3 Qf6 7. Be3 Bxe3 8. fxe3 d6 9. Qf3 Qxf3 10. gxf3 Nf6 11. O-O-O O-O 12. Rd2 Rb8 13. b3 a5 14. Bg2 Ba6 15. f4 Rfe8 16. e5 dxe5 17. Bxc6 Re6 18. Rhd1 g6 19. Bd7 Nxd7 20. Rxd7 exf4 21. exf4 c5 22. Rd8+ Rxd8 23. Rxd8+ Kg7 24. Ra8 h6 25. Kd2 g5 26. fxg5 hxg5 27. Na4 Bb5 28. Nxc5 Re2+ 29. Kc3 Rxh2 30. Rxa5 Bd7 31. Ne4 g4 32. Rc5 Re2
7eNCM,1k1r1bnr/pbp1q2p/1p1p1pp1/1N1PnB2/2P5/5N2/PP3PPP/R1BQR1K1 w - - 0 13,d1a4 e5f3 g2f3 e7e1,763,78,100,390,advantage discoveredAttack kingsideAttack opening short,https://lichess.org/neFKJE4A#25,French_Defense French_Defense_Steiner_Variation,2,"(700, 800]",False,neFKJE4A,1. c4 e6 2. e4 b6 3. Nc3 Bb7 4. Nf3 Nc6 5. d4 Qe7 6. Bd3 O-O-O 7. O-O f6 8. d5 exd5 9. exd5 Ne5 10. Re1 d6 11. Nb5 Kb8 12. Bf5 g6
d2U1T,8/6k1/6p1/5p2/4n3/1B4Pp/5P1P/5K2 w - - 1 46,f2f3 e4d2 f1e2 d2b3,766,80,100,153,crushing endgame fork short,https://lichess.org/sD0XAxMr#91,,2,"(700, 800]",False,sD0XAxMr,1. c4 d6 2. g3 Nf6 3. Bg2 Nbd7 4. Nc3 e5 5. Rb1 g6 6. b4 Bg7 7. Nf3 O-O 8. O-O Rb8 9. d4 exd4 10. Nxd4 Re8 11. e3 Ne5 12. Qb3 a6 13. b5 axb5 14. cxb5 Nfd7 15. a4 Nc5 16. Qc2 Be6 17. Nxe6 Nxe6 18. Bb2 Nc4 19. Ba1 Na3 20. Qb3 Nxb1 21. Rxb1 b6 22. Bc6 Re7 23. Nd5 Nc5 24. Nxe7+ Qxe7 25. Qd1 Bxa1 26. Rxa1 Qe5 27. a5 bxa5 28. Rxa5 Ne6 29. Ra8 Rxa8 30. Bxa8 Qxb5 31. Qf3 Qf5 32. Qc6 h5 33. Bb7 h4 34. Bc8 h3 35. Kf1 Qd3+ 36. Ke1 Ng5 37. Bg4 d5 38. Qxc7 Ne4 39. Qc1 d4 40. exd4 Qxd4 41. Qe3 Qa4 42. Bd1 Qb4+ 43. Kf1 f5 44. Qb3+ Qxb3 45. Bxb3+ Kg7
B22tg,2k4r/pp3p2/2n4p/6P1/2B1p3/2n1P1B1/2q2PP1/4Q1KR w - - 0 23,c4f7 c3e2 g1f1 e2g3,876,112,83,19,crushing master middlegame short,https://lichess.org/bc7xuDcv#45,,2,"(800, 900]",False,bc7xuDcv,1. d4 d5 2. Bg5 h6 3. Bh4 c5 4. e3 Nc6 5. dxc5 Qa5+ 6. Nc3 g5 7. Bg3 Bg7 8. Ne2 Bg4 9. a3 Bxe2 10. Bxe2 Bxc3+ 11. bxc3 Qxc3+ 12. Kf1 Qxc5 13. Rb1 O-O-O 14. Rb5 Qxa3 15. Rxd5 Nf6 16. Rd3 Qb2 17. h4 Ne4 18. Kg1 Nc3 19. Qe1 Rxd3 20. Bxd3 e5 21. hxg5 e4 22. Bc4 Qxc2
RnlG6,8/5p2/4pB2/3pP2k/5Kp1/5n2/5P2/8 b - - 5 52,f3g5 f6g5 g4g3 f2g3,899,78,100,133,crushing endgame master short,https://lichess.org/OoEHF3eg/black#104,,2,"(800, 900]",False,OoEHF3eg,1. e4 e6 2. d4 d5 3. e5 c5 4. c3 Nc6 5. Be3 Bd7 6. Nf3 Qb6 7. Qd2 cxd4 8. cxd4 Rc8 9. Nc3 Na5 10. Rc1 Nc4 11. Bxc4 Rxc4 12. O-O Bb4 13. a3 Be7 14. Qd3 h6 15. Nd2 Rc8 16. b4 a5 17. Na4 Qd8 18. Nc5 Bxc5 19. Rxc5 b6 20. Rxc8 Qxc8 21. bxa5 bxa5 22. Nb3 Ne7 23. Nc5 O-O 24. Rb1 Bc6 25. Bd2 Qc7 26. g4 Ra8 27. h3 Nc8 28. Kg2 Nb6 29. g5 hxg5 30. Bxg5 Nc4 31. Qg3 Kf8 32. Qh4 Kg8 33. Bf6 Qc8 34. Qg5 Qf8 35. h4 Nxa3 36. Rb6 Nc2 37. Rxc6 Nxd4 38. Rc7 Nf5 39. h5 a4 40. h6 g6 41. Nxa4 Rxa4 42. Rc3 Rh4 43. Rg3 Rxh6 44. Rh3 Kh7 45. Rxh6+ Qxh6 46. Qxh6+ Kxh6 47. Be7 Kh5 48. Bf6 g5 49. Kf3 g4+ 50. Kg2 Nh4+ 51. Kg3 Nf3 52. Kf4
erKak,8/3k1p2/8/K5P1/1p5r/3B4/PPP5/8 b - - 0 50,h4g4 d3f5 d7c7 f5g4,839,77,74,122,crushing endgame fork master short,https://lichess.org/jcpGlpWX/black#100,,2,"(800, 900]",False,jcpGlpWX,1. e4 c5 2. Nf3 d6 3. d4 cxd4 4. Nxd4 Nf6 5. Nc3 a6 6. Be3 e5 7. Nb3 Be6 8. f3 h5 9. Qd2 Nbd7 10. O-O-O b5 11. Nd5 Bxd5 12. exd5 Nb6 13. Bg5 Nbxd5 14. Na5 Rc8 15. Qxd5 Qxa5 16. Bxf6 gxf6 17. Bd3 Qb6 18. Bf5 Rc7 19. Rhe1 Bh6+ 20. Kb1 Ke7 21. g3 a5 22. f4 b4 23. fxe5 fxe5 24. Rxe5+ Kf8 25. Re2 Bg7 26. Rde1 Bf6 27. Bd3 Qd4 28. Qxd4 Bxd4 29. Re4 Be5 30. Rxe5 dxe5 31. Rxe5 h4 32. g4 Ra7 33. h3 Kg7 34. Kc1 Rd8 35. Kd2 Rd6 36. Rg5+ Kf8 37. Rh5 Rf6 38. Rxh4 Rf2+ 39. Ke3 Rh2 40. Rh8+ Kg7 41. Rh7+ Kf6 42. h4 Re7+ 43. Kd4 Rg2 44. g5+ Ke6 45. Rh6+ Kd7 46. Ra6 Rg4+ 47. Kc5 Rxh4 48. Rxa5 Re5+ 49. Kb6 Rxa5 50. Kxa5
VDaie,3r3r/2k3p1/p3p3/4R2p/nP6/8/P1P2PPP/R5K1 b - - 0 21,a4c3 e5c5 c7b8 c5c3,874,79,100,221,advantage endgame fork short,https://lichess.org/xFn5SxQz/black#42,,2,"(800, 900]",False,xFn5SxQz,1. e4 Nc6 2. Nf3 d5 3. exd5 Qxd5 4. Nc3 Qa5 5. d4 Bg4 6. Be3 O-O-O 7. Be2 Nf6 8. Qd2 e5 9. Nb5 Qxd2+ 10. Bxd2 a6 11. dxe5 Ne4 12. Ng5 Be6 13. Nxe6 fxe6 14. Nxc7 Kxc7 15. Be3 Bc5 16. Bxc5 Nxc5 17. O-O Nxe5 18. Rfe1 h5 19. b4 Na4 20. Bxa6 bxa6 21. Rxe5
Q8joI,8/5pkp/p2Np1p1/8/1P6/P5PP/7r/R4K2 w - - 3 39,h3h4 h2h1 f1f2 h1a1,889,78,90,517,crushing endgame short skewer,https://lichess.org/PseT14ld#77,,2,"(800, 900]",False,PseT14ld,1. e4 c5 2. c3 Nf6 3. e5 Nd5 4. d4 cxd4 5. cxd4 Nc6 6. Nf3 d6 7. exd6 Qxd6 8. Nc3 Bf5 9. a3 e6 10. Be2 g6 11. O-O Bg7 12. Nb5 Qd7 13. Re1 O-O 14. Bd3 Bxd3 15. Qxd3 a6 16. Nc3 Nb6 17. Be3 Rfd8 18. Rad1 Rac8 19. Ne4 Qc7 20. Bg5 Rd5 21. Bf6 Rh5 22. h3 Nd5 23. Bxg7 Kxg7 24. Rc1 Nf4 25. Qf1 Qd7 26. Nc5 Qd5 27. Nxb7 Nxh3+ 28. gxh3 Qxf3 29. Qg2 Nxd4 30. Rxc8 Ne2+ 31. Kf1 Qxg2+ 32. Kxg2 Rg5+ 33. Kf1 Nd4 34. Rc5 Nf5 35. Nd6 Ng3+ 36. fxg3 Rxc5 37. b4 Rc2 38. Ra1 Rh2
GzcXU,4r1k1/2pp1ppp/7r/p1P1P3/4NP1q/4B3/1P3P1P/Q3R1K1 w - - 3 23,a1a5 h4h2 g1f1 h2h1,923,88,98,486,advantage kingsideAttack middlegame short,https://lichess.org/PSRIh9fB#45,,2,"(900, 1000]",False,PSRIh9fB,1. e4 e5 2. Nf3 Nf6 3. Nc3 Nc6 4. Bb5 a6 5. Ba4 b5 6. Bb3 b4 7. Nd5 Nxe4 8. d3 Nc5 9. O-O Nxb3 10. cxb3 Bb7 11. Re1 Bd6 12. d4 O-O 13. dxe5 Bc5 14. a3 Na5 15. axb4 Nxb3 16. bxc5 Nxa1 17. Be3 a5 18. Nc3 Bxf3 19. gxf3 Qh4 20. Qxa1 Rfe8 21. f4 Ra6 22. Ne4 Rh6
LWtAL,7k/p5b1/1p2q1np/3N4/1PP2p1p/P7/2Q2PPB/7K w - - 2 35,d5f4 e6e1 h2g1 g6f4,996,78,90,237,advantage deflection endgame short,https://lichess.org/sxXZLl0H#69,,2,"(900, 1000]",False,sxXZLl0H,1. d4 Nf6 2. c4 g6 3. Nf3 Bg7 4. Nc3 d6 5. Bg5 O-O 6. h3 h6 7. Bh4 b6 8. e3 Bb7 9. Be2 Nbd7 10. O-O e5 11. dxe5 Nxe5 12. Nxe5 dxe5 13. Bf3 Bxf3 14. Qxf3 g5 15. Bg3 Nd7 16. Rad1 Qe7 17. Nd5 Qd8 18. Rd2 c6 19. Nc3 Qe7 20. Rfd1 Rad8 21. Qxc6 Nc5 22. Rxd8 Rxd8 23. Rxd8+ Qxd8 24. Qd5 Qe7 25. b4 Ne6 26. a3 Nf4 27. Qa8+ Kh7 28. Qe4+ Ng6 29. Nd5 Qe6 30. h4 f5 31. Qc2 gxh4 32. Bh2 f4 33. exf4 exf4 34. Kh1 Kh8
vOxk6,4rr2/p5k1/1p5p/2p1Rp2/6p1/P7/1P3PPP/4RK2 b - - 4 25,g7f6 e5e8 f8e8 e1e8,939,102,81,213,crushing endgame rookEndgame short,https://lichess.org/ItUZVv93/black#50,,2,"(900, 1000]",False,ItUZVv93,1. c4 c5 2. d3 e6 3. e3 Nf6 4. Nf3 b6 5. Be2 Bb7 6. e4 d5 7. cxd5 exd5 8. Nc3 dxe4 9. dxe4 Qxd1+ 10. Bxd1 Nxe4 11. Nxe4 Bxe4 12. O-O f5 13. Nh4 Be7 14. Nf3 O-O 15. Bg5 Bxg5 16. Nxg5 Bc6 17. Bf3 Bxf3 18. Nxf3 Nc6 19. Rad1 h6 20. a3 g5 21. Rfe1 g4 22. Ne5 Nxe5 23. Rxe5 Rae8 24. Rde1 Kg7 25. Kf1
J3kos,4r3/p4pk1/1p4p1/2pPr1P1/2PnBR1P/1P3K2/P7/4R3 w - - 5 37,f3e3 d4c2 e3d2 c2e1,991,78,85,514,crushing endgame master pin short,https://lichess.org/sMbamXha#73,,2,"(900, 1000]",False,sMbamXha,1. d4 Nf6 2. c4 g6 3. Nc3 Bg7 4. e4 d6 5. Be2 O-O 6. Nf3 c5 7. d5 e6 8. O-O exd5 9. exd5 Bg4 10. h3 Bxf3 11. Bxf3 Nbd7 12. Bf4 Ne8 13. Qc2 Be5 14. Qd2 Qf6 15. Bxe5 Nxe5 16. Be2 Ng7 17. f4 Nd7 18. Ne4 Qe7 19. Bd3 Nf5 20. Rae1 Qd8 21. g4 Nd4 22. Nxd6 Qh4 23. Qg2 b6 24. f5 Rad8 25. b3 Nf6 26. Ne4 Nxe4 27. Bxe4 Rde8 28. fxg6 hxg6 29. Kh2 Kg7 30. Qg3 Qg5 31. Qf4 Qh4 32. g5 Qxf4+ 33. Rxf4 Re5 34. h4 Rfe8 35. Kg2 Nf5 36. Kf3 Nd4+
bpapb,rnbq3r/ppp1bkpp/3p1n2/8/4Pp2/2P2N2/PP1P2PP/RNBQ1RK1 b - - 0 7,c8e6 f3g5 f7g8 g5e6,995,81,89,61,advantage deflection opening short,https://lichess.org/mUgdI76k/black#14,Kings_Gambit_Accepted Kings_Gambit_Accepted_Fischer_Defense,2,"(900, 1000]",False,mUgdI76k,1. e4 e5 2. f4 exf4 3. Nf3 d6 4. Bc4 Be7 5. O-O Nf6 6. Bxf7+ Kxf7 7. c3
rCSUy,6r1/1pp2p1k/2n1qB2/1Q2p2P/4P2P/1bP5/1P2Bb2/2KR3R w - - 0 24,d1f1 f2e3 c1b1 b3a2,1027,86,85,35,advantage master middlegame queensideAttack short,https://lichess.org/DETbMqtl#47,,2,"(1000, 1100]",False,DETbMqtl,1. e4 Nf6 2. d3 e5 3. Nd2 Nc6 4. Ngf3 d5 5. Be2 dxe4 6. dxe4 Bc5 7. c3 a5 8. Qc2 Qe7 9. h3 O-O 10. Nf1 a4 11. Bg5 h6 12. Bh4 Be6 13. g4 g5 14. Nxg5 hxg5 15. Bxg5 Kg7 16. Ng3 Rh8 17. Nh5+ Rxh5 18. gxh5 Kh7 19. O-O-O Rg8 20. h4 Bxa2 21. Qxa4 Qe6 22. Bxf6 Bb3 23. Qb5 Bxf2
PeifK,3r2k1/3P1pp1/7p/8/1P4q1/P1Q5/1K1R4/8 w - - 0 38,c3c8 d8c8 d7c8q g4c8,1040,79,94,603,crushing endgame short xRayAttack,https://lichess.org/KB5H6e0A#75,,2,"(1000, 1100]",False,KB5H6e0A,1. d4 d5 2. c4 Nf6 3. Nc3 e6 4. e3 dxc4 5. Bxc4 Bd7 6. Qb3 c6 7. Qxb7 Nd5 8. Bxd5 cxd5 9. Qxa8 Bb4 10. Qxa7 Nc6 11. Qa4 O-O 12. Qd1 e5 13. a3 Ba5 14. b4 exd4 15. exd4 Bb6 16. Nge2 Bg4 17. f3 Qh4+ 18. g3 Qh3 19. fxg4 Qg2 20. Rf1 Qxh2 21. Nxd5 Ba7 22. Qd2 Re8 23. Bb2 Qxg3+ 24. Kd1 Qb3+ 25. Qc2 Qxd5 26. Nf4 Qg5 27. d5 Qxg4+ 28. Kc1 Nd4 29. Bxd4 Bxd4 30. Rb1 Be3+ 31. Kb2 Bxf4 32. Rxf4 Qxf4 33. Rd1 Rd8 34. d6 Qe5+ 35. Qc3 Qe2+ 36. Rd2 Qg4 37. d7 h6
bdN9t,r1bq1bn1/2pp1k2/p1n3p1/1p6/4P3/2Q5/PPPP1PPP/RNB1K2R w KQ - 3 12,d2d4 f8b4 e1g1 b4c3,1091,78,94,605,crushing master opening pin short,https://lichess.org/NmAL6nTB#23,Ruy_Lopez Ruy_Lopez_Morphy_Defense,2,"(1000, 1100]",False,NmAL6nTB,1. e4 e5 2. Nf3 Nc6 3. Bb5 a6 4. Ba4 b5 5. Bb3 Na5 6. Bxf7+ Kxf7 7. Nxe5+ Ke6 8. Qh5 g6 9. Nxg6 hxg6 10. Qxh8 Kf7 11. Qc3 Nc6
U0kKq,6k1/pp3qbp/2p5/2N2p2/1PPp1P2/2r5/P1Q3PP/3R1K2 w - - 2 31,c2c3 d4c3 d1d8 g7f8,1019,90,92,146,crushing endgame hangingPiece short,https://lichess.org/GeEnW7Im#61,,2,"(1000, 1100]",False,GeEnW7Im,1. d4 Nf6 2. c4 e5 3. dxe5 Ng4 4. e4 Nxe5 5. f4 Nec6 6. Nc3 d6 7. Nf3 Na6 8. Be2 g6 9. Nd5 Bg7 10. O-O O-O 11. Rb1 Nc5 12. Nd2 Re8 13. Bf3 Nd4 14. b4 Nd3 15. Nb3 Nxf3+ 16. Qxf3 Nxc1 17. Rbxc1 f5 18. Nd2 fxe4 19. Nxe4 c6 20. Ndc3 d5 21. Rcd1 Bf5 22. Ng3 Qf6 23. Nxf5 gxf5 24. Na4 d4 25. Nc5 Re3 26. Qf2 Qe7 27. Rfe1 Re8 28. Kf1 Qf7 29. Rxe3 Rxe3 30. Qc2 Rc3
5zySR,8/8/8/4pB2/5p1p/2N2Pk1/3r4/5K2 b - - 1 53,h4h3 c3e4 g3h4 e4d2,1088,87,95,3351,crushing endgame fork master short,https://lichess.org/hc5BANMH/black#106,,2,"(1000, 1100]",False,hc5BANMH,1. d4 d5 2. c4 e6 3. Nc3 Be7 4. Nf3 Nf6 5. g3 O-O 6. Bg2 dxc4 7. O-O Nc6 8. Bg5 Rb8 9. Qa4 Nxd4 10. Rfd1 Nxf3+ 11. Bxf3 Bd7 12. Bxf6 Bxa4 13. Rxd8 Bxd8 14. Bxd8 Rfxd8 15. Nxa4 Rd2 16. b3 b5 17. Nc3 Rc2 18. Nd1 c3 19. Be4 Rxe2 20. Nxc3 Rd2 21. Rc1 c5 22. a4 a6 23. axb5 axb5 24. Bc6 c4 25. bxc4 bxc4 26. Kf1 Rbb2 27. Nd1 Rbc2 28. Rxc2 Rxc2 29. Be4 Ra2 30. Ke1 f5 31. Bb1 Ra3 32. Kd2 Kf7 33. Bc2 Kf6 34. Nc3 Ra5 35. Ke3 Re5+ 36. Kd2 g5 37. f3 h5 38. Ne2 Rd5+ 39. Ke3 e5 40. Nc3 Rd4 41. Ne2 f4+ 42. gxf4 gxf4+ 43. Kf2 Rd2 44. Be4 c3 45. Ke1 Kg5 46. h3 Kh4 47. Bf5 Rb2 48. Nxc3 Kg3 49. Be4 Kxh3 50. Kf1 Kg3 51. Nd1 Rd2 52. Nc3 h4 53. Bf5
h29Ka,8/1p6/P7/1P2k3/r6p/8/1R5K/8 b - - 0 54,b7a6 b5b6 a4d4 b6b7,1151,76,88,446,advancedPawn crushing endgame rookEndgame short,https://lichess.org/whURZDA2/black#108,,2,"(1100, 1200]",False,whURZDA2,1. e4 e6 2. d4 d5 3. Nc3 dxe4 4. Nxe4 Nd7 5. Nf3 Ngf6 6. Nxf6+ Nxf6 7. Bg5 h6 8. Bxf6 Qxf6 9. Qd2 Bd7 10. O-O-O Bd6 11. Ne5 O-O-O 12. f4 g5 13. g3 gxf4 14. gxf4 Rhg8 15. Bg2 Kb8 16. Bf3 Bb5 17. Rhe1 Bxe5 18. Rxe5 Bc4 19. b3 Bd5 20. Rf1 Bxf3 21. Rxf3 Rg1+ 22. Kb2 Rdg8 23. Qb4 R1g4 24. Qd2 Rg2 25. Rf2 Rxf2 26. Qxf2 Rg4 27. Re4 c5 28. h3 Rh4 29. Qe3 cxd4 30. Qxd4 Qxd4+ 31. Rxd4 Rxh3 32. Rd7 Rf3 33. Rxf7 e5 34. f5 e4 35. Re7 h5 36. Rxe4 Rxf5 37. Rh4 Kc7 38. Kc3 Kd6 39. Kd4 Ke6 40. Ke4 Rg5 41. Kf4 Kf6 42. Rh2 Rg4+ 43. Kf3 Kg5 44. Rd2 Rf4+ 45. Kg2 a5 46. a4 Rf5 47. Kh2 h4 48. c3 Kg4 49. b4 axb4 50. cxb4 Rf4 51. Rb2 Kf5 52. a5 Ke5 53. b5 Ra4 54. a6
Olcul,2B5/1p6/8/p7/5kp1/P1P2b2/5K1P/8 b - - 3 44,f4e4 c8b7 e4d3 b7f3,1171,77,79,103,bishopEndgame crushing deflection endgame short,https://lichess.org/MXAmUL6w/black#88,,2,"(1100, 1200]",False,MXAmUL6w,1. e4 e6 2. d4 d5 3. e5 c5 4. c3 Nc6 5. f4 Be7 6. Nf3 Bd7 7. Be3 cxd4 8. Nxd4 Bh4+ 9. g3 Be7 10. Bd3 Nxd4 11. Bxd4 a6 12. O-O Rc8 13. Nd2 Bc5 14. Nf3 Ne7 15. Qc2 Ng6 16. f5 Bxd4+ 17. Nxd4 Nxe5 18. fxe6 fxe6 19. Rad1 Qb6 20. Bxh7 Rf8 21. Rxf8+ Kxf8 22. Qf2+ Ke7 23. Nf5+ exf5 24. Qxb6 Bc6 25. Qe3 Kf6 26. Re1 Re8 27. Qf2 g6 28. Qf4 Nf3+ 29. Qxf3 Rxe1+ 30. Kf2 Re4 31. Bg8 Re5 32. g4 Kg7 33. gxf5 Rxf5 34. Be6 Rxf3+ 35. Kxf3 d4+ 36. Ke2 dxc3 37. bxc3 Kf6 38. Bc8 g5 39. Kd3 Ke5 40. Ke2 a5 41. a3 Kf4 42. Kf2 g4 43. Ke2 Bf3+ 44. Kf2
skrFk,r2r2k1/p1pq1pp1/2Q4p/3Pp3/1P2n3/7P/P4PP1/RN3RK1 w - - 3 22,f1d1 d7c6 d5c6 d8d1,1123,77,97,5464,crushing discoveredAttack middlegame short,https://lichess.org/jFsZxLzS#43,,2,"(1100, 1200]",False,jFsZxLzS,1. e4 e5 2. Nf3 Nc6 3. Bc4 Bc5 4. d3 h6 5. c3 d6 6. h3 Nf6 7. d4 exd4 8. cxd4 Bb4+ 9. Bd2 Nxe4 10. Bxb4 Nxb4 11. Qa4+ Nc6 12. d5 Qe7 13. O-O Nc5 14. Qd1 Ne5 15. Nxe5 dxe5 16. b4 Ne4 17. Bb5+ Bd7 18. Qa4 Bxb5 19. Qxb5+ Qd7 20. Qxb7 O-O 21. Qc6 Rfd8
CNFx5,5rk1/3Q4/2p5/3p4/6p1/1P2r1pq/P6P/2RK2R1 b - - 0 35,g3h2 g1g4 h3g4 d7g4,1127,75,100,240,crushing endgame short,https://lichess.org/uIf7TvA3/black#70,,2,"(1100, 1200]",False,uIf7TvA3,1. d4 d5 2. Nf3 f6 3. g3 e6 4. Bg2 Bd6 5. O-O c6 6. b3 Ne7 7. c4 Ng6 8. Nc3 O-O 9. Qd3 f5 10. Bg5 Qe8 11. c5 Bc7 12. e3 e5 13. dxe5 Nxe5 14. Nxe5 Bxe5 15. Rac1 Nd7 16. f4 Nxc5 17. Qd2 Bxc3 18. Qxc3 Ne4 19. Bxe4 Qxe4 20. Kf2 h6 21. Bh4 Bd7 22. g4 g5 23. fxg5 Qxg4 24. Bg3 hxg5 25. Bd6 Rf7 26. Rg1 Qh4+ 27. Kf1 g4 28. Bg3 Qh3+ 29. Ke2 Re8 30. Qd4 Re4 31. Qxa7 f4 32. Qb8+ Rf8 33. Qxb7 Rxe3+ 34. Kd1 fxg3 35. Qxd7
Csb0w,r5k1/pp3q1p/3b1np1/3p2BP/1pnP4/3Q1P1B/P1P4P/4RNK1 b - - 0 25,f6h5 h3e6 f7e6 e1e6,1106,82,83,1117,crushing master middlegame pin short,https://lichess.org/3VwIDJXb/black#50,,2,"(1100, 1200]",False,3VwIDJXb,1. e4 c5 2. Nf3 e6 3. b4 cxb4 4. d4 d5 5. e5 f5 6. exf6 Nxf6 7. Bd3 Bd6 8. O-O Nbd7 9. Re1 Kf8 10. Rxe6 Nb6 11. Re1 Bg4 12. Nbd2 Kf7 13. Bb2 Re8 14. Ng5+ Kg8 15. f3 Bh5 16. Nf1 Qc7 17. Ne6 Qd7 18. Bf5 Qe7 19. Qd3 Nc4 20. Bc1 Qf7 21. Bg5 g6 22. Bh3 Re7 23. g4 Rxe6 24. gxh5 Rxe1 25. Rxe1
KarYM,3rb3/pp1r4/5k2/4nppp/2PN4/PP2P3/3RBKPP/3R4 w - - 0 30,d4b5 d7d2 d1d2 d8d2,1240,84,75,47,crushing middlegame short,https://lichess.org/7q8xfklB#59,,2,"(1200, 1300]",False,7q8xfklB,1. d4 Nf6 2. c4 c5 3. e3 e6 4. Nc3 Nc6 5. Nf3 d5 6. Be2 cxd4 7. Nxd4 Bb4 8. Bd2 Ne4 9. O-O Qa5 10. Rc1 Ne5 11. Be1 Bd7 12. Nxe4 dxe4 13. a3 Bxe1 14. Rxe1 Rc8 15. Rc2 O-O 16. Nb3 Qc7 17. Qd4 Rfd8 18. Qxe4 Ba4 19. Rc3 f5 20. Qf4 Ng6 21. Qxc7 Rxc7 22. Nd4 Kf7 23. b3 Be8 24. f4 Kf6 25. Kf2 e5 26. fxe5+ Nxe5 27. Rd1 Rcd7 28. Rc2 g5 29. Rcd2 h5
MRo5d,r4rk1/1p3p1n/1pppq1pp/5P2/3P2P1/4B1QP/PP6/R4RK1 b - - 0 26,g6f5 g4f5 g8h8 f5e6,1261,89,86,32,crushing discoveredAttack discoveredCheck kingsideAttack middlegame short,https://lichess.org/ClsXamMo/black#52,,2,"(1200, 1300]",False,ClsXamMo,1. e4 e5 2. Nf3 Nc6 3. Bc4 Bc5 4. O-O Nf6 5. d3 h6 6. c3 d6 7. d4 exd4 8. cxd4 Bb6 9. Nc3 O-O 10. Na4 Nxe4 11. Nxb6 axb6 12. Bd5 Nf6 13. Bb3 Bg4 14. Be3 Nh7 15. h3 Bxf3 16. Qxf3 Ng5 17. Qg4 Qf6 18. Bc2 Ne7 19. f4 Nh7 20. Qf3 c6 21. Qe4 g6 22. Qf3 Nf5 23. Bxf5 Qxf5 24. g4 Qf6 25. Qg3 Qe6 26. f5
Alhxl,r1bq1rk1/ppp1bppp/2n5/3n2B1/2B5/5N2/PPP2PPP/R2Q1RK1 w - - 0 11,c4d5 e7g5 f3g5 d8g5,1273,78,72,98,advantage opening short,https://lichess.org/3q2QcRVN#21,Scandinavian_Defense Scandinavian_Defense_Mieses-Kotroc_Variation,2,"(1200, 1300]",False,3q2QcRVN,1. e4 d5 2. exd5 Qxd5 3. d4 Qd8 4. Nf3 Nf6 5. Bc4 Nc6 6. O-O e6 7. Bg5 Be7 8. Nc3 O-O 9. d5 exd5 10. Nxd5 Nxd5
tul99,r3kb1r/pp3ppp/1nP5/4p3/1n6/2N1P3/PP3PPP/R1BqK1NR w KQkq - 0 12,c3d1 b4c2 e1e2 c2a1,1297,79,93,3813,advantage fork middlegame short,https://lichess.org/fpknDupb#23,Queens_Gambit_Declined Queens_Gambit_Declined_Chigorin_Defense,2,"(1200, 1300]",False,fpknDupb,1. d4 d5 2. c4 Nc6 3. e3 Nf6 4. Nc3 Bf5 5. cxd5 Nxd5 6. Bc4 Nb6 7. Bd3 Bxd3 8. Qxd3 e5 9. d5 Nb4 10. Qd1 c6 11. dxc6 Qxd1+
R63lc,r6r/2p2kp1/p2p4/1p2p2p/3nPqb1/3P1P2/PPPN2K1/R1BQ2R1 b - - 2 18,g4f3 d2f3 f4g4 g2f2,1253,77,92,618,advantage defensiveMove middlegame short,https://lichess.org/x1hYNRnT/black#36,Ruy_Lopez Ruy_Lopez_Morphy_Defense,2,"(1200, 1300]",False,x1hYNRnT,1. e4 e5 2. Nf3 Nc6 3. Bb5 a6 4. Ba4 b5 5. Bb3 Nf6 6. d3 Be7 7. O-O d6 8. Re1 Bg4 9. h3 Bh5 10. g4 Nxg4 11. hxg4 Bxg4 12. Kh2 Nd4 13. Nbd2 Bg5 14. Rg1 h5 15. Bxf7+ Kxf7 16. Nxg5+ Qxg5 17. f3 Qf4+ 18. Kg2
IAEzP,4rr2/pppk4/3p2N1/7p/2P1R3/2N5/P5PP/6K1 b - - 0 30,e8e4 g6f8 d7e8 c3e4,1392,80,93,1902,advantage endgame hangingPiece intermezzo short,https://lichess.org/l91smRNG/black#60,,2,"(1300, 1400]",False,l91smRNG,1. d4 d6 2. c4 Nf6 3. Bg5 h6 4. Bh4 Bf5 5. Nc3 Nc6 6. Bxf6 exf6 7. e4 Bg6 8. d5 Ne5 9. f4 Nd7 10. Nf3 Qe7 11. Bd3 f5 12. Qe2 O-O-O 13. O-O fxe4 14. Bxe4 f5 15. Bd3 h5 16. Nd4 Nc5 17. Rae1 Qh4 18. Bxf5+ Bxf5 19. Nxf5 Qf6 20. b4 Na6 21. Qe6+ Qxe6 22. Rxe6 Nxb4 23. Rfe1 Nd3 24. R1e2 Nxf4 25. R2e4 Nxe6 26. dxe6 Re8 27. e7 g6 28. exf8=Q Rhxf8 29. Ne7+ Kd7 30. Nxg6
bInNX,2k1r3/1pp2pb1/p5p1/3N1n1p/1PPn1P2/P7/1B4KP/3R1B2 b - - 2 25,f5e3 d5e3 d4f5 e3f5,1334,80,83,136,advantage middlegame short,https://lichess.org/8NSOlzZU/black#50,,2,"(1300, 1400]",False,8NSOlzZU,1. d4 d5 2. c4 e5 3. dxe5 d4 4. Nf3 Nc6 5. a3 Nge7 6. e3 Bg4 7. exd4 Bxf3 8. gxf3 Qxd4 9. Qxd4 Nxd4 10. Bd3 Nxf3+ 11. Kf1 Nxe5 12. Be2 O-O-O 13. Nc3 a6 14. Bf4 N5c6 15. Kg2 h5 16. Rad1 Rd4 17. Be3 Rxd1 18. Rxd1 g6 19. Nd5 Bg7 20. b4 Nf5 21. Bf4 Re8 22. Bf1 Be5 23. Bc1 Ncd4 24. f4 Bg7 25. Bb2
A0m0T,r2q1r2/p2p2k1/1pn1pp1p/7Q/7N/2P5/P4PPP/R3R1K1 b - - 3 19,d8e8 h4f5 e6f5 e1e8,1384,76,96,8209,crushing middlegame short,https://lichess.org/1NQMAgul/black#38,,2,"(1300, 1400]",False,1NQMAgul,1. e4 e6 2. d4 c5 3. c3 b6 4. Nf3 Bb7 5. Bd3 Be7 6. O-O cxd4 7. cxd4 Nf6 8. Nc3 Bb4 9. Bg5 h6 10. Bxf6 gxf6 11. d5 Bxc3 12. bxc3 exd5 13. exd5 Bxd5 14. Re1+ Be6 15. Bf5 Nc6 16. Qd5 O-O 17. Bxe6 fxe6 18. Qh5 Kg7 19. Nh4
uHEok,r5k1/3n1pbp/6p1/4q3/8/1P2B2P/P2Q2P1/1KR4R w - - 0 24,e3d4 e5e4 c1c2 g7d4,1301,78,94,1703,crushing discoveredAttack middlegame short,https://lichess.org/w6RFEuQC#47,,2,"(1300, 1400]",False,w6RFEuQC,1. e4 Nf6 2. e5 Nd5 3. d4 d6 4. c4 Nb6 5. exd6 cxd6 6. Nf3 g6 7. Nc3 Bg7 8. Be3 O-O 9. Qd2 Nc6 10. h3 e5 11. O-O-O exd4 12. Nxd4 Ne5 13. b3 Nbd7 14. Ndb5 Qa5 15. Kb1 a6 16. Nxd6 b5 17. cxb5 axb5 18. Bxb5 Ba6 19. Rc1 Rfb8 20. f4 Bxb5 21. Ndxb5 Rxb5 22. Nxb5 Qxb5 23. fxe5 Qxe5
GtOqE,3r1rk1/p1pn1ppp/b1N5/2bQP3/8/6Pq/PPP2P1P/RNB1R1K1 w - - 3 14,d5g2 h3g2 g1g2 a6b7,1397,72,94,22068,advantage middlegame pin short,https://lichess.org/2vsNNvI3#27,Scotch_Game Scotch_Game_Scotch_Gambit,2,"(1300, 1400]",False,2vsNNvI3,1. e4 e5 2. Nf3 Nc6 3. Bc4 Nf6 4. d4 exd4 5. e5 d5 6. Bb5 Nd7 7. Bxc6 bxc6 8. Nxd4 Bc5 9. Nxc6 Qh4 10. O-O O-O 11. Qxd5 Ba6 12. g3 Qh3 13. Re1 Rad8
NCfRF,4r3/p2r1pkp/1pn2qp1/2p5/4nN2/PP2PN1P/2Q2PP1/3R1RK1 b - - 3 24,e8d8 d1d7 d8d7 c2e4,1498,74,91,1969,crushing middlegame short,https://lichess.org/M1XfLy2h/black#48,,2,"(1400, 1500]",False,M1XfLy2h,1. d4 Nf6 2. c4 g6 3. Nf3 Bg7 4. Nc3 d6 5. h3 O-O 6. b3 e5 7. Bb2 exd4 8. Nxd4 Re8 9. e3 b6 10. Be2 Bb7 11. Bf3 Bxf3 12. Nxf3 Ne4 13. Qc2 Qf6 14. Na4 Qe6 15. Bxg7 Kxg7 16. Nd4 Qe5 17. O-O c5 18. Nf3 Qf6 19. Nb2 Nc6 20. a3 Rad8 21. Nd3 d5 22. cxd5 Rxd5 23. Nf4 Rd7 24. Rad1
nG87C,r1b1q1k1/pp5p/2pp2p1/3P4/2P3PQ/3B1n1P/PPK2P2/4R2R b - - 8 21,e8e1 h4d8 g8f7 h1e1,1454,75,93,1779,crushing intermezzo middlegame short,https://lichess.org/ploRr8n4/black#42,,2,"(1400, 1500]",False,ploRr8n4,1. c4 Nf6 2. Nc3 d6 3. d4 g6 4. e4 e5 5. d5 Bg7 6. Be3 O-O 7. Bd3 c6 8. h3 Nh5 9. Nf3 f5 10. Bg5 Qe8 11. g4 fxe4 12. Nxe4 Rxf3 13. Qxf3 Nf4 14. Bxf4 exf4 15. Qxf4 Qd7 16. Nf6+ Bxf6 17. Qxf6 Qe8+ 18. Kd2 Nd7 19. Qh4 Ne5 20. Rae1 Nf3+ 21. Kc2
FlF2c,6k1/Bp3p2/4b3/7p/4P1p1/1Pb2KPP/P1r2P2/3R1B2 w - - 0 26,h3g4 e6g4 f3f4 g4d1,1488,75,99,446,advantage endgame master short skewer,https://lichess.org/3BhUnOGO#51,,2,"(1400, 1500]",False,3BhUnOGO,1. e4 c5 2. d3 Nc6 3. Nc3 Nf6 4. g3 d5 5. Bg2 dxe4 6. Nxe4 Nxe4 7. dxe4 Qxd1+ 8. Kxd1 Nd4 9. c3 Nc6 10. Be3 e5 11. Kc2 Be6 12. b3 Rc8 13. Ne2 Nd4+ 14. Kd2 Be7 15. cxd4 cxd4 16. Nxd4 Bb4+ 17. Ke2 exd4 18. Bxd4 Rc2+ 19. Kf3 h5 20. h3 O-O 21. Rhc1 Rfc8 22. Rxc2 Rxc2 23. Bf1 g5 24. Bxa7 Bc3 25. Rd1 g4+
JOBS8,2r5/3n4/3b2p1/p2PkpB1/1pB1p2P/1P6/P4P2/3R1K2 b - - 3 36,d7b6 f2f4 e4f3 d1e1,1402,75,91,1849,crushing endgame master short,https://lichess.org/k6JqcX59/black#72,,2,"(1400, 1500]",False,k6JqcX59,1. d4 d6 2. c4 g6 3. Nc3 Bg7 4. Nf3 c6 5. e4 Nf6 6. Bd3 O-O 7. Be3 Qc7 8. O-O e5 9. dxe5 dxe5 10. h3 h6 11. Qd2 Kh7 12. Rad1 Rd8 13. Qe2 Be6 14. Bb1 a5 15. Rxd8 Qxd8 16. Rd1 Qc7 17. Na4 Nbd7 18. b3 Rd8 19. Qd2 Re8 20. Qd6 Qxd6 21. Rxd6 Bf8 22. Rd1 b5 23. cxb5 cxb5 24. Nc3 Rb8 25. Nd5 Bxd5 26. exd5 Bd6 27. g4 Rc8 28. g5 hxg5 29. Nxg5+ Kg7 30. Ne4 Nxe4 31. Bxe4 f5 32. Bd3 b4 33. Kf1 Kf6 34. h4 e4 35. Bg5+ Ke5 36. Bc4
0aair,rn1q1rk1/pp2b1pp/4p1p1/2pn4/3P2P1/P1N2N1P/1PPBQ3/R4RK1 b - - 1 16,c5d4 e2e6 g8h8 c3d5,1499,75,91,2373,advantage kingsideAttack middlegame short,https://lichess.org/ovld2Wo6/black#32,Caro-Kann_Defense Caro-Kann_Defense_Ulysses_Gambit,2,"(1400, 1500]",False,ovld2Wo6,1. Nf3 c6 2. e4 d5 3. d4 dxe4 4. Ng5 Nf6 5. Nc3 Bf5 6. f3 exf3 7. Nxf3 e6 8. Bd3 Bg4 9. O-O Be7 10. Be3 O-O 11. h3 Bh5 12. g4 Bg6 13. Bxg6 fxg6 14. a3 Nd5 15. Bd2 c5 16. Qe2
jx3AO,r2q1rk1/bb2np2/p3p2p/1p1pP1p1/3P4/2N3B1/PPB2PPP/R2Q1RK1 b - - 0 16,e7c6 d1d3 f7f5 e5f6,1560,75,95,21356,crushing enPassant middlegame short,https://lichess.org/eGzjtMK0/black#32,Sicilian_Defense Sicilian_Defense_Open,2,"(1500, 1600]",False,eGzjtMK0,1. e4 c5 2. Nf3 Nc6 3. d4 cxd4 4. Bc4 e6 5. Nxd4 Bc5 6. Be3 Nge7 7. c3 O-O 8. O-O a6 9. Bg5 Nxd4 10. cxd4 Ba7 11. Nc3 b5 12. Bb3 h6 13. Bh4 g5 14. Bg3 Bb7 15. Bc2 d5 16. e5
KauT2,4r2k/2R2Q2/B6p/1P2ppp1/5n2/PK6/5q2/8 b - - 1 44,f2e3 c7c3 e3c3 b3c3,1593,80,87,63,crushing defensiveMove endgame short,https://lichess.org/oGARBYdA/black#88,,2,"(1500, 1600]",False,oGARBYdA,1. d4 d5 2. c4 e6 3. b3 c6 4. a3 g6 5. Nc3 Bg7 6. e3 Ne7 7. Nf3 O-O 8. Bd3 f5 9. O-O Qc7 10. Ng5 h6 11. Nf3 Nd7 12. Nh4 g5 13. Nf3 Ng6 14. Re1 Nf6 15. cxd5 cxd5 16. Nb5 Qb6 17. Bd2 a6 18. Nc3 Bd7 19. Na2 Rac8 20. Bb4 Rfe8 21. Bc5 Qc7 22. Rc1 Qb8 23. Nb4 a5 24. Na6 bxa6 25. Bxa6 Rcd8 26. Qd2 Ne4 27. Qxa5 Nxc5 28. dxc5 Bc6 29. b4 d4 30. Nxd4 Bxd4 31. exd4 Rxd4 32. b5 Bd5 33. c6 Bxc6 34. Rxc6 Nf4 35. Qc3 Rd1 36. Kf1 Rxe1+ 37. Kxe1 Nxg2+ 38. Ke2 Qxh2 39. Rc7 Nf4+ 40. Kd1 e5 41. Qc4+ Kh8 42. Qf7 Qg1+ 43. Kc2 Qxf2+ 44. Kb3
TSDLh,r1bqkbnr/pp1npp2/2pp4/6p1/3P4/4PN2/PPP1B1PP/RNBQK2R w KQkq - 0 7,f3g5 d8a5 b1c3 a5g5,1526,75,91,18346,crushing fork opening short,https://lichess.org/QLg4OHzg#13,Queens_Pawn_Game Queens_Pawn_Game_Other_variations,2,"(1500, 1600]",False,QLg4OHzg,1. d4 c6 2. e3 d6 3. f4 Nd7 4. Nf3 h6 5. Be2 g5 6. fxg5 hxg5
qbkqm,2krr3/pppq1pp1/1b2bn2/2p3Bp/3PP3/2PB3P/PP1N1PP1/R2QKR2 w Q - 0 14,d4c5 d7d3 g5f6 g7f6,1510,77,88,1751,advantage hangingPiece master middlegame short,https://lichess.org/TVM4rSAx#27,Russian_Game Russian_Game_Stafford_Gambit,2,"(1500, 1600]",False,TVM4rSAx,1. e4 e5 2. Nf3 Nf6 3. Nxe5 Nc6 4. Nxc6 dxc6 5. d3 Bc5 6. Be2 h5 7. h3 Qd4 8. Rf1 Be6 9. c3 Qd7 10. d4 Bb6 11. Bd3 O-O-O 12. Bg5 Rhe8 13. Nd2 c5
SExHx,r2r2k1/1p4p1/p1p1b1Np/4Q3/8/1q2P2P/1P4P1/R4RK1 b - - 3 21,b3d5 g6e7 g8h8 e7d5,1563,331,0,4,crushing fork middlegame short,https://lichess.org/AOyPlsRz/black#42,,2,"(1500, 1600]",False,AOyPlsRz,1. e4 e5 2. Nf3 Nf6 3. Nc3 Nc6 4. Bc4 Bc5 5. d3 d6 6. h3 h6 7. O-O Na5 8. Bb3 Nxb3 9. axb3 a6 10. Be3 Bxe3 11. fxe3 O-O 12. Nd5 c6 13. Nxf6+ Qxf6 14. d4 Qg6 15. dxe5 dxe5 16. Nxe5 Qxe4 17. Qd4 Qxc2 18. Nxf7 Be6 19. Ne5 Qxb3 20. Ng6 Rfd8 21. Qe5
3muqo,4r1k1/pp3pp1/5n1p/b3qp2/1QP5/1P2P1PP/P4PB1/3RR1K1 w - - 1 25,b4d6 e5d6 d1d6 a5e1,1635,75,88,135,advantage middlegame short,https://lichess.org/k37T1bt6#49,,2,"(1600, 1700]",False,k37T1bt6,1. d4 d5 2. Bf4 c5 3. Nf3 Nc6 4. Nc3 Bf5 5. dxc5 e6 6. Nd4 Bxc5 7. Nxf5 exf5 8. Nxd5 Bb6 9. Qd3 Nge7 10. Nxe7 Qxe7 11. c3 O-O 12. Bd6 Qh4 13. g3 Qf6 14. Bxf8 Kxf8 15. Bg2 Rd8 16. Qc4 Ne5 17. Qb4+ Kg8 18. O-O h6 19. Rad1 Re8 20. e3 Ng4 21. Rfe1 Qe6 22. h3 Nf6 23. c4 Qe5 24. b3 Ba5
tL78X,r4rk1/1b1p1pp1/p6p/2bNp3/Q1B1n1q1/5RP1/PPP2PKP/R1B5 b - - 2 18,e4f6 d5f6 g7f6 c4f7,1614,76,94,2054,crushing discoveredAttack kingsideAttack middlegame short,https://lichess.org/jYEfTy03/black#36,Sicilian_Defense Sicilian_Defense_Open,2,"(1600, 1700]",False,jYEfTy03,1. e4 c5 2. Nf3 Nc6 3. d4 cxd4 4. Nxd4 Nxd4 5. Qxd4 e6 6. Nc3 h6 7. Bd3 Nf6 8. Qa4 a6 9. O-O Bd6 10. Re1 e5 11. Nd5 O-O 12. Re3 b5 13. Bxb5 Bb7 14. Bc4 Bc5 15. Rg3 Nxe4 16. Rf3 Qh4 17. g3 Qg4 18. Kg2
Hmz5i,r1b2rk1/pp2ppbp/6p1/qB1QP3/8/8/P2B2PP/R4R1K b - - 3 18,f8d8 d5f7 g8h8 d2a5,1603,74,97,4033,crushing middlegame short,https://lichess.org/IEcMEQ4Z/black#36,Kings_Indian_Defense Kings_Indian_Defense_Orthodox_Variation,2,"(1600, 1700]",False,IEcMEQ4Z,1. d4 Nf6 2. c4 g6 3. Nc3 Bg7 4. e4 d6 5. Nf3 O-O 6. Be2 Nc6 7. d5 Ne5 8. Nxe5 dxe5 9. O-O c6 10. f4 exf4 11. Bxf4 cxd5 12. cxd5 Qb6+ 13. Kh1 Qxb2 14. Na4 Qb4 15. e5 Nxd5 16. Qxd5 Qxa4 17. Bb5 Qa5 18. Bd2
Jr3Fx,5r2/8/p1R2PP1/kp6/8/P7/2p5/5K2 w - - 0 42,f1e2 f8f6 c6c2 f6g6,1620,74,92,552,crushing endgame rookEndgame short,https://lichess.org/fgjHl474#83,,2,"(1600, 1700]",False,fgjHl474,1. e4 e6 2. Nf3 d5 3. exd5 exd5 4. d4 Nc6 5. Nc3 Nf6 6. Bg5 Bg4 7. Bxf6 gxf6 8. Be2 Bb4 9. Qd3 Qe7 10. a3 Bxc3+ 11. bxc3 Bxf3 12. Qxf3 Qe6 13. Rb1 O-O-O 14. O-O Rde8 15. Rfe1 Rhg8 16. g3 f5 17. Qg2 Qe4 18. Bf1 Qxc2 19. Qxd5 Rxe1 20. Rxe1 Qxc3 21. Qxf7 Rd8 22. Qxf5+ Kb8 23. Re3 Qxd4 24. Qxh7 Rh8 25. Qf7 Ne5 26. Qf6 Nc6 27. Rf3 Qxf6 28. Rxf6 Ne5 29. f4 Nf3+ 30. Kf2 Nxh2 31. Rg6 Nxf1 32. Kxf1 a6 33. f5 Rf8 34. g4 b5 35. f6 Kb7 36. g5 c5 37. Rg7+ Kb6 38. Re7 c4 39. Re6+ Ka5 40. g6 c3 41. Rc6 c2
HgMWY,r6k/pp1b4/2n1p3/3pP2p/1b5P/3BB1N1/PP5K/R7 b - - 0 23,c6e5 e3d4 b4d6 a1e1,1647,74,100,309,advantage middlegame pin short,https://lichess.org/TfrKOLTO/black#46,,2,"(1600, 1700]",False,TfrKOLTO,1. e4 e6 2. f4 d5 3. e5 c5 4. c3 Nc6 5. d4 cxd4 6. cxd4 Nge7 7. g4 h5 8. g5 Nf5 9. Nf3 Qb6 10. Nc3 Ncxd4 11. Nxd4 Qxd4 12. Qxd4 Nxd4 13. Bd3 Bd7 14. h4 Bb4 15. O-O O-O 16. Be3 Nc6 17. Ne2 f6 18. gxf6 gxf6 19. Kh2 fxe5 20. Rg1+ Kh8 21. fxe5 Rf3 22. Rg3 Rxg3 23. Nxg3
hZCYG,8/3K4/5p2/b2BkPp1/4P1P1/8/8/8 w - - 7 80,d7e8 e5f4 e4e5 f6e5,1789,75,80,209,bishopEndgame crushing endgame short,https://lichess.org/x9uFZErT#159,,2,"(1700, 1800]",False,x9uFZErT,1. c4 c5 2. Nc3 g6 3. g3 Bg7 4. Bg2 Nf6 5. Nf3 Nc6 6. O-O O-O 7. Re1 d6 8. d3 a6 9. Be3 Rb8 10. Qc1 Ng4 11. Bg5 b5 12. cxb5 axb5 13. a3 Nf6 14. Rb1 b4 15. axb4 Rxb4 16. Na2 Rb8 17. Nd2 Nd4 18. Nc4 Bb7 19. e4 Ba6 20. Nc3 Ng4 21. h3 Ne5 22. Nxe5 Bxe5 23. Qd2 Nb3 24. Qc2 Nd4 25. Qd1 Qd7 26. Be3 Qe6 27. Bxd4 Bxd4 28. Nd5 Bxb2 29. Nc7 Qc8 30. Nxa6 Qxa6 31. Qc2 Bd4 32. Bf1 Qc8 33. Kg2 Qe6 34. Rxb8 Rxb8 35. Rb1 Rxb1 36. Qxb1 Qf6 37. Qc2 Kg7 38. f4 e6 39. h4 h6 40. Qe2 g5 41. hxg5 hxg5 42. Qg4 Kg6 43. Kf3 Bb2 44. Be2 Bc1 45. Kg2 Be3 46. Qh5+ Kg7 47. Qg4 Kf8 48. Bf3 Ke7 49. f5 exf5 50. exf5 Qb2+ 51. Be2 Qf6 52. Qe4+ Qe5 53. Qxe5+ dxe5 54. g4 f6 55. Kf3 Bd4 56. Ke4 Kd6 57. Bd1 Ba1 58. Bb3 Bd4 59. Bc4 Bb2 60. Ke3 Ba1 61. Kd2 Bd4 62. Kc2 Ba1 63. Kb3 Bd4 64. Ka4 Ba1 65. Kb5 Bd4 66. Kb6 Ba1 67. Kb7 Bc3 68. Kc8 Ba1 69. Kd8 Bc3 70. Ke8 Ba5 71. Kf7 Bd8 72. Ke8 Ba5 73. Be6 Bb6 74. Kf7 c4 75. Bxc4 e4 76. dxe4 Ke5 77. Bd5 Bd8 78. Ke8 Bb6 79. Kd7 Ba5
suslF,r1b1k2r/pp3ppp/1qn1p3/1BbpPn2/PP6/2P2N2/4Q1PP/RNB2K1R b kq - 0 11,c5e3 a4a5 b6b5 e2b5,1742,104,30,18,advantage middlegame short,https://lichess.org/gS5K4etH/black#22,French_Defense French_Defense_Advance_Variation,2,"(1700, 1800]",False,gS5K4etH,1. e4 e6 2. d4 d5 3. e5 c5 4. dxc5 Nc6 5. Bb5 Bxc5 6. Nf3 Bxf2+ 7. Kf1 Qb6 8. a4 Ne7 9. Qe2 Bc5 10. c3 Nf5 11. b4
Uq1m1,8/5Rbk/6p1/1p6/3NBP1q/1QP3p1/PP1r4/1K6 w - - 1 33,d4e6 g3g2 b3d1 d2d1,1734,75,87,278,advancedPawn crushing middlegame short,https://lichess.org/DQ7PhxL6#65,,2,"(1700, 1800]",False,DQ7PhxL6,1. e4 c6 2. d4 d5 3. Nd2 dxe4 4. Nxe4 Bf5 5. Ng3 Bg6 6. h4 h5 7. N1e2 e5 8. c3 Qe7 9. Be3 Nd7 10. Qb3 b6 11. O-O-O Ngf6 12. dxe5 Ng4 13. Nf4 Ndxe5 14. Nxg6 Nxg6 15. Ba6 N6e5 16. Rhe1 Nxe3 17. Rxe3 g6 18. f4 Bh6 19. Ne2 O-O 20. Kb1 Qxh4 21. Rxe5 Qg4 22. g3 b5 23. Bb7 Rad8 24. Bxc6 Bg7 25. Rxd8 Rxd8 26. Re7 Qf5+ 27. Be4 Qf6 28. Rxa7 Rd2 29. Ra8+ Kh7 30. Nd4 h4 31. Ra7 hxg3 32. Rxf7 Qh4
8FDkx,5rk1/p4Np1/1p2r2p/3QP3/3P4/4q3/6PP/5R1K b - - 2 35,f8f7 d5e6 g8h7 e6f7,1788,78,90,827,crushing endgame hangingPiece pin short,https://lichess.org/SCgQcmoc/black#70,,2,"(1700, 1800]",False,SCgQcmoc,1. e4 e5 2. f4 Nc6 3. Nf3 d6 4. Bc4 Bg4 5. O-O Nf6 6. fxe5 Nxe5 7. d4 Nxc4 8. Qd3 Bxf3 9. Rxf3 Nb6 10. Bg5 h6 11. Bh4 Be7 12. c4 Ng4 13. Bxe7 Qxe7 14. Nc3 O-O 15. Raf1 Nd7 16. Nd5 Qd8 17. b4 c6 18. Nf4 Ngf6 19. a4 b6 20. Rh3 Ng4 21. Qg3 Qg5 22. Rh5 Qe7 23. Qxg4 Nf6 24. Qf3 Nxh5 25. Nxh5 Rae8 26. Qg3 Qg5 27. Qf3 Re6 28. Ng3 d5 29. cxd5 cxd5 30. e5 Qd2 31. Qxd5 Qxb4 32. Ne4 Qxa4 33. Nd6 Qa3 34. Nxf7 Qe3+ 35. Kh1
aRlsV,8/4kp2/1p3p2/p1p5/P5K1/3B2NP/1PP3P1/4r3 w - - 0 36,g3e4 c5c4 e4c3 c4d3,1748,74,93,1803,advantage endgame short,https://lichess.org/L4bGMEC4#71,,2,"(1700, 1800]",False,L4bGMEC4,1. e4 e5 2. Nf3 Nf6 3. Nc3 Nc6 4. d4 exd4 5. Nxd4 d6 6. Bg5 h6 7. Bh4 Be7 8. Bc4 O-O 9. Nf5 Bxf5 10. exf5 Re8 11. O-O Ne5 12. Bb3 a5 13. a4 c6 14. Re1 Qb6 15. Qd2 Nh5 16. Bxe7 Rxe7 17. Qxd6 Rae8 18. Qd2 Ng4 19. h3 Ne5 20. Rad1 Ng3 21. f6 gxf6 22. Qxh6 Ng4 23. Qg6+ Kf8 24. Qxg4 Rxe1+ 25. Rxe1 Rxe1+ 26. Kh2 Qxf2 27. Qxg3 Qxg3+ 28. Kxg3 Re3+ 29. Kf4 Re1 30. Ne4 Ke7 31. Bc4 Rc1 32. Bd3 b6 33. Kf5 Rf1+ 34. Kg4 Re1 35. Ng3 c5
Y0VVT,6k1/pp6/2p5/3p2pp/3P4/P3P1PP/1P3K2/8 b - - 1 32,g5g4 h3g4 h5g4 e3e4,1900,77,86,79,crushing endgame pawnEndgame short,https://lichess.org/noyrAih7/black#64,,2,"(1800, 1900]",False,noyrAih7,1. d4 d5 2. c4 c6 3. Nf3 Nf6 4. Nc3 e6 5. Bg5 Be7 6. e3 O-O 7. Rc1 Re8 8. Bd3 dxc4 9. Bxc4 Nbd7 10. O-O Nb6 11. Bd3 h6 12. Bh4 Nfd5 13. Bxe7 Qxe7 14. Nxd5 exd5 15. a3 Bg4 16. Be2 Nd7 17. h3 Bf5 18. Bd3 Be4 19. Bxe4 Qxe4 20. Qc2 Nf6 21. Qxe4 Nxe4 22. Rfd1 Re7 23. Nd2 Nxd2 24. Rxd2 Rae8 25. Rdc2 f5 26. g3 g5 27. Rc3 f4 28. Re1 fxe3 29. Rcxe3 Rxe3 30. Rxe3 Rxe3 31. fxe3 h5 32. Kf2
mbYHi,3r3k/pp6/3P1r1p/1b4p1/3Q4/4NqP1/PP1R1P1K/R7 w - - 6 32,e3g4 d8d6 d4d6 f6d6,1895,75,92,1687,crushing master middlegame short,https://lichess.org/guFyiN5T#63,,2,"(1800, 1900]",False,guFyiN5T,1. e4 c5 2. Nf3 e6 3. g3 d5 4. exd5 exd5 5. Bg2 Nf6 6. O-O Be7 7. d4 O-O 8. dxc5 Bxc5 9. Bg5 Nc6 10. Nc3 d4 11. Bxf6 Qxf6 12. Nd5 Qd8 13. Ne1 Ne5 14. Nd3 Bg4 15. Qc1 Nf3+ 16. Bxf3 Bxf3 17. N5f4 Bd6 18. h4 h6 19. h5 Qf6 20. c3 Rac8 21. c4 Qf5 22. Kh2 g5 23. hxg6 fxg6 24. c5 g5 25. Qc4+ Kh8 26. Ng2 Be2 27. Qxd4+ Rf6 28. cxd6 Bxd3 29. Rfd1 Bb5 30. Rd2 Rd8 31. Ne3 Qf3
24lMT,r5k1/5pp1/1p1Rp3/2p1P1B1/p7/4Q2P/1q3PP1/6K1 w - - 0 27,g5d8 a4a3 g1h2 a3a2,1882,74,88,353,advancedPawn crushing endgame short,https://lichess.org/GcnvlcDz#53,,2,"(1800, 1900]",False,GcnvlcDz,1. d4 d5 2. c4 dxc4 3. e4 Nf6 4. Nc3 e6 5. Bxc4 Bb4 6. e5 Nd5 7. Bd2 Nxc3 8. bxc3 Ba5 9. Nf3 h6 10. O-O O-O 11. Ne1 Nc6 12. Bd3 b6 13. Qc1 Bb7 14. Bxh6 Re8 15. Bg5 Qd5 16. Qf4 Bxc3 17. Rc1 Bxe1 18. Rfxe1 Nxd4 19. Be4 Qxa2 20. Bxb7 Ne2+ 21. Rxe2 Qxe2 22. Bxa8 Rxa8 23. Qe3 Qb2 24. h3 c5 25. Rd1 a5 26. Rd6 a4
LqEkl,8/5p2/3p1kp1/2pP1n1p/1pP1BP1P/pP4P1/P4K2/8 w - - 3 36,f2f3 f5d4 f3e3 d4b3,1852,75,91,287,crushing endgame short,https://lichess.org/ankowPYz#71,,2,"(1800, 1900]",False,ankowPYz,1. Nf3 Nf6 2. b3 g6 3. Bb2 Bg7 4. e3 O-O 5. Be2 b6 6. d4 Bb7 7. c4 d6 8. O-O Nbd7 9. Nc3 c5 10. d5 Ne4 11. Qc2 Nxc3 12. Bxc3 Nf6 13. Bd3 b5 14. h3 e6 15. e4 exd5 16. exd5 b4 17. Bb2 Re8 18. Rfe1 Qd7 19. Kf1 a5 20. Rxe8+ Rxe8 21. Re1 h5 22. Re2 Rxe2 23. Qxe2 a4 24. Ng5 a3 25. Ba1 Bc8 26. f4 Qe8 27. Qxe8+ Nxe8 28. Bxg7 Nxg7 29. Ne4 Ne8 30. Kf2 Bf5 31. Ke3 Bxe4 32. Bxe4 Kg7 33. h4 Kf6 34. g3 Ng7 35. Kf2 Nf5
z4iBz,2Q2k2/5p2/p2p2p1/1p6/7R/1P6/PKP1rqPP/8 b - - 3 39,e2e8 h4h8 f8g7 h8e8,1835,87,82,40,crushing deflection endgame short skewer,https://lichess.org/ke88oqWM/black#78,,2,"(1800, 1900]",False,ke88oqWM,1. e4 c5 2. Nf3 d6 3. d4 cxd4 4. Qxd4 e5 5. Qa4+ Nd7 6. Nc3 a6 7. Nd5 Nf6 8. Bg5 Be7 9. O-O-O O-O 10. Bd3 Nxd5 11. Bxe7 Qxe7 12. exd5 Nb6 13. Qb3 e4 14. Bxe4 Qxe4 15. Rhe1 Qf4+ 16. Kb1 Nd7 17. Rd4 Qf6 18. Rh4 Nc5 19. Qe3 Na4 20. Rxa4 b5 21. Rf4 Qd8 22. Qd3 Qa5 23. Rh4 g6 24. b3 Bf5 25. Qe3 Rae8 26. Qc1 Rxe1 27. Nxe1 Re8 28. Nf3 Qc3 29. Qd2 Qc5 30. Nd4 Qxd5 31. Qh6 Re1+ 32. Kb2 Qc5 33. Qxh7+ Kf8 34. Qh8+ Ke7 35. Nxf5+ Qxf5 36. Qd4 Re2 37. Qc3 Qxf2 38. Qc7+ Kf8 39. Qc8+
pt1YX,r4k2/7r/2P3p1/1P2Bp2/4p1q1/1Q4PN/7K/4R3 w - - 1 38,b3b4 f8e8 h2g1 g4h3,1981,75,82,57,crushing defensiveMove middlegame short,https://lichess.org/Gz9upJgZ#75,,2,"(1900, 2000]",False,Gz9upJgZ,1. e4 e5 2. Nf3 Nc6 3. Bc4 Nf6 4. d3 d5 5. exd5 Nxd5 6. h3 Bc5 7. O-O Be6 8. Re1 f6 9. c3 Qd7 10. b4 Bd6 11. Bxd5 Bxd5 12. b5 Ne7 13. c4 Be6 14. Nc3 c6 15. a4 Ng6 16. Ne4 O-O 17. Nxd6 Qxd6 18. Ba3 c5 19. Qe2 Nf4 20. Qe3 b6 21. a5 Qd7 22. axb6 axb6 23. Kh2 Bxh3 24. d4 Qg4 25. g3 Ng2 26. Qb3 Nxe1 27. Rxe1 e4 28. Ng1 f5 29. Nxh3 h5 30. dxc5 bxc5 31. Bxc5 Rf7 32. Be3 h4 33. Bf4 hxg3+ 34. fxg3 g6 35. c5 Kg7 36. Be5+ Kf8 37. c6 Rh7
wU5AN,2kr1r2/pp3q1p/2pppnp1/2b3B1/3nPN1Q/2NP3P/PPP3P1/2KRR3 w - - 2 17,e4e5 d4f5 f4e6 f5h4,1908,80,92,5880,advantage middlegame short trappedPiece,https://lichess.org/E7obidjn#33,Vienna_Game Vienna_Game_Anderssen_Defense,2,"(1900, 2000]",False,E7obidjn,1. e4 e5 2. Nc3 Bc5 3. Bc4 Nc6 4. Qg4 g6 5. Qf3 Nf6 6. Nge2 d6 7. d3 Bg4 8. Qg3 Qd7 9. h3 Be6 10. Bxe6 fxe6 11. Bg5 Rf8 12. f4 exf4 13. Nxf4 O-O-O 14. O-O-O Nd4 15. Rhe1 c6 16. Qh4 Qf7
Ydhio,B3kb1r/p3qpp1/5n2/8/3np3/2N4b/PP1PPP2/R1BQK2R w KQk - 0 14,d1a4 h3d7 h1h8 d7a4,1901,76,85,162,advantage defensiveMove middlegame short,https://lichess.org/ea4DkCEO#27,Grob_Opening Grob_Opening_Keene_Defense,2,"(1900, 2000]",False,ea4DkCEO,1. g4 c6 2. Bg2 d5 3. h3 e5 4. c4 h5 5. cxd5 hxg4 6. Qb3 gxh3 7. Nxh3 Nf6 8. dxc6 Nxc6 9. Nc3 Nd4 10. Qa4+ Bd7 11. Qd1 Qe7 12. Bxb7 Bxh3 13. Bxa8 e4
GK0fe,5rk1/p4p1p/2p2p2/5Nq1/2P1Bn2/3P4/Pr4PP/R4Q1K b - - 4 23,f8b8 h2h4 g5f5 e4f5,1961,73,94,4096,crushing master middlegame short,https://lichess.org/gXyBy4DJ/black#46,,2,"(1900, 2000]",False,gXyBy4DJ,1. e4 Nf6 2. d3 e5 3. f4 Nc6 4. Nf3 d6 5. Be2 Bg4 6. O-O Be7 7. c4 O-O 8. Nc3 Bxf3 9. Bxf3 Nd4 10. Be3 Nd7 11. Bxd4 exd4 12. Nb5 Bf6 13. e5 dxe5 14. fxe5 Nxe5 15. Bxb7 Rb8 16. Be4 c6 17. Na3 Rxb2 18. Kh1 Qa5 19. Nc2 Ng6 20. Rxf6 gxf6 21. Nxd4 Qg5 22. Nf5 Nf4 23. Qf1
rbHUK,5rk1/b1p2p1p/p2p4/1p3Q1P/4P2q/1BPn4/P4PP1/R4RK1 w - - 1 23,a1d1 d3f4 f5f4 h4f4,1923,121,33,59,advantage middlegame short,https://lichess.org/FzZgeUUV#45,,2,"(1900, 2000]",False,FzZgeUUV,1. e4 e5 2. Nf3 Nc6 3. Bb5 a6 4. Ba4 Nf6 5. Nc3 b5 6. Bb3 Bb4 7. Nd5 Bc5 8. c3 d6 9. d4 Ba7 10. O-O O-O 11. Bg5 Bg4 12. Nxf6+ gxf6 13. Bh6 exd4 14. h3 Bxf3 15. Qxf3 Ne5 16. Qg3+ Ng6 17. h4 f5 18. h5 Qh4 19. Qf3 Ne5 20. Qxf5 dxc3 21. Bxf8 Rxf8 22. bxc3 Nd3
Kckef,r5k1/1p3p1p/3p2p1/pP1P4/P2q4/1Q3P2/4r1PP/1R3R1K w - - 2 22,b1e1 d4f2 f1f2 e2e1 f2f1 e1f1,2025,76,98,2377,backRankMate deflection endgame long mate mateIn3 sacrifice,https://lichess.org/3CuiR2F8#43,,3,"(2000, 2100]",True,3CuiR2F8,1. e4 c5 2. b4 d6 3. b5 Nf6 4. f3 g6 5. Bb2 Bg7 6. c3 O-O 7. d4 cxd4 8. cxd4 Qb6 9. a4 a5 10. Bc4 Nbd7 11. Ne2 e5 12. Nbc3 exd4 13. Nxd4 Nc5 14. Nd5 Nxd5 15. Bxd5 Re8 16. O-O Be6 17. Rb1 Bxd5 18. exd5 Nb3 19. Qxb3 Bxd4+ 20. Bxd4 Qxd4+ 21. Kh1 Re2
qEXLe,r2b3r/1pp5/p4nk1/2P1B3/1P2P1pp/PB3pPq/3Q1P1P/4R1RK w - - 6 28,d2f4 h3h2 h1h2 h4g3 h2g3 h8h3,2003,77,86,641,attraction discoveredCheck doubleCheck kingsideAttack long mate mateIn3 middlegame sacrifice,https://lichess.org/KjmndUCg#55,,3,"(2000, 2100]",True,KjmndUCg,1. d4 e6 2. c4 f5 3. g3 Nf6 4. Bg2 Be7 5. Nf3 O-O 6. O-O d6 7. b3 Qe8 8. Bb2 Nc6 9. Nbd2 Bd8 10. Qc2 e5 11. dxe5 dxe5 12. e4 f4 13. a3 Qh5 14. c5 Bg4 15. b4 a6 16. Rae1 Kh8 17. Qb3 g5 18. Nc4 Bxf3 19. Bxf3 g4 20. Bd1 f3 21. Kh1 Qh3 22. Rg1 h5 23. Nxe5 Nxe5 24. Bxe5 h4 25. Qb2 Kg7 26. Bb3 Rh8 27. Qd2 Kg6
PxMet,2k3rr/pp1qppQ1/3p4/2pNp3/4P3/P2P4/1PP2PPP/R4RK1 w - - 1 16,g7f7 g8g2 g1g2 d7h3 g2g1 h3h2,2085,84,86,416,attraction kingsideAttack long mate mateIn3 middlegame sacrifice,https://lichess.org/UehXrimw#31,Sicilian_Defense Sicilian_Defense_Canal_Attack,3,"(2000, 2100]",True,UehXrimw,1. e4 c5 2. Nf3 d6 3. Bb5+ Bd7 4. Bxd7+ Qxd7 5. O-O Nf6 6. d3 Nc6 7. Bg5 h6 8. Bxf6 gxf6 9. Nc3 h5 10. a3 Bh6 11. Nd5 Ne5 12. Nxe5 fxe5 13. Qxh5 Bg7 14. Qg5 O-O-O 15. Qxg7 Rdg8
s2VQo,r1bqkbnr/ppp4p/2np2p1/4pP2/2B5/2P2Q2/PP1P1PPP/RNB1K1NR b KQkq - 0 6,g6f5 f3h5 e8d7 h5f5 d7e7 f5f7,2096,79,93,7541,exposedKing interference long mate mateIn3 opening,https://lichess.org/WU3gS5eb/black#12,Kings_Pawn_Game Kings_Pawn_Game_Macleod_Attack,3,"(2000, 2100]",True,WU3gS5eb,1. e4 e5 2. c3 d6 3. Bc4 f5 4. Qh5+ g6 5. Qf3 Nc6 6. exf5
KKbMf,8/R1n4k/2QpP1r1/2p2B2/2Pb2P1/5rq1/8/2B1RK2 w - - 5 38,f1e2 f3f2 e2d1 g3b3 f5c2 b3c2,2049,82,92,1842,exposedKing long mate mateIn3 middlegame,https://lichess.org/zTUqu3X3#75,,3,"(2000, 2100]",True,zTUqu3X3,1. c4 Nf6 2. Nc3 g6 3. g3 Bg7 4. Bg2 O-O 5. e4 d6 6. Nge2 c5 7. O-O Nc6 8. d3 Rb8 9. h3 a6 10. a4 Ne8 11. f4 Nd4 12. Be3 Nxe2+ 13. Qxe2 Nc7 14. f5 b5 15. axb5 axb5 16. g4 bxc4 17. dxc4 Bb7 18. Ra7 Qd7 19. Nd5 Bxd5 20. exd5 Rxb2 21. Qf3 Qc8 22. Bg5 Bd4+ 23. Kh1 f6 24. Bh6 Re8 25. fxg6 hxg6 26. Qe4 Kh7 27. Bc1 Rb3 28. h4 Qd7 29. h5 Rg8 30. Re1 e5 31. dxe6 Qe7 32. Qc6 Rg7 33. Be4 f5 34. hxg6+ Rxg6 35. Bxf5 Qh4+ 36. Kg2 Qg3+ 37. Kf1 Rf3+
xZe2J,8/pp4pp/2krQ3/2p5/B3P3/8/PK5P/6q1 b - - 7 38,b7b5 e6c8 c6b6 c8b8 b6a5 b8b5,2194,87,90,1010,endgame long mate mateIn3,https://lichess.org/XXLdXgFw/black#76,,3,"(2100, 2200]",True,XXLdXgFw,1. d4 d5 2. c4 Nf6 3. cxd5 Qxd5 4. Bg5 Ne4 5. Bh4 Nc6 6. e3 Na5 7. Nc3 Nxc3 8. bxc3 Bf5 9. Qa4+ Nc6 10. Bc4 Qxg2 11. d5 Be4 12. dxc6 Bxc6 13. Qb4 Qxh1 14. O-O-O e6 15. Qb3 Bd7 16. Rxd7 Kxd7 17. Qd1+ Bd6 18. Bb5+ c6 19. Ba4 f6 20. Bg3 e5 21. f4 Rad8 22. fxe5 fxe5 23. Bxe5 Kc7 24. Bxd6+ Rxd6 25. Qe1 Rhd8 26. Qg3 Kb6 27. e4 Rd3 28. Qf2+ c5 29. Qb2+ Kc7 30. Qf2 Rxc3+ 31. Kb2 Rc4 32. Qf7+ Kb6 33. Qxc4 Rd2+ 34. Bc2 Qxg1 35. Qe6+ Kb5 36. Qb3+ Kc6 37. Qe6+ Rd6 38. Ba4+
CvFPH,1r1q1r2/1b1n2p1/p3kbQ1/1pPp4/1P6/3B4/P2N1PPP/4R1K1 b - - 1 22,d7e5 d3f5 e6e7 e1e5 f6e5 g6e6,2145,88,90,2723,deflection long mate mateIn3 middlegame sacrifice,https://lichess.org/DaJOZXeZ/black#44,,3,"(2100, 2200]",True,DaJOZXeZ,1. d4 d5 2. Nf3 e6 3. e3 c5 4. b3 Nf6 5. Bd3 Be7 6. O-O cxd4 7. exd4 O-O 8. Nbd2 a6 9. Bb2 b5 10. Ne5 Bb7 11. Qf3 Nbd7 12. c4 Rb8 13. c5 Nxe5 14. dxe5 Nd7 15. b4 f6 16. exf6 Bxf6 17. Qh3 Bxb2 18. Qxh7+ Kf7 19. Qg6+ Ke7 20. Rae1 Bf6 21. Rxe6+ Kxe6 22. Re1+
PRmI7,3qrrk1/4np2/p1p2Rp1/1p2P2p/1P1P3Q/P6R/6PP/1B5K b - - 3 35,e7d5 h4h5 g6h5 h3g3 g8h8 f6h6,2199,80,82,348,kingsideAttack long mate mateIn3 middlegame sacrifice,https://lichess.org/ekWvduUH/black#70,,3,"(2100, 2200]",True,ekWvduUH,1. d4 d5 2. Nf3 Bf5 3. c4 e6 4. Nc3 Bb4 5. Bd2 Bxc3 6. Bxc3 c6 7. e3 Bg4 8. Be2 Bxf3 9. Bxf3 Nf6 10. b3 Nbd7 11. O-O O-O 12. Re1 b6 13. cxd5 exd5 14. Qd3 Re8 15. Bd1 Ne4 16. Bc2 Ndf6 17. Bb2 g6 18. f3 Nd6 19. Ba3 Qd7 20. Bxd6 Qxd6 21. e4 dxe4 22. fxe4 Qd7 23. e5 Nd5 24. Qf3 Rad8 25. Rad1 Nb4 26. Bb1 Rf8 27. a3 Nd5 28. b4 b5 29. Rd3 a6 30. Qe4 Rde8 31. Rh3 Ne7 32. Rf1 Qd5 33. Qh4 h5 34. Kh1 Qd8 35. Rf6
9oqsi,r4rk1/pb3ppp/1p2p3/3n4/2BPq3/P1B3P1/1P3P1P/R2Q1RK1 w - - 1 17,c4d3 e4g2 g1g2 d5f4 g2g1 f4h3,2147,77,95,599,attraction discoveredCheck doubleCheck kingsideAttack long mate mateIn3 middlegame sacrifice,https://lichess.org/eFQlhFtP#33,Nimzo-Indian_Defense Nimzo-Indian_Defense_Other_variations,3,"(2100, 2200]",True,eFQlhFtP,1. d4 Nf6 2. c4 e6 3. Nc3 Bb4 4. Bd2 c5 5. Nf3 Nc6 6. e3 O-O 7. a3 Bxc3 8. Bxc3 cxd4 9. Nxd4 d5 10. cxd5 Nxd5 11. Bd2 Nxd4 12. exd4 b6 13. Bc4 Bb7 14. O-O Qf6 15. Bc3 Qg6 16. g3 Qe4
Q9klN,r6k/pbpn2Np/3q4/2p2p2/2B5/1Q2P3/P2n1PPP/R4RK1 w - - 1 21,b3c3 d2f3 g2f3 d6g6 g1h1 b7f3,2129,76,93,1050,intermezzo kingsideAttack long mate mateIn3 middlegame sacrifice,https://lichess.org/qiTCpJmq#41,,3,"(2100, 2200]",True,qiTCpJmq,1. d4 e6 2. c4 f5 3. e3 Nf6 4. Nf3 Bb4+ 5. Nc3 Bxc3+ 6. bxc3 O-O 7. Be2 b6 8. O-O Bb7 9. Ba3 d6 10. c5 dxc5 11. dxc5 Nbd7 12. c6 Bxc6 13. Bxf8 Qxf8 14. Qb3 Bd5 15. c4 Bb7 16. Nd4 Ne4 17. Nxe6 Qd6 18. c5 bxc5 19. Bc4 Kh8 20. Nxg7 Nd2
ZaC9a,2r2rk1/p3qppb/4p2p/3p3P/3N2Q1/1P1n4/PB4P1/2R2RK1 b - - 3 24,d3c1 g4g7 g8g7 d4f5 g7g8 f5e7,2292,99,90,807,attraction discoveredCheck doubleCheck kingsideAttack long mate mateIn3 middlegame sacrifice,https://lichess.org/QK1okJCB/black#48,,3,"(2200, 2300]",True,QK1okJCB,1. b3 d5 2. Bb2 Nc6 3. e3 Nf6 4. f4 Bf5 5. Nf3 e6 6. Bb5 Bd6 7. O-O O-O 8. Bxc6 bxc6 9. Ne5 Bxe5 10. fxe5 Nd7 11. d4 Qe7 12. Nd2 c5 13. Qh5 Bxc2 14. Nf3 cxd4 15. exd4 Rac8 16. Rac1 Bg6 17. Qg4 c5 18. h4 h6 19. h5 Bf5 20. Qg3 cxd4 21. Nxd4 Bh7 22. Qg4 Nxe5 23. Qf4 Nd3 24. Qg4
BkCV8,5r2/3b1p2/4pkpQ/4p3/1p2P1P1/qP3N2/1K6/3R3R w - - 1 28,b2c2 a3a2 c2d3 d7b5 d3e3 a2e2,2248,81,93,5812,long mate mateIn3 middlegame,https://lichess.org/DXl7zt1c#55,,3,"(2200, 2300]",True,DXl7zt1c,1. e4 c5 2. Nf3 d6 3. d4 cxd4 4. Nxd4 Nf6 5. Nc3 g6 6. Be3 Bg7 7. Bc4 Nc6 8. f3 Bd7 9. Qd2 O-O 10. O-O-O a6 11. Bb3 Rc8 12. g4 Ne5 13. h4 b5 14. h5 b4 15. Nd5 Nxd5 16. Bxd5 e6 17. Bb3 a5 18. hxg6 hxg6 19. Bh6 a4 20. Bxg7 Kxg7 21. Qh6+ Kf6 22. f4 axb3 23. fxe5+ dxe5 24. Nf3 Rxc2+ 25. Kb1 Qa5 26. axb3 Rxb2+ 27. Kxb2 Qa3+
WxnFt,1nk3rr/2b2p2/2B1p3/8/3PpPpq/4P3/1B2Q1P1/R1R3K1 w - - 3 25,c6e4 h4h1 g1f2 g4g3 f2f3 h1h5,2201,77,95,3240,long mate mateIn3 middlegame,https://lichess.org/lDdSDbpS#49,,3,"(2200, 2300]",True,lDdSDbpS,1. f4 d5 2. Nf3 h5 3. b3 Nf6 4. Bb2 a6 5. e3 Bg4 6. h3 Bxf3 7. Qxf3 Nbd7 8. d4 e6 9. Bd3 Bd6 10. O-O Qe7 11. c4 c6 12. Nd2 O-O-O 13. c5 Bc7 14. b4 Rdg8 15. a4 g5 16. b5 cxb5 17. axb5 g4 18. hxg4 hxg4 19. Qe2 axb5 20. Bxb5 Ne4 21. Nxe4 dxe4 22. c6 bxc6 23. Bxc6 Nb8 24. Rfc1 Qh4
tGkG7,5r2/1RR2p1p/3pk1p1/6P1/2p1P2P/1bPr1P2/7K/8 b - - 2 43,d6d5 c7e7 e6d6 e4e5 d6c5 e7c7,2253,76,91,776,endgame long mate mateIn3,https://lichess.org/TSmsZNeC/black#86,,3,"(2200, 2300]",True,TSmsZNeC,1. e4 c5 2. Bc4 e6 3. d4 cxd4 4. Qxd4 Nc6 5. Qe3 Nf6 6. f3 Be7 7. c3 O-O 8. Bd3 Ne5 9. Bc2 Qc7 10. Ne2 b5 11. O-O Bc5 12. Nd4 Nc4 13. Qg5 e5 14. b3 exd4 15. bxc4 d3+ 16. Be3 Bxe3+ 17. Qxe3 dxc2 18. Na3 bxc4 19. Nxc2 a5 20. Nd4 Ba6 21. Qg5 Rab8 22. Nf5 Ne8 23. Nh6+ Kh8 24. Nf5 Qc5+ 25. Kh1 g6 26. Qe7 Qxe7 27. Nxe7 Nc7 28. Rfd1 Bb5 29. a4 Rfe8 30. Nd5 Nxd5 31. Rxd5 Bxa4 32. Rxa5 Bb3 33. h4 Kg7 34. Ra7 d6 35. R1a6 Red8 36. Rc7 Ra8 37. Rb6 Ra1+ 38. Kh2 Rd1 39. Rbb7 Rf8 40. Rb5 Kf6 41. g4 Rd3 42. g5+ Ke6 43. Rbb7
xhYbu,2r3k1/5p1p/4pQ2/3p4/5B2/1p2P2P/5PPK/1n2q3 b - - 2 30,b1d2 f6g5 g8f8 f4d6 f8e8 g5e7,2225,84,41,50,endgame long mate mateIn3,https://lichess.org/JPdNHtT4/black#60,,3,"(2200, 2300]",True,JPdNHtT4,1. d4 d5 2. Nf3 Nf6 3. Bf4 Bf5 4. e3 c6 5. c4 e6 6. Nc3 a6 7. Qb3 b5 8. cxb5 axb5 9. a4 b4 10. Na2 Nbd7 11. Nc1 Qb6 12. Bd3 Be4 13. Bxe4 Nxe4 14. O-O Be7 15. Nd3 O-O 16. Rfd1 c5 17. dxc5 Ndxc5 18. Nxc5 Nxc5 19. Qc2 b3 20. Qe2 Rxa4 21. Rxa4 Nxa4 22. Ra1 Qb4 23. Ne5 Bf6 24. Nd7 Bxb2 25. Rb1 Nc3 26. Qxb2 Nxb1 27. h3 Rc8 28. Nf6+ gxf6 29. Qxf6 Qe1+ 30. Kh2
2ZtWd,5Q2/7p/p5qk/1ppB1pp1/5P2/1P4PK/P3r2P/8 b - - 3 35,g6g7 f4g5 h6g6 d5f7 g7f7 f8h6,2336,81,83,290,endgame long mate mateIn3 pin sacrifice,https://lichess.org/YLmu8NY5/black#70,,3,"(2300, 2400]",True,YLmu8NY5,1. e4 c5 2. Nf3 Nc6 3. c4 e6 4. Nc3 g6 5. d3 Bg7 6. Bd2 Nge7 7. Rb1 d5 8. exd5 exd5 9. cxd5 Nxd5 10. Nxd5 Qxd5 11. b3 O-O 12. Be2 Bf5 13. O-O Bxd3 14. Re1 Bxb1 15. Qxb1 Rae8 16. Bc4 Qd8 17. Bg5 Qc7 18. Rxe8 Rxe8 19. g3 a6 20. Bf4 Qd7 21. Qc1 Ne5 22. Nxe5 Bxe5 23. Bxe5 Rxe5 24. Qf4 Re1+ 25. Kg2 Qc6+ 26. f3 Re7 27. Qd2 b5 28. Bd5 Qe8 29. Be4 f5 30. Bd5+ Kg7 31. Qc3+ Kh6 32. f4 Re2+ 33. Kh3 g5 34. Qf6+ Qg6 35. Qf8+
TdDgJ,1r1q1rk1/R5pp/4p3/1bp2pNQ/1b1P4/1pp1P1P1/1P3PBP/5RK1 b - - 1 25,h7h6 h5g6 d8g5 a7g7 g8h8 g7h7,2322,81,87,424,kingsideAttack long mate mateIn3 middlegame sacrifice,https://lichess.org/zijG1hkV/black#50,,3,"(2300, 2400]",True,zijG1hkV,1. d4 d5 2. c4 dxc4 3. Nf3 Nf6 4. g3 e6 5. Bg2 a6 6. O-O Nc6 7. Nc3 Bd7 8. Qc2 b5 9. e3 Rb8 10. a4 Nb4 11. Qd2 Nd3 12. axb5 axb5 13. Ra7 Bb4 14. Ne1 Nxc1 15. Qxc1 O-O 16. Nc2 Bd6 17. Ne4 Nxe4 18. Bxe4 f5 19. Bg2 b4 20. Qd2 b3 21. Ne1 Bb4 22. Qe2 Bb5 23. Qh5 c5 24. Nf3 c3 25. Ng5
mOz0w,8/r5p1/7p/p7/3p4/5kPP/5P2/R5K1 b - - 7 45,d4d3 a1e1 a7e7 e1e7 d3d2 e7e3,2327,81,97,749,endgame long mate mateIn3 quietMove rookEndgame,https://lichess.org/8yWZ0EUG/black#90,,3,"(2300, 2400]",True,8yWZ0EUG,1. d4 e5 2. dxe5 Bc5 3. Nc3 Nc6 4. Nf3 Qe7 5. Bf4 h6 6. e3 b6 7. Be2 Bb7 8. O-O O-O-O 9. Nb5 a6 10. Nc3 f6 11. exf6 Nxf6 12. a4 d5 13. Nd4 Bxd4 14. exd4 Ne4 15. Nxe4 Qxe4 16. Be3 Rhe8 17. Bf3 Qg6 18. c3 Re7 19. b4 a5 20. bxa5 Nxa5 21. Be2 c5 22. Bd3 Qc6 23. Bf5+ Kb8 24. Bd2 cxd4 25. cxd4 Rf7 26. Bd3 Qf6 27. Bxa5 bxa5 28. Rb1 Qxd4 29. Qb3 Rdd7 30. Rbd1 Qb4 31. Rb1 Qxb3 32. Rxb3 Rf4 33. Bb5 Re7 34. h3 Kc7 35. Rc3+ Kd6 36. g3 Rfe4 37. Bd3 Rxa4 38. Kh2 d4 39. Rc4 Rxc4 40. Bxc4 Bd5 41. Bxd5 Kxd5 42. Ra1 Ra7 43. Kg2 Ke4 44. Kf1 Kf3 45. Kg1
YaaA9,r2qr1k1/pp4p1/n1pbbpN1/3p3Q/3P4/6P1/PPP1N1PP/R4RK1 b - - 5 16,d8d7 f1f6 g7f6 h5h8 g8f7 h8h7,2341,84,87,283,kingsideAttack long mate mateIn3 middlegame sacrifice,https://lichess.org/Go4MnVhN/black#32,French_Defense French_Defense_Knight_Variation,3,"(2300, 2400]",True,Go4MnVhN,1. e4 e6 2. Nf3 d5 3. exd5 exd5 4. d4 Bd6 5. Nc3 c6 6. Bg5 Ne7 7. Bd3 O-O 8. O-O f6 9. Bh4 Nf5 10. Bg3 Nxg3 11. fxg3 Be6 12. Nh4 Na6 13. Bxh7+ Kxh7 14. Qh5+ Kg8 15. Ng6 Re8 16. Ne2
uDWXg,r3kr2/pppn4/4R3/2bpp1B1/4P2Q/5q2/PPP2P2/RN2K3 b Q - 0 20,e8f7 e6e7 c5e7 h4h7 f7e6 h7e7,2341,79,94,5958,exposedKing long mate mateIn3 middlegame sacrifice,https://lichess.org/oHlnrdv5/black#40,,3,"(2300, 2400]",True,oHlnrdv5,1. e4 e5 2. Bc4 Nf6 3. d3 Bc5 4. Bg5 d6 5. h3 O-O 6. g4 Be6 7. Bxe6 fxe6 8. h4 Nbd7 9. h5 h6 10. Bh4 Qe8 11. g5 hxg5 12. Bxg5 Kf7 13. h6 gxh6 14. Rxh6 Ke7 15. Qf3 Qf7 16. Qh3 Ke8 17. Qh4 d5 18. Nf3 Nxe4 19. dxe4 Qxf3 20. Rxe6+
yFV7C,r7/ppp3Q1/1nkp3R/4p3/4P1P1/2N2q2/PPP5/2K5 w - - 6 28,h6h7 f3f4 c1b1 f4f1 c3d1 f1d1,2435,84,91,956,endgame long mate mateIn3 queensideAttack,https://lichess.org/C19zvMxJ#55,,3,"(2400, 2500]",True,C19zvMxJ,1. e4 e5 2. Nf3 Nc6 3. d4 exd4 4. Nxd4 Nxd4 5. Qxd4 d6 6. Bc4 Be7 7. Nc3 Be6 8. Bxe6 fxe6 9. Be3 e5 10. Qd2 Nf6 11. O-O-O O-O 12. h4 h6 13. f3 Nd7 14. h5 Nb6 15. g4 Bg5 16. Bxg5 hxg5 17. h6 gxh6 18. Rxh6 Kg7 19. Rdh1 Kf7 20. Rh7+ Ke8 21. Rh8 Qf6 22. Rxf8+ Kxf8 23. Rh5 Kf7 24. Qxg5 Qxf3 25. Rh7+ Ke6 26. Rh6+ Kd7 27. Qg7+ Kc6
exEwy,4r1k1/2R2pp1/p3qn1p/1b1p4/1P1Q4/P1B3P1/2B2P1P/6K1 w - - 8 30,g1g2 e6h3 g2h3 b5f1 h3h4 g7g5,2414,83,94,3528,attraction long master mate mateIn3 middlegame sacrifice,https://lichess.org/mcSB6vFq#59,,3,"(2400, 2500]",True,mcSB6vFq,1. Nf3 Nf6 2. d4 e6 3. c4 Bb4+ 4. Nbd2 c5 5. a3 Bxd2+ 6. Qxd2 cxd4 7. Nxd4 Nc6 8. g3 d5 9. Bg2 O-O 10. O-O h6 11. cxd5 exd5 12. b4 a6 13. Bb2 Re8 14. Nxc6 bxc6 15. Rac1 Bg4 16. e3 Bd7 17. Qd4 Re7 18. Rc5 Ne8 19. Rfc1 Rc8 20. Bf1 Ra8 21. Bd3 Re6 22. e4 Qe7 23. exd5 Re1+ 24. Rxe1 Qxe1+ 25. Kg2 cxd5 26. Bc3 Qe6 27. Kg1 Nf6 28. Rc7 Bb5 29. Bc2 Re8
LPIS0,8/5k2/2p2b1K/2p2P2/2P3r1/5R2/7P/5N2 w - - 3 44,f1g3 g4g8 h6h5 g8h8 h5g4 h8h4,2432,81,92,4375,endgame long mate mateIn3 operaMate,https://lichess.org/f51ihchR#87,,3,"(2400, 2500]",True,f51ihchR,1. e4 c5 2. c4 Nc6 3. Ne2 g6 4. d4 cxd4 5. Nxd4 Bg7 6. Be3 Nf6 7. Nc3 d6 8. Be2 O-O 9. O-O Bd7 10. Qd2 Rc8 11. b3 Nxd4 12. Bxd4 Bc6 13. f3 a5 14. Rac1 Nd7 15. Be3 f5 16. exf5 Rxf5 17. Bd3 Rf8 18. Be4 Nc5 19. Bxc6 bxc6 20. Bxc5 dxc5 21. Qxd8 Rfxd8 22. Ne4 Bd4+ 23. Kh1 a4 24. Rcd1 axb3 25. axb3 Rb8 26. Rd3 Rb4 27. g4 Rdb8 28. Nd2 e5 29. f4 e4 30. Nxe4 Rxb3 31. Rff3 Rb1+ 32. Kg2 R8b2+ 33. Kh3 Rh1 34. Rd2 Rxd2 35. Nxd2 Bg1 36. Nf1 Bd4 37. Kg2 Rg1+ 38. Kh3 h5 39. gxh5 gxh5 40. f5 Kf7 41. Kh4 Bf6+ 42. Kxh5 Rg5+ 43. Kh6 Rg4
3Mg46,4r1k1/rp3ppp/pN6/P2p4/3P1q2/QP1np2P/2R2PP1/1N3K1R w - - 0 27,b6d5 e3e2 c2e2 f4f2 e2f2 e8e1,2418,80,93,2606,advancedPawn long master mate mateIn3 middlegame sacrifice,https://lichess.org/YTRLX9wB#53,,3,"(2400, 2500]",True,YTRLX9wB,1. c4 e6 2. Nc3 d5 3. d4 c6 4. e3 Nf6 5. Nf3 Nbd7 6. Qc2 Bd6 7. b3 O-O 8. Bb2 e5 9. Be2 e4 10. Nd2 a6 11. a4 Qe7 12. a5 Re8 13. Qc1 Nf8 14. Ba3 Ng6 15. Bxd6 Qxd6 16. Qa3 Qb8 17. Na4 Bg4 18. Nb6 Bxe2 19. Kxe2 Ra7 20. h3 Nh5 21. cxd5 cxd5 22. Rac1 Ngf4+ 23. exf4 Nxf4+ 24. Kf1 Nd3 25. Rc2 Qf4 26. Nb1 e3
SGKxW,5rk1/1p6/pN2p3/8/2PPb1P1/8/P4bKB/R2R4 w - - 2 31,g2h3 f8f7 h2f4 f7h7 f4h6 h7h6,2490,98,90,1052,long mate mateIn3 middlegame pillsburysMate quietMove,https://lichess.org/Ao1eKjCO#61,,3,"(2400, 2500]",True,Ao1eKjCO,1. d4 d5 2. c4 Nf6 3. Nf3 Bf5 4. Bg5 h6 5. Bh4 g5 6. Bg3 e6 7. Nc3 c5 8. Nb5 Na6 9. Qa4 Nd7 10. e3 Be7 11. Ne5 O-O 12. Nxd7 Qxd7 13. Be2 cxd4 14. exd4 Nc7 15. O-O a6 16. Nc3 Qxa4 17. Nxa4 Bg6 18. Bxc7 Rac8 19. Bg3 h5 20. h3 g4 21. hxg4 h4 22. Bh2 h3 23. gxh3 Rxc4 24. Bxc4 dxc4 25. Nb6 Bd3 26. Rfd1 Bh4 27. b3 f5 28. bxc4 fxg4 29. hxg4 Bxf2+ 30. Kg2 Be4+
e3phd,r6k/1p3p1P/4p1p1/r2NQ1B1/1b6/8/P1p2PP1/1qR3K1 b - - 2 39,h8h7 d5f6 h7h8 e5h2 h8g7 h2h6,2519,85,91,1373,long mate mateIn3 middlegame,https://lichess.org/Zy6DstDP/black#78,,3,"(2500, 2600]",True,Zy6DstDP,1. e4 c6 2. d4 d5 3. e5 Bf5 4. h4 Qa5+ 5. Nd2 h5 6. Bd3 Bxd3 7. cxd3 e6 8. Nf3 Ne7 9. O-O Nf5 10. Nb3 Qb6 11. Bg5 a5 12. Rc1 a4 13. Nc5 Nxd4 14. Nxd4 Bxc5 15. Ne2 Nd7 16. d4 Bf8 17. Nf4 g6 18. Qd3 Rg8 19. Rfd1 c5 20. Re1 cxd4 21. Qf3 Bb4 22. Re2 a3 23. Rec2 Nxe5 24. Qe2 d3 25. Qxe5 dxc2 26. Nxd5 axb2 27. Nxb6 b1=Q 28. Qb5+ Kf8 29. Nd7+ Kg7 30. Qe5+ Kh7 31. Nf6+ Kg7 32. Nxh5+ Kh7 33. Nf6+ Kg7 34. h5 Ra5 35. h6+ Kh8 36. Nd5+ Kh7 37. Nf6+ Kh8 38. h7 Rga8 39. Nd5+
yNrhY,2k2r2/pp3Npp/5n2/2qNp3/2Bn2b1/8/PPPP1KPP/R1B2Q1R w - - 1 15,b2b4 f6e4 f2e3 d4f5 e3e4 c5d4,2600,84,84,219,discoveredCheck doubleCheck long mate mateIn3 middlegame pin sacrifice,https://lichess.org/0L4GMdJT#29,Italian_Game Italian_Game_Two_Knights_Defense,3,"(2500, 2600]",True,0L4GMdJT,1. e4 e5 2. Nf3 Nf6 3. Bc4 Nc6 4. Ng5 Bc5 5. Nxf7 Bxf2+ 6. Kf1 Qe7 7. Nxh8 d5 8. exd5 Nd4 9. d6 cxd6 10. Kxf2 Bg4 11. Qf1 O-O-O 12. Nf7 Rf8 13. Nc3 d5 14. Nxd5 Qc5
xAoXK,5krr/ppQb4/3P4/5p1q/7p/2P3p1/PP5N/K4RR1 b - - 2 35,g3h2 f1f5 h5f5 c7d8 d7e8 d8e7,2578,83,95,543,exposedKing long mate mateIn3 middlegame sacrifice,https://lichess.org/LsUk1btx/black#70,,3,"(2500, 2600]",True,LsUk1btx,1. Nf3 d5 2. Ng5 h6 3. Nxf7 Kxf7 4. e4 g6 5. e5 e6 6. d4 Be7 7. h4 Bxh4 8. g3 Bg5 9. Nd2 Nc6 10. Nf3 Bxc1 11. Qxc1 g5 12. c3 Nge7 13. Qc2 Qg8 14. Bd3 Nf5 15. O-O-O g4 16. Nh2 Qg5+ 17. Kb1 Ke7 18. Rdg1 Bd7 19. f4 Qg7 20. Qb3 Nxg3 21. Rxg3 h5 22. Qa3+ Kf7 23. Qb3 Na5 24. Qd1 Nc4 25. Bxc4 dxc4 26. f5 exf5 27. Rf1 Qg6 28. Ka1 Ke7 29. Qe2 h4 30. Rgg1 Rag8 31. d5 g3 32. Qxc4 Qh5 33. d6+ cxd6 34. exd6+ Kf8 35. Qc7
wZ4Lk,4R1b1/1Q6/2pp1k1q/8/8/2N4n/PP4P1/6K1 w - - 0 44,g1f1 h6c1 f1e2 g8c4 e2f3 c1f4,2572,84,82,363,endgame long mate mateIn3,https://lichess.org/mV2DDWjp#87,,3,"(2500, 2600]",True,mV2DDWjp,1. d4 d6 2. e4 f5 3. Bd3 fxe4 4. Bxe4 Nf6 5. Bd3 Nc6 6. c3 e5 7. Ne2 Bg4 8. f3 Bh5 9. O-O Be7 10. Ng3 Bf7 11. Nf5 g6 12. Ng7+ Kf8 13. Bh6 Kg8 14. f4 exd4 15. f5 Bf8 16. fxg6 hxg6 17. Nf5 gxf5 18. Bxf8 Qxf8 19. Rxf5 Qh6 20. h3 Be6 21. Rf3 Ne5 22. Rg3+ Kf8 23. cxd4 Nxd3 24. Qxd3 Rg8 25. Rf3 Ke7 26. Qe2 Kd7 27. Nc3 Rae8 28. Qf2 Rgf8 29. Rf1 Nh7 30. d5 Bg8 31. Qxa7 Rxf3 32. Rxf3 Ng5 33. Qa4+ Kd8 34. Qa8+ Kd7 35. Qa4+ c6 36. dxc6+ bxc6 37. Qa7+ Kd8 38. Qb6+ Kd7 39. Qb7+ Kd8 40. Qb6+ Kd7 41. Qb7+ Ke6 42. Re3+ Kf6 43. Rxe8 Nxh3+
lKWY3,1k1B3r/5p2/1p4P1/1N6/Pp1pB1qp/4n3/8/R3QRK1 w - - 2 29,g1f2 e3d1 e1d1 g4g3 f2e2 g3e3,2553,96,70,117,exposedKing long mate mateIn3 middlegame sacrifice,https://lichess.org/12grLrN9#57,,3,"(2500, 2600]",True,12grLrN9,1. e4 c5 2. Nc3 e6 3. g3 Qc7 4. Bg2 Nc6 5. Nge2 Be7 6. O-O Nf6 7. d3 b6 8. h3 Bb7 9. Kh2 h5 10. f4 h4 11. g4 d6 12. Kh1 O-O-O 13. a4 a5 14. Nb5 Qd7 15. Bd2 Kb8 16. c3 e5 17. f5 g6 18. b4 cxb4 19. cxb4 axb4 20. Qe1 d5 21. Bg5 dxe4 22. dxe4 Nd4 23. Nexd4 exd4 24. fxg6 Nxg4 25. Bxe7 Ne3 26. Bxd8 Bxe4 27. Bxe4 Qxh3+ 28. Kg1 Qg4+
XGwZ5,5rk1/p5p1/2p3Qp/8/3B1qP1/2P2P2/PP2r1K1/R6R w - - 9 32,g2h3 f4h2 h1h2 f8f3 h3h4 e2h2,2639,117,90,750,deflection discoveredAttack long mate mateIn3 middlegame sacrifice,https://lichess.org/UB8MWgS9#63,,3,"(2600, 2700]",True,UB8MWgS9,1. e4 e5 2. Nf3 d6 3. Bc4 h6 4. c3 Bg4 5. h3 Bh5 6. g4 Bg6 7. d3 Nf6 8. Nbd2 Nc6 9. Qb3 Na5 10. Qa4+ c6 11. Nh4 Nxc4 12. Nxc4 Nxe4 13. Nxg6 Qf6 14. dxe4 Qxg6 15. f3 Be7 16. Na5 Bh4+ 17. Ke2 O-O 18. Nxb7 d5 19. Nc5 dxe4 20. Nxe4 f5 21. Nc5 fxg4 22. hxg4 Be7 23. Nb3 e4 24. Qxe4 Qf6 25. Nd4 Bc5 26. Be3 Bxd4 27. Bxd4 Qg5 28. Kf2 Qd2+ 29. Kg3 Rae8 30. Qg6 Qf4+ 31. Kg2 Re2+
MfSCP,3Q4/5b2/3b2k1/1p1q1p1p/1Pp1p2P/4P1P1/4BPK1/8 b - - 17 50,d5e6 d8h8 f5f4 e2h5 g6f5 g3g4,2657,104,87,345,endgame long mate mateIn3,https://lichess.org/tCoAJ0ig/black#100,,3,"(2600, 2700]",True,tCoAJ0ig,1. Nf3 Nf6 2. g3 g6 3. Bg2 Bg7 4. O-O O-O 5. c3 d6 6. d3 e5 7. Bg5 h6 8. Bxf6 Qxf6 9. Nbd2 c6 10. Ne4 Qe7 11. Qb3 Nd7 12. Rad1 d5 13. Ned2 Re8 14. Qc2 e4 15. dxe4 dxe4 16. Nd4 f5 17. e3 Kh7 18. Ne2 Nc5 19. Nc1 Be6 20. Ndb3 Nxb3 21. Nxb3 Rad8 22. Rxd8 Rxd8 23. Rd1 Rd6 24. Nd4 Bf7 25. Bf1 a6 26. b3 Qd7 27. Be2 c5 28. Nxf5 Rxd1+ 29. Bxd1 gxf5 30. Be2 Be6 31. Kg2 Bf6 32. h3 b5 33. a3 c4 34. b4 Qd6 35. a4 Kg6 36. axb5 axb5 37. h4 h5 38. Qa2 Qe5 39. Qa6 Bf7 40. Qb7 Qd5 41. Kf1 Bxc3 42. Qb6+ Bf6 43. Kg2 Be6 44. Qb8 Qd7 45. Qf8 Bg7 46. Qb8 Qd5 47. Qe8+ Bf7 48. Qb8 Be5 49. Qb6+ Bd6 50. Qd8
b4yqE,2k4r/1p2bpp1/pP1p2p1/2pPP3/5P2/2N2Qn1/1P3KR1/R1B2q2 w - - 8 24,f2g3 h8h3 g3h3 f1h1 g2h2 h1f3,2626,94,94,1711,attraction long mate mateIn3 middlegame sacrifice,https://lichess.org/hASaL4eK#47,,3,"(2600, 2700]",True,hASaL4eK,1. d4 c5 2. d5 e6 3. c4 exd5 4. cxd5 d6 5. Nc3 Nf6 6. g3 a6 7. a4 Bf5 8. Bg2 Nbd7 9. Nf3 Be7 10. Nh4 Bg6 11. Nxg6 hxg6 12. O-O Ng4 13. h3 Ngf6 14. f4 Nb6 15. e4 Qd7 16. e5 Nh5 17. a5 Nxg3 18. axb6 Rxh3 19. Bxh3 Qxh3 20. Qf3 O-O-O 21. Rf2 Rh8 22. Rg2 Qh1+ 23. Kf2 Qf1+
mko8t,r1b1Q1kr/pp1n1pbp/2pp1q2/8/2BP1B2/2N2P2/PPP1K3/6R1 b - - 3 20,d7f8 c3e4 f6f4 e8f7 f4f7 e4f6,2670,111,95,3407,kingsideAttack long mate mateIn3 middlegame pin sacrifice smotheredMate,https://lichess.org/KfP9ckLL/black#40,,3,"(2600, 2700]",True,KfP9ckLL,1. e4 e5 2. f4 exf4 3. Nc3 Qh4+ 4. Ke2 c6 5. Nf3 Qh5 6. d4 g5 7. Kf2 Nf6 8. Bc4 d6 9. h4 g4 10. e5 gxf3 11. exf6 Bh6 12. Re1+ Kf8 13. Re8+ Kxe8 14. Qe1+ Kf8 15. Qe7+ Kg8 16. Bxf4 Nd7 17. gxf3 Qxh4+ 18. Ke2 Qxf6 19. Rg1+ Bg7 20. Qe8+
95Ttx,8/p1k2NpQ/1p6/2bpPP2/4q3/7P/P4PKR/8 w - - 8 29,f2f3 e4e1 h3h4 e1f2 g2h3 f2f3,2657,103,88,446,endgame long mate mateIn3,https://lichess.org/Atirpf8u#57,,3,"(2600, 2700]",True,Atirpf8u,1. e4 c6 2. d4 d5 3. exd5 cxd5 4. Nc3 Nf6 5. Nf3 Bg4 6. h3 Bh5 7. g4 Bg6 8. Bg5 Nbd7 9. Bxf6 Nxf6 10. Bb5+ Nd7 11. Ne5 Qa5 12. Bxd7+ Kd8 13. Bf5 Bxf5 14. gxf5 Rc8 15. Nxf7+ Ke8 16. Nxh8 Rxc3 17. bxc3 Qxc3+ 18. Kf1 e5 19. dxe5 Bc5 20. Rb1 b6 21. Qh5+ Kd8 22. Nf7+ Kc7 23. Qxh7 Qxc2 24. Rh2 Qxb1+ 25. Kg2 Qe4+ 26. Kf1 Qd3+ 27. Kg1 Qb1+ 28. Kg2 Qe4+
YBN2H,3k3r/pp1P2p1/6p1/P1Pp4/5q2/3B3r/2Q2PP1/R4RK1 w - - 1 24,g2h3 f4g5 g1h2 g5g4 f2f3 h8h3,2734,102,94,5151,endgame long mate mateIn3 pin,https://lichess.org/nWcQ44kR#47,,3,"(2700, 2800]",True,nWcQ44kR,1. d4 d5 2. c4 c6 3. Nc3 Nf6 4. Nf3 Bf5 5. e3 e6 6. Nh4 Bg6 7. Nxg6 hxg6 8. cxd5 exd5 9. Bd3 Bd6 10. h3 Qb6 11. Qc2 Nbd7 12. a4 O-O-O 13. a5 Qc7 14. Na4 Nh5 15. Nc5 Bxc5 16. dxc5 f5 17. b4 f4 18. exf4 Nxf4 19. Bxf4 Qxf4 20. O-O Rh6 21. b5 Rdh8 22. bxc6 Rxh3 23. cxd7+ Kd8
mbHTs,8/pp1kr3/2p1p3/3pP3/3Pq3/P1P5/1P3QRr/6RK w - - 0 39,h1h2 e4h7 h2g3 e7g7 g3f4 h7e4,2712,93,87,273,endgame exposedKing long mate mateIn3,https://lichess.org/jWKvHLFq#77,,3,"(2700, 2800]",True,jWKvHLFq,1. d4 c6 2. e4 d5 3. e5 Bf5 4. c3 e6 5. Nf3 Ne7 6. Bd3 h6 7. Nbd2 Nd7 8. Bxf5 Nxf5 9. O-O Be7 10. Re1 Bg5 11. Nxg5 hxg5 12. g4 Nh4 13. Nf3 Nxf3+ 14. Qxf3 Nf8 15. Qg3 Ng6 16. f4 gxf4 17. Bxf4 Nxf4 18. Qxf4 Qh4 19. Rf1 O-O-O 20. Rf2 g5 21. Qxf7 Qxg4+ 22. Rg2 Qh3 23. Rf1 Rh7 24. Qg6 Qe3+ 25. Kh1 Qh3 26. Qxg5 Rdh8 27. Rff2 Qd3 28. Qg4 Kd7 29. a3 Qb1+ 30. Rg1 Qd3 31. Rfg2 Re7 32. Qe2 Qf5 33. Qf2 Qe4 34. Re1 Qd3 35. Re3 Qb1+ 36. Rg1 Qh7 37. Reg3 Qe4+ 38. R3g2 Rxh2+
3kL4P,8/5pQ1/6p1/6k1/4q2p/6P1/5P1P/6K1 w - - 0 44,g7f7 e4b1 g1g2 h4h3 g2h3 b1f1,2755,119,90,1650,attraction endgame long mate mateIn3 queenEndgame,https://lichess.org/tN2a3tk1#87,,3,"(2700, 2800]",True,tN2a3tk1,1. c4 e5 2. g3 Nf6 3. Bg2 c6 4. Nc3 d5 5. cxd5 cxd5 6. Qb3 Nc6 7. Nxd5 Nd4 8. Nxf6+ Qxf6 9. Qd1 Bf5 10. d3 Rc8 11. Kf1 Bc5 12. Be3 O-O 13. Bxb7 Rb8 14. Bg2 Rxb2 15. Rc1 Bb6 16. Qa4 Be6 17. Nf3 Rxa2 18. Qd1 Nxe2 19. Rc2 Rxc2 20. Qxc2 Nd4 21. Nxd4 Bxd4 22. Bxd4 exd4 23. Be4 Bh3+ 24. Ke2 Rb8 25. Rb1 Rxb1 26. Qxb1 Qb6 27. Qc2 g6 28. Bd5 Kg7 29. Qa2 Be6 30. Kf1 Bxd5 31. Qxd5 Qb1+ 32. Kg2 Qxd3 33. Qe5+ Kf8 34. Qd6+ Ke8 35. Qb8+ Ke7 36. Qxa7+ Ke6 37. Qb6+ Kf5 38. Qc5+ Kf6 39. Qd6+ Kg5 40. Qe5+ Qf5 41. Qxd4 h5 42. Qg7 Qe4+ 43. Kg1 h4
gKcm1,1r4k1/4n3/6PR/1K1p1b2/2pb4/8/1B1Q4/3R4 w - - 6 37,b5a6 b8a8 a6b7 a8a7 b7b8 e7c6,2719,91,86,376,cornerMate long mate mateIn3 middlegame,https://lichess.org/xKVHP3sB#73,,3,"(2700, 2800]",True,xKVHP3sB,1. e4 e5 2. Nf3 Nc6 3. Bb5 Nge7 4. Nc3 g6 5. d3 Bg7 6. Bg5 h6 7. Bxc6 bxc6 8. Be3 O-O 9. Qd2 Kh7 10. g4 d5 11. exd5 cxd5 12. d4 Bxg4 13. Nxe5 Be6 14. O-O-O Rb8 15. b3 Qd6 16. Kb1 Qa3 17. h4 a5 18. Qd3 a4 19. Bc1 Qb4 20. Nd7 Bxd7 21. h5 Bf5 22. Qd2 g5 23. Ka1 axb3 24. cxb3 c5 25. Bb2 Bxd4 26. f4 Ra8 27. fxg5 Qxb3 28. g6+ fxg6 29. hxg6+ Kg8 30. Rxh6 Rxa2+ 31. Nxa2 Qxa2+ 32. Kxa2 Ra8+ 33. Kb3 c4+ 34. Kb4 Rb8+ 35. Ka5 Ra8+ 36. Kb5 Rb8+
saT5n,4n1k1/5Qp1/p3p2p/1b1pNp1N/1b1P1P1P/4q3/6PK/8 b - - 3 31,g8h7 f7g7 e8g7 h5f6 h7h8 e5f7,2740,93,93,953,long mate mateIn3 middlegame sacrifice,https://lichess.org/NNBtIlnf/black#62,,3,"(2700, 2800]",True,NNBtIlnf,1. e4 e6 2. d4 d5 3. Nd2 a6 4. e5 c5 5. c3 b5 6. f4 b4 7. Bd3 Nc6 8. Ne2 Qb6 9. Nf3 bxc3 10. bxc3 cxd4 11. cxd4 Bb4+ 12. Kf2 Nge7 13. Be3 Nf5 14. Bxf5 exf5 15. Rb1 Qa5 16. Qc2 Bd7 17. h4 O-O 18. Ng3 Rac8 19. Qe2 Ne7 20. Rhc1 Bb5 21. Qd1 Qxa2+ 22. Kg1 Rxc1 23. Rxc1 h6 24. e6 fxe6 25. Ne5 Rc8 26. Rxc8+ Nxc8 27. Qh5 Nd6 28. Qg6 Qb3 29. Nh5 Qxe3+ 30. Kh2 Ne8 31. Qf7+
OJICZ,b7/4q1kp/p2p2p1/2b4n/P7/3Q3P/B1P3PB/1R5K w - - 0 26,d3b3 a8g2 h1g2 e7e2 g2h1 e2e4 b3f3 e4f3,2061,81,92,2637,attraction master mate mateIn4 middlegame sacrifice veryLong,https://lichess.org/eENizMAO#51,,4,"(2000, 2100]",True,eENizMAO,1. d4 d6 2. e4 Nd7 3. f4 c6 4. Nf3 e5 5. Bc4 Be7 6. O-O Ngf6 7. Nc3 Qc7 8. a4 O-O 9. Ba2 b6 10. d5 Bb7 11. h3 cxd5 12. exd5 exf4 13. Bxf4 Nh5 14. Bh2 g6 15. Nd4 a6 16. Kh1 Bf6 17. Ne6 fxe6 18. dxe6 Kg7 19. exd7 Qxd7 20. Nd5 Bxb2 21. Rb1 Rxf1+ 22. Qxf1 Bd4 23. Qd3 Bc5 24. Nxb6 Qe7 25. Nxa8 Bxa8
dV5PT,1R6/4P2k/5rpp/2p5/P2qB3/3P2P1/3QP2P/7K w - - 0 35,e7e8q d4a1 b8b1 a1b1 d2c1 b1c1 h1g2 c1f1,2021,75,96,1244,endgame mate mateIn4 veryLong,https://lichess.org/CHIkF7r4#69,,4,"(2000, 2100]",True,CHIkF7r4,1. c4 e5 2. Nc3 Bc5 3. g3 d6 4. Bg2 Nc6 5. d3 Bg4 6. a3 a6 7. b4 Ba7 8. Be3 Bxe3 9. fxe3 Nf6 10. Nf3 Bxf3 11. Bxf3 O-O 12. O-O Nd7 13. Bg2 f5 14. b5 axb5 15. cxb5 Ne7 16. a4 d5 17. Nxd5 Nxd5 18. Bxd5+ Kh8 19. Bxb7 Ra7 20. Bg2 Nf6 21. Qc2 Ng4 22. Qd2 f4 23. exf4 Qd4+ 24. Kh1 Nf2+ 25. Rxf2 Qxf2 26. fxe5 c5 27. b6 Raf7 28. e6 Rf6 29. e7 Re8 30. b7 Qd4 31. Rb1 h6 32. b8=Q Rxb8 33. Rxb8+ Kh7 34. Be4+ g6
xuThS,2R5/1p5k/1p5P/4Rp2/1P2nN2/2P3P1/3r2K1/8 w - - 1 48,g2h3 e4g5 h3h4 g5f3 h4h5 d2h2 f4h3 h2h3,2100,76,95,1386,endgame fork mate mateIn4 veryLong,https://lichess.org/bKrsdSH2#95,,4,"(2000, 2100]",True,bKrsdSH2,1. d4 Nf6 2. Nf3 g6 3. Nbd2 Bg7 4. e4 d5 5. e5 Ne4 6. Bd3 f5 7. Nb3 c5 8. Nxc5 Nxc5 9. dxc5 Qa5+ 10. c3 Qxc5 11. Be3 Qa5 12. O-O O-O 13. Qd2 Nc6 14. Bh6 e6 15. Qg5 Qd8 16. Qe3 Bd7 17. Rfe1 Rf7 18. Rad1 Qb6 19. Qxb6 axb6 20. Bxg7 Kxg7 21. a3 Ne7 22. Nd4 Ra4 23. f4 Nc6 24. Ne2 g5 25. g3 gxf4 26. Nxf4 Kf8 27. Kf2 Ke7 28. Bc2 Ra8 29. Bb3 Na5 30. Bxd5 h5 31. h4 exd5 32. e6 Bxe6 33. Rxe6+ Kf8 34. Rxd5 Nc4 35. Re2 Ra5 36. Rd8+ Kg7 37. Nxh5+ Kh6 38. Nf4 Rb5 39. b4 Nxa3 40. Re6+ Kg7 41. h5 Nb1 42. Rc8 Nd2 43. h6+ Kh7 44. Nh3 Ne4+ 45. Kg2 Rd7 46. Nf4 Re5 47. Rxe5 Rd2+
kZept,7k/1q5p/pp1nQ1pb/1np3P1/2P2R2/3P4/PP3P1P/6K1 b - - 0 29,h6g5 f4f8 h8g7 f8g8 g7h6 e6h3 g5h4 h3h4,2045,76,94,6338,endgame mate mateIn4 veryLong,https://lichess.org/HflnO8xF/black#58,,4,"(2000, 2100]",True,HflnO8xF,1. e4 c5 2. Nc3 Nc6 3. Nf3 g6 4. Bc4 Bg7 5. Ng5 e6 6. d3 d5 7. exd5 exd5 8. Qe2+ Nge7 9. Bxd5 O-O 10. Bxf7+ Rxf7 11. Nxf7 Kxf7 12. Qf3+ Kg8 13. O-O Nd4 14. Qd1 Nef5 15. Ne4 b6 16. c3 Nb5 17. Bg5 Qd7 18. Re1 Bb7 19. Qf3 Re8 20. Bf6 Bxe4 21. Rxe4 Bxf6 22. Rae1 Rxe4 23. Rxe4 Bg7 24. g4 Nfd6 25. Rf4 Qb7 26. Qe2 a6 27. Qe6+ Kh8 28. c4 Bh6 29. g5
C9c6a,1r3k2/p3r3/2B1p2p/4Qp1q/1nPP4/5P2/P4P1P/R5RK b - - 3 27,b4c6 e5h8 f8f7 g1g7 f7f6 g7g8 e7g7 h8g7,2054,84,83,51,discoveredAttack discoveredCheck exposedKing mate mateIn4 middlegame veryLong,https://lichess.org/AjiUEZuz/black#54,,4,"(2000, 2100]",True,AjiUEZuz,1. d4 d5 2. c4 dxc4 3. Nc3 e6 4. e4 Bb4 5. Bxc4 Bxc3+ 6. bxc3 Nf6 7. e5 Nd5 8. Qb3 O-O 9. Nf3 h6 10. O-O Bd7 11. Ba3 Re8 12. Qxb7 Bc6 13. Qb3 Nb6 14. Bd3 Bd5 15. Qc2 Bxf3 16. gxf3 Qg5+ 17. Kh1 Qh5 18. Be4 c6 19. Bd6 f5 20. exf6 gxf6 21. Bxb8 Raxb8 22. Bxc6 Re7 23. Qd3 Nd5 24. c4 Nb4 25. Qe4 f5 26. Rg1+ Kf8 27. Qe5
J9vQ3,6k1/2R2rp1/1Q5p/P2p2q1/3P1n2/7b/1P3PPP/5BK1 w - - 0 28,c7f7 f4e2 g1h1 h3g2 f1g2 g5c1 g2f1 c1f1,2139,76,95,3418,endgame mate mateIn4 pin sacrifice veryLong,https://lichess.org/oGlGnpiJ#55,,4,"(2100, 2200]",True,oGlGnpiJ,1. d4 d5 2. c4 e6 3. Nc3 Nf6 4. cxd5 exd5 5. Bg5 Be7 6. e3 h6 7. Bf4 O-O 8. Bd3 c5 9. Nge2 Nc6 10. O-O cxd4 11. Nxd4 Nxd4 12. exd4 a6 13. a4 Be6 14. Qb3 Qd7 15. a5 Rac8 16. Na4 Bd8 17. Nc5 Qc6 18. Rfc1 Qe8 19. Nxb7 Rxc1+ 20. Rxc1 Nh5 21. Bd6 Be7 22. Rc7 Bxd6 23. Nxd6 Qd8 24. Qb6 Nf4 25. Bxa6 Qg5 26. Bf1 Bh3 27. Nxf7 Rxf7
WTJFR,5rk1/pp1b1p1q/4p3/7Q/P7/R5R1/5PPK/2r5 b - - 8 28,g8h8 h5h7 h8h7 g3g4 c1c5 a3h3 c5h5 h3h5,2103,75,94,4376,clearance exposedKing mate mateIn4 middlegame quietMove veryLong,https://lichess.org/bj9Tg5QR/black#56,,4,"(2100, 2200]",True,bj9Tg5QR,1. e4 e6 2. d4 d5 3. e5 c5 4. Bd3 Nc6 5. c3 Qb6 6. dxc5 Bxc5 7. Qe2 Nge7 8. Nf3 Ng6 9. Bxg6 hxg6 10. O-O d4 11. cxd4 Nxd4 12. Nxd4 Bxd4 13. Nc3 Bxc3 14. bxc3 Bd7 15. Bg5 Qc5 16. a4 Qxc3 17. Rfc1 Qa5 18. Qe3 O-O 19. h4 Rac8 20. h5 gxh5 21. Bh6 gxh6 22. Qxh6 Qxe5 23. Re1 Qg7 24. Qxh5 Rc2 25. Ra3 Rc3 26. Re3 Rc1+ 27. Kh2 Qh7 28. Rg3+
JlPo2,8/6rk/1pn2b1p/p2p1P1Q/P1pP1qN1/2P4P/1P6/4R2K b - - 2 34,f6g5 h5h6 g5h6 g4f6 h7h8 e1e8 g7g8 e8g8,2165,83,95,7775,arabianMate mate mateIn4 middlegame sacrifice veryLong,https://lichess.org/elGnccOC/black#68,,4,"(2100, 2200]",True,elGnccOC,1. e4 c5 2. Bc4 Nc6 3. d3 g6 4. Be3 b6 5. a4 a5 6. Nf3 Bg7 7. c3 e6 8. Ba2 Nge7 9. Nbd2 h6 10. O-O O-O 11. Nc4 d5 12. exd5 exd5 13. Ncd2 Nf5 14. d4 c4 15. h3 Nxe3 16. fxe3 Re8 17. Qe2 Bf5 18. Bb1 Bxb1 19. Raxb1 Qe7 20. Rbe1 f5 21. g3 Kh7 22. Rf2 Qd6 23. Nf1 Re6 24. Kg2 Rae8 25. Nh4 Re4 26. Rf4 R4e7 27. g4 Bf6 28. gxf5 g5 29. Ng6 gxf4 30. Nxe7 Rxe7 31. Qh5 Rg7+ 32. Kh1 fxe3 33. Nxe3 Qf4 34. Ng4
Tp3TM,rr6/4k1p1/2pbpp2/3p4/3P3Q/P4P2/2KB2q1/5RR1 b - - 1 31,g2e2 g1g7 e7e8 h4h5 e8d8 h5h8 d6f8 h8f8,2127,75,96,3873,mate mateIn4 middlegame veryLong,https://lichess.org/DxgkaSyn/black#62,,4,"(2100, 2200]",True,DxgkaSyn,1. d4 d5 2. c4 c6 3. Nc3 Bf5 4. Nf3 e6 5. cxd5 cxd5 6. e3 a6 7. Bd3 Bxd3 8. Qxd3 Nf6 9. Ne5 Bb4 10. Bd2 O-O 11. O-O Nc6 12. a3 Ba5 13. b4 Bc7 14. Nxc6 bxc6 15. f3 a5 16. e4 axb4 17. e5 bxc3 18. exf6 Qxf6 19. Bxc3 Qf4 20. Bd2 Qxh2+ 21. Kf2 Bg3+ 22. Ke2 Qxg2+ 23. Kd1 Bd6 24. Kc2 Rfb8 25. Rg1 Qf2 26. Raf1 Qh2 27. Rh1 Qg2 28. Qxh7+ Kf8 29. Qh8+ Ke7 30. Qh4+ f6 31. Rhg1
AF0Pt,5k2/5p1p/b3q1pP/p2pP1Q1/1rrP2P1/5R2/5PK1/8 b - - 6 37,c4d4 g5d8 e6e8 f3f7 f8f7 d8f6 f7g8 f6g7,2103,76,88,126,attraction endgame fork mate mateIn4 pin sacrifice veryLong,https://lichess.org/RURKfRHm/black#74,,4,"(2100, 2200]",True,RURKfRHm,1. e4 c5 2. c3 Nc6 3. d4 cxd4 4. cxd4 d5 5. e5 e6 6. Nf3 Nge7 7. Bd3 Ng6 8. Nc3 Be7 9. O-O O-O 10. a3 a6 11. g3 Na5 12. h4 Re8 13. h5 Nf8 14. Bb1 b5 15. h6 g6 16. Qd3 Bb7 17. Kg2 Nb3 18. Be3 Nxa1 19. Ba2 b4 20. axb4 Bxb4 21. Rxa1 a5 22. Nh2 Ba6 23. Qd2 Rc8 24. Ng4 Nd7 25. Bg5 Qb6 26. Qf4 Bf8 27. Nf6+ Nxf6 28. Bxf6 Qxb2 29. Bxd5 Qxc3 30. Rh1 exd5 31. Bg7 Qc6 32. Bxf8 Kxf8 33. Re1 Qe6 34. g4 Rc4 35. Re3 Rb8 36. Rf3 Rbb4 37. Qg5
7CefN,4rk2/1p3p1Q/p2p1q2/2p1r2B/2P5/1P5P/P4PP1/2RR3K w - - 0 29,d1d6 e5e1 c1e1 e8e1 h1h2 f6f4 g2g3 f4f2,2209,76,94,5354,fork mate mateIn4 middlegame veryLong,https://lichess.org/T6cioYzj#57,,4,"(2200, 2300]",True,T6cioYzj,1. c4 e5 2. b3 Bc5 3. Bb2 d6 4. e3 Nf6 5. d4 exd4 6. exd4 Bb4+ 7. Nd2 O-O 8. Nf3 Bg4 9. Be2 Re8 10. O-O Bxd2 11. Qxd2 Ne4 12. Qf4 Bh5 13. Bd3 Bxf3 14. Qxf3 Nd2 15. Qh3 g6 16. Rfd1 Qg5 17. Bc1 Nc6 18. Bxd2 Qf6 19. Bc3 Nxd4 20. Bxd4 Qxd4 21. Bxg6 Qf6 22. Qxh7+ Kf8 23. Bh5 Re5 24. Rac1 Rae8 25. h3 c5 26. Kh2 Qf4+ 27. Kg1 Qf6 28. Kh1 a6
NXAep,2bq1rkb/3p1p2/4pPp1/2p1N1P1/1p1nQ3/1P6/rB1P1PB1/2KR3R b - - 3 20,d8a5 h1h8 g8h8 e5g6 f7g6 d1h1 h8g8 e4g6,2247,79,94,583,attraction kingsideAttack mate mateIn4 middlegame sacrifice veryLong,https://lichess.org/IXM9OIQ7/black#40,,4,"(2200, 2300]",True,IXM9OIQ7,1. e4 c5 2. Nf3 g6 3. Nc3 Bg7 4. b3 Nc6 5. Bb2 e6 6. Qe2 Nge7 7. O-O-O O-O 8. h4 a6 9. h5 b5 10. e5 b4 11. Ne4 Nd5 12. g4 a5 13. g5 a4 14. Nf6+ Nxf6 15. exf6 Bh8 16. hxg6 hxg6 17. Ne5 axb3 18. cxb3 Rxa2 19. Bg2 Nd4 20. Qe4
QX82N,8/2p3pk/2p3rp/3pQP1N/p1qP4/3b4/6PP/4R1K1 b - - 0 29,g6g5 e5g7 g5g7 h5f6 h7h8 e1e8 g7g8 e8g8,2291,82,94,20984,arabianMate endgame mate mateIn4 sacrifice veryLong,https://lichess.org/MYJrHNxP/black#58,,4,"(2200, 2300]",True,MYJrHNxP,1. e4 e5 2. Nf3 Nc6 3. Bc4 f5 4. exf5 Nf6 5. d3 d5 6. Bb5 Bd6 7. Bxc6+ bxc6 8. O-O Bxf5 9. Bg5 O-O 10. Nc3 h6 11. Bxf6 Qxf6 12. Ne2 Rab8 13. Rb1 Bc5 14. Ng3 Bg6 15. Qe2 e4 16. Nd2 exd3 17. cxd3 Rxb2 18. Rxb2 Qxb2 19. Qe6+ Kh7 20. Nf3 Rf6 21. Qe5 Qxa2 22. d4 Bd6 23. Qe3 Qc4 24. Ne5 Bxe5 25. Qxe5 a5 26. f4 Bd3 27. Re1 a4 28. Nh5 Rg6 29. f5
eaJfc,8/8/2R3P1/1P2b3/2P5/3k4/K7/6r1 w - - 1 45,b5b6 d3c2 a2a3 e5c3 a3a4 g1a1 a4b5 a1a5,2233,76,93,4589,endgame exposedKing master mate mateIn4 operaMate quietMove veryLong,https://lichess.org/AvSH3AUV#89,,4,"(2200, 2300]",True,AvSH3AUV,1. e4 c5 2. Nf3 d6 3. d4 cxd4 4. Nxd4 Nf6 5. Nc3 g6 6. Be3 Bg7 7. Bc4 Nc6 8. f3 O-O 9. Bb3 Bd7 10. Qd2 Qa5 11. O-O-O Rfc8 12. h4 Ne5 13. Qd3 b5 14. g4 Nc4 15. h5 Nxe3 16. Qxe3 b4 17. Nd5 Nxd5 18. Bxd5 e6 19. Bb3 Ba4 20. hxg6 hxg6 21. Nxe6 Bxb3 22. Qxb3 fxe6 23. Qxe6+ Kf8 24. Rxd6 Qe5 25. Qxe5 Bxe5 26. Rxg6 Bf4+ 27. Kb1 Kf7 28. Ra6 Rh8 29. Rd1 Rhd8 30. Rxd8 Rxd8 31. Rxa7+ Kf6 32. a3 bxa3 33. Rxa3 Rd1+ 34. Ka2 Ke5 35. Ra5+ Kd4 36. g5 Ke3 37. Ra3+ Kf2 38. g6 Rg1 39. Ra6 Kxf3 40. Rf6 Kxe4 41. c4 Ke5 42. Rc6 Kd4 43. b4 Be5 44. b5 Kd3
AeOpH,5b2/2R3kp/1Q3Np1/1p2p3/1P6/P6P/4q1r1/7K b - - 5 41,g7h6 f6g8 h6g5 b6f6 g5h5 c7h7 f8h6 h7h6,2256,84,88,1527,endgame fork mate mateIn4 veryLong,https://lichess.org/galpYvz6/black#82,,4,"(2200, 2300]",True,galpYvz6,1. c4 Nf6 2. Nc3 g6 3. d4 Bg7 4. Nf3 O-O 5. e4 d6 6. Be3 Bg4 7. Be2 Nbd7 8. h3 Bxf3 9. Bxf3 e5 10. d5 c6 11. Qd2 cxd5 12. cxd5 a6 13. O-O Rc8 14. Rac1 b5 15. a3 Nb6 16. Na2 Nc4 17. Qe2 Nxe3 18. Qxe3 Qd7 19. Nb4 Ne8 20. Nxa6 Qb7 21. Nb4 Nc7 22. Nc6 Na6 23. Rc2 Nc5 24. Rfc1 f5 25. b4 fxe4 26. Bxe4 Nxe4 27. Qxe4 Rf4 28. Qe3 Rcf8 29. Na5 Qxd5 30. Rc8 Qf7 31. Rxf8+ Bxf8 32. Rc2 Qf6 33. Nb7 Qe6 34. Qb6 Qd5 35. Rc6 Qd1+ 36. Kh2 Rxf2 37. Nxd6 Qd2 38. Ne4 Rxg2+ 39. Kh1 Qe2 40. Nf6+ Kg7 41. Rc7+
2m2q0,1k4r1/3n4/Q7/1N1bp1b1/1P6/P4P1P/2P2qP1/R3R2K w - - 1 32,a6a5 f2g2 h1g2 g5e3 g2f1 d5c4 e1e2 g8g1,2368,85,90,1620,discoveredAttack discoveredCheck mate mateIn4 middlegame operaMate pin sacrifice veryLong,https://lichess.org/IY2PmkRs#63,,4,"(2300, 2400]",True,IY2PmkRs,1. e4 c5 2. Nf3 a6 3. d4 cxd4 4. Nxd4 e6 5. Nf3 b5 6. Bd3 Bb7 7. a3 Nf6 8. Nc3 Qc7 9. h3 d5 10. exd5 Nfd7 11. dxe6 fxe6 12. O-O Bd6 13. Re1 e5 14. Ne4 Be7 15. Nfg5 Bd5 16. Qg4 Nf6 17. Nxf6+ Bxf6 18. Ne6 Qe7 19. Bf5 g6 20. Bxg6+ hxg6 21. Qxg6+ Kd7 22. Nd4 Rg8 23. Qf5+ Kc7 24. f3 Rg5 25. Bxg5 Bxg5 26. Kh1 Nd7 27. b3 Rf8 28. Qg6 Rg8 29. Qxa6 Qc5 30. Nxb5+ Kb8 31. b4 Qf2
QRMxC,2b2rk1/5ppp/2N1pn2/qn1p4/2pP4/2P1P1P1/2B2PP1/1N1QK2R b K - 1 19,a5a1 c2h7 f6h7 c6e7 g8h8 h1h7 h8h7 d1h5,2367,107,95,180214,anastasiaMate attraction kingsideAttack mate mateIn4 middlegame sacrifice veryLong,https://lichess.org/pWIYiZ87/black#38,Horwitz_Defense Horwitz_Defense_Other_variations,4,"(2300, 2400]",True,pWIYiZ87,1. d4 e6 2. Bf4 d5 3. e3 Bd6 4. Bg3 Nf6 5. Bd3 O-O 6. Nf3 c5 7. c3 c4 8. Bc2 b5 9. b3 Nc6 10. a4 Na5 11. b4 Nb7 12. axb5 Bxg3 13. hxg3 Qb6 14. Nbd2 Nd6 15. Ne5 Nxb5 16. Nb1 a5 17. bxa5 Rxa5 18. Rxa5 Qxa5 19. Nc6
n776P,8/2k4p/p1pN1p2/2Pn1K2/1P3P1P/P3r1r1/8/2RR4 w - - 0 40,d1e1 d5e7 f5f6 e7g8 f6f7 g8h6 f7f8 g3g8,2377,88,90,1364,endgame mate mateIn4 veryLong,https://lichess.org/lz1xFdzA#79,,4,"(2300, 2400]",True,lz1xFdzA,1. d4 Nf6 2. c4 e6 3. Nc3 d5 4. cxd5 exd5 5. Bg5 Be7 6. Nf3 O-O 7. e3 Bf5 8. Bd3 Bxd3 9. Qxd3 c5 10. dxc5 Qa5 11. O-O Rd8 12. Qb5 Qxb5 13. Nxb5 Nc6 14. Rfd1 Ne4 15. Bxe7 Nxe7 16. Rd4 Nc6 17. Rdd1 a6 18. Nbd4 Nb4 19. a3 Nc6 20. Nxc6 bxc6 21. b4 f6 22. Nd4 Rdc8 23. Rac1 Rab8 24. Nb3 Kf7 25. h4 Ke7 26. f3 Ng3 27. Kf2 Nf5 28. g3 Kd7 29. e4 Ne7 30. exd5 Nxd5 31. Nd4 Re8 32. Nf5 Kc7 33. Nxg7 Re5 34. f4 Re4 35. Nf5 Rbe8 36. Nd6 Re2+ 37. Kf3 R8e3+ 38. Kg4 Rg2 39. Kf5 Rgxg3
zc37A,1rr3k1/3b1p2/p3pP2/n6P/1q1P4/4Q3/PP1R4/1K4N1 b - - 0 33,a5c4 d2g2 g8f8 e3h6 f8e8 g2g8 b4f8 g8f8,2324,82,91,171,mate mateIn4 middlegame veryLong,https://lichess.org/SAflEk6c/black#66,,4,"(2300, 2400]",True,SAflEk6c,1. e4 c5 2. c3 e6 3. d4 cxd4 4. cxd4 d6 5. Nc3 Nf6 6. Be3 a6 7. Qd2 Be7 8. O-O-O b5 9. h4 b4 10. Nce2 Nxe4 11. Qxb4 d5 12. Qb3 O-O 13. h5 h6 14. f3 Nd6 15. g4 Nc4 16. Bf4 Bd6 17. Bxd6 Qxd6 18. Nc3 Nc6 19. Bxc4 dxc4 20. Qxc4 Qf4+ 21. Kb1 Bd7 22. Nce2 Qe3 23. f4 Rfc8 24. Qc3 Qe4+ 25. Qd3 Qxh1 26. Ng3 Qd5 27. Qe3 Rab8 28. g5 hxg5 29. fxg5 Qb5 30. Rd2 Qb4 31. Ne4 Na5 32. Nf6+ gxf6 33. gxf6
KWUeV,5rk1/pp4p1/2p3Q1/3p2Pp/1P1Pn1qP/P3P1B1/2R2r1K/6R1 w - - 0 34,g3f2 f8f2 c2f2 g4h4 h2g2 h4g3 g2f1 g3f2,2382,79,100,240,exposedKing fork mate mateIn4 middlegame veryLong,https://lichess.org/CAaW5AUE#67,,4,"(2300, 2400]",True,CAaW5AUE,1. d4 d5 2. Nf3 Nc6 3. c4 Bf5 4. Nc3 e6 5. cxd5 exd5 6. Qb3 Nf6 7. a3 Na5 8. Qa4+ Nc6 9. Bg5 Be7 10. e3 O-O 11. Bb5 Nb8 12. O-O c6 13. Be2 Nbd7 14. Qd1 Qb6 15. b4 Bd6 16. Bd3 Bg4 17. h3 Bh5 18. g4 Bg6 19. Bxg6 fxg6 20. Bh4 Rae8 21. Nd2 Qc7 22. Rc1 h5 23. Nb5 Qb8 24. Nxd6 Qxd6 25. Bg3 Qe6 26. g5 Ne4 27. Nxe4 Qxe4 28. h4 Rf3 29. Kh2 Ref8 30. Qc2 Qg4 31. Qxg6 Nf6 32. Rg1 Ne4 33. Rc2 Rxf2+
V3Kre,2kr3r/Qp3p2/2p2q1p/8/NP3n2/P4N2/5PPP/4R1K1 b - - 5 25,f6g6 a4b6 c8c7 e1e7 c7d6 b6c8 d8c8 a7c5,2466,93,93,9282,clearance killBoxMate mate mateIn4 middlegame queensideAttack sacrifice veryLong,https://lichess.org/luMPTaKa/black#50,,4,"(2400, 2500]",True,luMPTaKa,1. e4 d5 2. exd5 Nf6 3. d4 Nxd5 4. c4 Nf6 5. Nf3 Bf5 6. Bd3 Bg6 7. O-O Nc6 8. d5 Bxd3 9. Qxd3 Nb4 10. Qc3 e6 11. a3 Na6 12. Re1 Nc5 13. Bg5 h6 14. Bh4 Be7 15. b4 Nce4 16. Rxe4 Nxe4 17. Bxe7 Qxe7 18. Qxg7 O-O-O 19. Qd4 exd5 20. cxd5 Nf6 21. Nc3 c6 22. Qxa7 Nxd5 23. Rc1 Nf4 24. Re1 Qf6 25. Na4
1dhKy,2r3rk/ppp2QpB/3p4/4p3/1P4R1/P6P/6PK/2q5 b - - 0 34,h8h7 f7g6 h7h8 g4h4 c1h6 h4h6 g7h6 g6h6,2436,77,95,5321,endgame mate mateIn4 veryLong,https://lichess.org/FU2kmHHb/black#68,,4,"(2400, 2500]",True,FU2kmHHb,1. e4 e5 2. Nf3 Nc6 3. Bc4 Nf6 4. Nc3 Bc5 5. a3 d6 6. Ba2 O-O 7. Na4 Bd4 8. Nxd4 Nxd4 9. c3 Nc6 10. b4 Nxe4 11. Nb2 Qf6 12. f3 Ng5 13. O-O Qg6 14. d4 exd4 15. cxd4 Ne6 16. d5 Ned4 17. dxc6 Nxc6 18. f4 Bh3 19. Qf3 Bg4 20. Qg3 Rfe8 21. f5 Bxf5 22. Nd3 Nd4 23. Qf2 Ne2+ 24. Kh1 Nxc1 25. Raxc1 Be6 26. Bb1 Qg4 27. Nf4 Rac8 28. h3 Qg5 29. Nxe6 fxe6 30. Qf7+ Kh8 31. Rf4 e5 32. Rg4 Qxc1+ 33. Kh2 Rg8 34. Bxh7
zHDiZ,rnb1k1nQ/pp5p/2p3p1/3p4/1b1P4/4B3/PPq1KPPP/R4BNR w q - 4 12,e2f3 c2e4 f3e2 c8g4 f2f3 e4c2 e3d2 c2d2,2434,82,85,644,exposedKing mate mateIn4 middlegame veryLong,https://lichess.org/4vthjDFc#23,Dutch_Defense Dutch_Defense_Other_variations,4,"(2400, 2500]",True,4vthjDFc,1. d4 f5 2. c4 c6 3. Nc3 e6 4. e4 fxe4 5. Nxe4 d5 6. cxd5 exd5 7. Qh5+ g6 8. Qe5+ Qe7 9. Qxh8 Qxe4+ 10. Be3 Bb4+ 11. Ke2 Qc2+
fMQQv,1r1qr1k1/2p2pp1/2p4p/p3PN1Q/2bP4/6RP/P4PP1/4n1K1 b - - 1 25,e8e6 g3g7 g8h8 g7h7 h8h7 h5f7 h7h8 f7g7,2416,78,94,9232,attraction kingsideAttack mate mateIn4 middlegame sacrifice veryLong,https://lichess.org/dxyf4TfQ/black#50,,4,"(2400, 2500]",True,dxyf4TfQ,1. e4 e5 2. Nf3 Nc6 3. Bb5 Bc5 4. c3 Nf6 5. d4 exd4 6. Bxc6 bxc6 7. cxd4 Bb4+ 8. Bd2 Bxd2+ 9. Nbxd2 O-O 10. O-O Bb7 11. h3 Re8 12. e5 Nd5 13. Nc4 Ba6 14. b3 Rb8 15. Re1 h6 16. Qc2 Nb4 17. Qf5 Bc8 18. Re2 d5 19. Qh5 dxc4 20. bxc4 a5 21. Rae1 Be6 22. Nh4 Bxc4 23. Re3 Nc2 24. Nf5 Nxe1 25. Rg3
LqrYJ,2r1r1k1/pb4PR/1pqbPp1p/3p1Qn1/3P2P1/P2B4/1P2K3/R7 b - - 6 31,e8e7 h7h8 g8g7 h8h7 g5h7 f5h7 g7f8 h7h8,2418,80,95,1290,exposedKing kingsideAttack mate mateIn4 middlegame sacrifice veryLong,https://lichess.org/kt8fFfPm/black#62,,4,"(2400, 2500]",True,kt8fFfPm,1. d4 Nf6 2. Bf4 d5 3. Nf3 e6 4. e3 c5 5. c3 Nc6 6. Nbd2 Bd6 7. Bg3 O-O 8. Bd3 b6 9. Ne5 Bb7 10. f4 Ne7 11. Qf3 Nf5 12. Bf2 Be7 13. g4 Nd6 14. h4 Nfe4 15. h5 Nxd2 16. Kxd2 cxd4 17. exd4 Ne4+ 18. Kc2 Rc8 19. a3 Qc7 20. Be1 f6 21. Ng6 Rfe8 22. Bd2 Bd6 23. f5 hxg6 24. hxg6 Kf8 25. Rh7 Qc6 26. Bh6 gxh6 27. fxe6 Nxc3 28. g7+ Kg8 29. Kd2 Ne4+ 30. Ke2 Ng5 31. Qf5
vTEPZ,6k1/6p1/4br2/3p3R/3q4/3B2Q1/5P1P/6K1 b - - 1 29,e6g4 h5h8 g8h8 g3b8 g4c8 b8c8 f6f8 c8f8,2508,98,88,432,attraction endgame master mate mateIn4 sacrifice veryLong,https://lichess.org/97jmql1B/black#58,,4,"(2500, 2600]",True,97jmql1B,1. e4 c6 2. d4 d5 3. exd5 cxd5 4. Bd3 Nf6 5. c3 e6 6. Nf3 Bd6 7. O-O O-O 8. Re1 Nbd7 9. Nbd2 Qc7 10. Nf1 Rb8 11. a4 a6 12. Qe2 b6 13. Ng3 h5 14. Ne5 h4 15. Nh5 Nxh5 16. Qxh5 f5 17. Bf4 Bxe5 18. Bxe5 Nxe5 19. Rxe5 Rf6 20. Qxh4 b5 21. axb5 axb5 22. g4 b4 23. Rc1 bxc3 24. bxc3 Rb3 25. gxf5 Rxc3 26. Rxc3 Qxc3 27. Qg3 Qxd4 28. fxe6 Bxe6 29. Rh5
EHyEK,2Q5/2Bp1p1p/1k2p3/p2p4/Pn3P2/1P6/3KR2P/1q3r2 b - - 16 30,b6c5 c8f8 c5c6 f8d6 c6b7 d6b6 b7c8 b6b8,2595,82,93,2171,endgame mate mateIn4 veryLong,https://lichess.org/eOXG3OBw/black#60,,4,"(2500, 2600]",True,eOXG3OBw,1. e4 e6 2. d4 b6 3. f4 Bb7 4. Nc3 Bb4 5. Bd3 Nf6 6. e5 Bxg2 7. exf6 Qxf6 8. Nf3 Bxh1 9. Be3 Bxc3+ 10. bxc3 Bxf3 11. Qxf3 c6 12. O-O-O b5 13. c4 a6 14. d5 bxc4 15. Bxc4 cxd5 16. Bb3 a5 17. Bd4 Qf5 18. a4 Nc6 19. Bxg7 Rg8 20. Bb2 Rb8 21. Re1 Rxb3 22. cxb3 Nb4 23. Re2 Rg1+ 24. Kd2 Qb1 25. Qc3 Rf1 26. Qh8+ Ke7 27. Bf6+ Kd6 28. Be5+ Kc6 29. Qc8+ Kb6 30. Bc7+
u5Z6U,Rn3rk1/6pp/3p2r1/1B1Pq3/1P2n3/4N2P/2P2PP1/3Q1RK1 w - - 0 25,e3c4 g6g2 g1g2 f8f2 f1f2 e5g3 g2f1 g3f2,2563,83,92,3938,attraction kingsideAttack mate mateIn4 middlegame sacrifice veryLong,https://lichess.org/GpVagiRh#49,,4,"(2500, 2600]",True,GpVagiRh,1. e4 c5 2. Nc3 e6 3. Nf3 a6 4. Bc4 b5 5. Be2 Bb7 6. d3 Be7 7. Be3 d6 8. O-O Nf6 9. a3 O-O 10. h3 e5 11. b4 cxb4 12. axb4 Nfd7 13. Nd5 Bxd5 14. exd5 f5 15. Bc1 e4 16. Nd4 Rf6 17. Bg5 Rg6 18. Bxe7 Qxe7 19. Nxf5 Qe5 20. Ne3 Nf6 21. dxe4 Nbd7 22. Bxb5 Rf8 23. Rxa6 Nb8 24. Ra8 Nxe4
IQAzq,2k3r1/bpp1Pp1r/3p3p/pP2p2Q/P1q1P3/7N/R5P1/2BR3K b - - 0 27,c4a2 h5g4 f7f5 g4f5 c8b8 f5f8 g8f8 e7f8q,2523,87,93,3186,advancedPawn backRankMate fork mate mateIn4 middlegame promotion veryLong,https://lichess.org/7q71DiRP/black#54,,4,"(2500, 2600]",True,7q71DiRP,1. e4 e5 2. Bc4 Nc6 3. Nf3 Bc5 4. Nc3 d6 5. h3 a6 6. d3 h6 7. O-O Be6 8. Nd5 Qd7 9. Kh2 g5 10. c3 g4 11. Ng1 gxh3 12. Nxh3 O-O-O 13. b4 Ba7 14. a4 Nce7 15. Nxe7+ Nxe7 16. Bxe6 Qxe6 17. f4 Rdg8 18. f5 Qf6 19. Qf3 Rg7 20. Ra2 Rhg8 21. Qh5 Rh7 22. b5 a5 23. c4 Qg7 24. f6 Qg3+ 25. Kh1 Qxd3 26. Rd1 Qxc4 27. fxe7
19jqO,2R5/5pBk/3KpN1p/3p4/3P2P1/4rn2/8/8 b - - 2 50,h7g7 f6h5 g7h7 d6e7 e6e5 h5f6 h7g6 c8g8,2569,115,90,2262,endgame mate mateIn4 veryLong,https://lichess.org/vRkT3f2s/black#100,,4,"(2500, 2600]",True,vRkT3f2s,1. d4 d5 2. c4 c6 3. Nc3 Bf5 4. Bf4 e6 5. Nf3 Nf6 6. e3 Bb4 7. a3 Bxc3+ 8. bxc3 Qa5 9. Qd2 Ne4 10. Qc1 Nxc3 11. Qd2 b6 12. Be2 Nxe2 13. Kxe2 Qxd2+ 14. Nxd2 O-O 15. cxd5 cxd5 16. Rhc1 Nd7 17. Rc7 Nf6 18. f3 Nh5 19. Bd6 Rfd8 20. Be7 Re8 21. Rac1 h6 22. g4 Bxg4 23. fxg4 Nf6 24. h3 b5 25. Nb3 a6 26. Nc5 Rab8 27. Nxa6 Rb6 28. Nb4 Ne4 29. R1c6 Rbb8 30. Na6 Ra8 31. Bb4 Ng3+ 32. Kf3 Ne4 33. Rb7 Ng5+ 34. Kg3 Ne4+ 35. Kf4 Nf2 36. h4 Nd3+ 37. Kg3 Nb2 38. Rxb5 Nc4 39. Nc7 Rec8 40. Nxa8 Rxc6 41. Rc5 Ra6 42. Rc8+ Kh7 43. Nc7 Ra7 44. Ne8 Nxe3 45. Bf8 Rxa3 46. Kf4 Ng2+ 47. Ke5 Re3+ 48. Kd6 Nxh4 49. Bxg7 Nf3 50. Nf6+
dx4XK,5rk1/8/p2QP2p/1p4p1/1Pp4P/2P1q1P1/P7/3R1K2 w - - 5 42,f1g2 f8f2 g2h3 g5g4 h3g4 e3e2 g4h3 f2h2,2608,106,91,2678,attraction endgame mate mateIn4 veryLong,https://lichess.org/vPWA0N6S#83,,4,"(2600, 2700]",True,vPWA0N6S,1. e4 e5 2. Nf3 Nc6 3. Bc4 h6 4. c3 Nf6 5. d3 Bc5 6. h3 a6 7. O-O O-O 8. Re1 d6 9. d4 Bb6 10. d5 Ne7 11. Bd3 Ba5 12. Nbd2 Nh5 13. Nc4 Bb6 14. Nxb6 cxb6 15. Nh2 Nf4 16. Bxf4 exf4 17. Qd2 Ng6 18. Nf3 f6 19. b4 b5 20. Bc2 Qc7 21. Bb3 Ne5 22. Nd4 g5 23. Ne6 Bxe6 24. dxe6 Kg7 25. Red1 Rfd8 26. Rac1 Nc4 27. Qd5 Rac8 28. Kh1 Qe7 29. Bxc4 bxc4 30. Qf5 b5 31. Rd5 Rc6 32. h4 Qe8 33. g3 fxg3 34. fxg3 Qh5 35. Rcd1 Re8 36. e5 fxe5 37. Rxd6 Rxd6 38. Qxe5+ Kg8 39. Qxd6 Qf3+ 40. Kg1 Qe3+ 41. Kf1 Rf8+
U01rQ,r1b1R3/2q2pk1/p6p/1ppP2p1/5PnB/1PNB2K1/P5P1/2RQ4 w - - 1 23,e8c8 c7f4 g3h3 f4h2 h3g4 h2f4 g4h5 f4h4,2648,108,91,1393,mate mateIn4 middlegame sacrifice veryLong,https://lichess.org/RmqLmX4w#45,,4,"(2600, 2700]",True,RmqLmX4w,1. c4 Nf6 2. Nc3 e6 3. e4 d6 4. d4 c6 5. Bg5 Be7 6. Nf3 c5 7. d5 O-O 8. e5 dxe5 9. Nxe5 exd5 10. cxd5 Nbd7 11. Nf3 Bd6 12. Bd3 h6 13. Bh4 a6 14. O-O b5 15. b3 Re8 16. Re1 Ne5 17. Nxe5 Bxe5 18. Rc1 Bxh2+ 19. Kxh2 Ng4+ 20. Kg3 Qc7+ 21. f4 g5 22. Rxe8+ Kg7
pGhvn,1br2rk1/pp3ppp/2n1p1q1/3p4/3P2b1/P1N1PN2/1P1BBPK1/2RQ1R2 w - - 4 17,f3h4 g4f3 g2f3 c6d4 e3d4 c8c3 b2c3 g6e4,2694,91,92,778,attraction discoveredAttack discoveredCheck doubleCheck mate mateIn4 middlegame sacrifice veryLong,https://lichess.org/qoAKaDMd#33,Slav_Defense Slav_Defense_Exchange_Variation,4,"(2600, 2700]",True,qoAKaDMd,1. d4 c6 2. c4 d5 3. cxd5 cxd5 4. Nf3 Nc6 5. e3 Bg4 6. Bd3 Nf6 7. Bd2 e6 8. O-O Bd6 9. Nc3 O-O 10. h3 Bh5 11. Rc1 Rc8 12. a3 Bb8 13. g4 Nxg4 14. hxg4 Bxg4 15. Kg2 Qf6 16. Be2 Qg6
l7u9R,6k1/p1p5/1p2p3/2nr2p1/3B1rQ1/5R2/P1P3P1/5RK1 b - - 0 27,f4g4 f3f8 g8h7 f8f7 h7g6 f1f6 g6h5 f7h7,2654,90,91,2555,endgame exposedKing mate mateIn4 veryLong,https://lichess.org/jQilDF2D/black#54,,4,"(2600, 2700]",True,jQilDF2D,1. e4 b6 2. d4 Bb7 3. Nc3 e6 4. Nf3 Bb4 5. Bd3 Nf6 6. Qe2 O-O 7. Bg5 h6 8. Bh4 g5 9. Bg3 d5 10. e5 Ne4 11. Bxe4 dxe4 12. Nd2 Qxd4 13. O-O Bxc3 14. bxc3 Qxc3 15. Nxe4 Bxe4 16. Qxe4 Nd7 17. Rae1 Rad8 18. Re3 Qc5 19. h4 Qe7 20. hxg5 hxg5 21. f4 Nc5 22. Qf3 f6 23. exf6 Qxf6 24. Qg4 Rd5 25. Ref3 Qd4+ 26. Bf2 Rxf4 27. Bxd4
WcEDm,r2r3k/pN3p1p/6p1/4pn2/2B2nK1/5P1P/PP5P/2R1R3 w - - 0 25,b7d8 h7h5 g4g5 h8g7 d8e6 f4e6 c4e6 f7f6,2698,108,90,1186,mate mateIn4 middlegame veryLong,https://lichess.org/M5ESUP12#49,,4,"(2600, 2700]",True,M5ESUP12,1. e4 e6 2. d4 d5 3. Nc3 Nf6 4. f3 dxe4 5. Nxe4 c5 6. c3 cxd4 7. Qxd4 Qxd4 8. cxd4 Bb4+ 9. Bd2 Bxd2+ 10. Nxd2 Nc6 11. Bc4 Nxd4 12. Rc1 Bd7 13. Nh3 O-O 14. O-O e5 15. Rfe1 Bxh3 16. gxh3 Rfe8 17. Kg2 Nh5 18. Ne4 Nf4+ 19. Kg3 Nf5+ 20. Kg4 Nh6+ 21. Kg3 Kh8 22. Nd6 Red8 23. Nxb7 Nf5+ 24. Kg4 g6
1EyJ6,8/Q3Bppk/2p4p/8/5P1P/2q3K1/7P/8 w - - 1 42,g3g4 f7f5 g4f5 c3d3 f5g4 h6h5 g4h5 d3g6,2739,93,91,1451,attraction endgame mate mateIn4 sacrifice veryLong,https://lichess.org/XQV88Kk7#83,,4,"(2700, 2800]",True,XQV88Kk7,1. e4 e5 2. Nf3 Bc5 3. Nxe5 Nc6 4. Nxc6 dxc6 5. Nc3 Qd4 6. Qe2 Nf6 7. d3 O-O 8. Be3 Qb4 9. Bxc5 Qxb2 10. Bxf8 Qxc3+ 11. Qd2 Qxa1+ 12. Qd1 Qc3+ 13. Qd2 Qa1+ 14. Qc1 Qc3+ 15. Qd2 Qa1+ 16. Qd1 Qxa2 17. Be7 Nd7 18. Bd8 h6 19. Bxc7 Nc5 20. Be2 Ne6 21. Bg3 Ng5 22. O-O Be6 23. Bg4 Rd8 24. Bxe6 Qxe6 25. Re1 b5 26. Bh4 Nh3+ 27. gxh3 Re8 28. Qg4 Qa2 29. Qd7 Re6 30. c4 bxc4 31. dxc4 Qxc4 32. Qxa7 Rxe4 33. Rxe4 Qxe4 34. Be7 Kh7 35. h4 Qe1+ 36. Kg2 Qe4+ 37. Kf1 Qb1+ 38. Kg2 Qe4+ 39. f3 Qe2+ 40. Kg3 Qe5+ 41. f4 Qc3+
lsWWy,8/ppQ3pk/5p1p/5Nn1/8/1P1r2KP/P3R1P1/2R3q1 w - - 18 36,g3h4 d3h3 h4g4 g1g2 e2g2 h6h5 g4f4 h3f3,2789,97,91,557,hookMate mate mateIn4 middlegame sacrifice veryLong,https://lichess.org/7F6ixzrD#71,,4,"(2700, 2800]",True,7F6ixzrD,1. e4 c6 2. d4 d5 3. exd5 cxd5 4. c4 e6 5. Nf3 Nf6 6. Nc3 Nc6 7. cxd5 exd5 8. Bd3 Be7 9. h3 O-O 10. Bg5 h6 11. Bh4 Be6 12. O-O Qb6 13. b3 Kh8 14. Ne2 Rac8 15. Rc1 Ne4 16. Bxe7 Nxe7 17. Ne5 Nf5 18. Bxe4 dxe4 19. d5 Rcd8 20. Nc3 e3 21. Qe2 exf2+ 22. Rxf2 Nd4 23. Qe4 f6 24. Ng6+ Kg8 25. Nxf8 Rxf8 26. dxe6 Nxe6 27. Nd5 Qd6 28. Re2 Ng5 29. Qc4 Kh8 30. Ne7 Rd8 31. Nf5 Qb6+ 32. Kh1 Kh7 33. Qc7 Rd1+ 34. Kh2 Qg1+ 35. Kg3 Rd3+
FXSki,r4k2/2p3qp/3pQ1pR/1p1P1p2/r7/2P2P2/PK3P2/7R w - - 6 30,h6h7 a4b4 b2c2 a8a2 c2d3 g7d4 c3d4 b4b3,2796,98,93,4827,deflection discoveredAttack endgame mate mateIn4 pin sacrifice veryLong,https://lichess.org/Sc3M6uqR#59,,4,"(2700, 2800]",True,Sc3M6uqR,1. e4 e5 2. Nf3 d6 3. d4 exd4 4. Qxd4 Nc6 5. Bb5 Bd7 6. Bxc6 Bxc6 7. Nc3 Nf6 8. Bg5 Be7 9. O-O-O O-O 10. h4 a5 11. h5 Ng4 12. Bxe7 Qxe7 13. Rh4 Ne5 14. Nd5 Qd8 15. Rf4 Nxf3 16. gxf3 Qg5 17. Kb1 Bxd5 18. exd5 Qxh5 19. Rg1 Qe5 20. Qd2 g6 21. Rh4 f5 22. Qh6 Qg7 23. Qf4 a4 24. Rh6 a3 25. c3 axb2 26. Kxb2 b5 27. Rgh1 Ra4 28. Qe3 Rfa8 29. Qe6+ Kf8
Exzx9,r1bq1r2/pp1n1pp1/2pQ4/6k1/3R2PP/8/PPP5/2K5 b - - 0 25,g5h4 d6h2 h4g5 h2f4 g5g6 f4f5 g6h6 f5h5,2701,96,93,729,mate mateIn4 middlegame veryLong,https://lichess.org/l1wNeSNK/black#50,,4,"(2700, 2800]",True,l1wNeSNK,1. Nc3 Nf6 2. e4 e5 3. f4 d6 4. Nf3 c6 5. d4 exd4 6. Qxd4 Be7 7. Be3 O-O 8. O-O-O Nbd7 9. e5 dxe5 10. fxe5 Bc5 11. Qd2 Bxe3 12. Qxe3 Ng4 13. Qf4 Nf2 14. Rd4 Nxh1 15. Bd3 Nf2 16. Bxh7+ Kxh7 17. Ng5+ Kg6 18. Nce4 Nxe4 19. Qxe4+ Kxg5 20. Qh4+ Kf5 21. Qg4+ Kxe5 22. Qf4+ Ke6 23. Qd6+ Kf5 24. g4+ Kg5 25. h4+
wUTyK,r3rnk1/3q1p1B/p6Q/2p1p3/3b2P1/4B1P1/PP3PK1/7R b - - 0 31,f8h7 h6h7 g8f8 h7h6 f8e7 e3g5 f7f6 h6f6,2707,97,92,2108,dovetailMate mate mateIn4 middlegame veryLong,https://lichess.org/dveP9hUe/black#62,,4,"(2700, 2800]",True,dveP9hUe,1. e4 e5 2. Nf3 Nc6 3. Bc4 Nf6 4. d3 Bc5 5. c3 O-O 6. O-O Bb6 7. Re1 d6 8. Nbd2 Na5 9. Bb5 a6 10. Ba4 Bd7 11. Bc2 Re8 12. Nf1 Nc6 13. Ng3 Ne7 14. h3 c6 15. Nh2 Ng6 16. Qf3 d5 17. Ng4 Nxg4 18. hxg4 dxe4 19. Rxe4 Be6 20. c4 Bd4 21. Nf5 c5 22. Qh3 Qd7 23. g3 b5 24. Kg2 bxc4 25. dxc4 Bxc4 26. Be3 Bd5 27. Rh1 Bxe4+ 28. Bxe4 Nf8 29. Nxg7 Kxg7 30. Qh6+ Kg8 31. Bxh7+
RGTMs,rn5k/ppp2Qp1/3b3p/8/3Pp2q/2P1R2b/PP1N1Pp1/R1B3K1 w - - 0 19,e3e4 d6h2 g1h2 g2g1q h2g1 h4g5 e4g4 g5g4 g1h2 g4g2,2066,84,92,75,advancedPawn attraction kingsideAttack mate mateIn5 middlegame promotion sacrifice veryLong,https://lichess.org/casOYTIX#37,,5,"(2000, 2100]",True,casOYTIX,1. e4 e6 2. Nf3 d5 3. exd5 exd5 4. d4 Nf6 5. Bd3 Bd6 6. h3 O-O 7. O-O Ne4 8. Re1 f5 9. Ne5 Qh4 10. Be3 f4 11. Bxe4 dxe4 12. Bc1 f3 13. c3 fxg2 14. Qb3+ Kh8 15. Nf7+ Rxf7 16. Qxf7 Bd7 17. Re3 h6 18. Nd2 Bxh3
AgnGm,rn3rk1/pp3Npp/4b3/4N3/3PQ3/2P3P1/P4P1q/2KR4 b - - 0 21,h2f2 e4h7 g8h7 d1h1 f2h2 h1h2 e6h3 h2h3 h7g8 h3h8,2030,76,95,14609,attraction mate mateIn5 middlegame sacrifice veryLong,https://lichess.org/oTX1nZMe/black#42,,5,"(2000, 2100]",True,oTX1nZMe,1. d4 c5 2. c3 e6 3. Nf3 c4 4. Bf4 d5 5. e3 Bd6 6. Ne5 Qb6 7. b3 Qa6 8. bxc4 dxc4 9. Nxc4 Bxf4 10. exf4 Qc6 11. Ne5 Qe4+ 12. Qe2 Qxf4 13. Nd2 Nf6 14. g3 Qf5 15. Ndf3 Qe4 16. Ng5 Qxh1 17. Ngxf7 O-O 18. O-O-O Ne4 19. Bh3 Qxh2 20. Bxe6 Bxe6 21. Qxe4
DIC2c,2k1r1r1/1p5p/pP3b2/6p1/3pp3/7P/2Q2PP1/4R1K1 b - - 1 29,c8b8 c2c7 b8a8 e1a1 e8e7 a1a6 b7a6 b6b7 a8a7 b7b8q,2083,79,90,965,advancedPawn discoveredCheck doubleCheck endgame mate mateIn5 promotion sacrifice veryLong,https://lichess.org/CohGIMIV/black#58,,5,"(2000, 2100]",True,CohGIMIV,1. e4 e5 2. Nf3 Nf6 3. Nxe5 d6 4. Nf3 Nxe4 5. d4 d5 6. Bd3 Bg4 7. O-O Nc6 8. c3 Be7 9. Re1 f5 10. Nbd2 Qd6 11. Qc2 O-O-O 12. b4 Bf6 13. h3 Bh5 14. a4 g5 15. Nh2 Rhg8 16. b5 Nxd4 17. cxd4 Bxd4 18. Nxe4 fxe4 19. Be2 Bxe2 20. Ba3 Qf6 21. Qxe2 Bxa1 22. Ng4 Qc3 23. Be7 Rde8 24. Bf6 Qxf6 25. Nxf6 Bxf6 26. a5 d4 27. b6 cxb6 28. axb6 a6 29. Qc2+
zckUH,8/8/7P/8/2pkb3/3p4/3Kp3/7R w - - 0 49,h6h7 c4c3 d2e1 d4e3 h1h3 e4f3 h3f3 e3f3 h7h8q d3d2,2086,91,93,132125,advancedPawn endgame mate mateIn5 veryLong,https://lichess.org/fhV7wU6H#97,,5,"(2000, 2100]",True,fhV7wU6H,1. e4 c5 2. c3 d6 3. d4 cxd4 4. cxd4 Nf6 5. Nc3 Nc6 6. Nf3 g6 7. Bb5 Bg7 8. d5 Nxe4 9. Nxe4 Qa5+ 10. Nc3 Bxc3+ 11. bxc3 Qxb5 12. dxc6 bxc6 13. Qb3 Qa6 14. Bb2 Be6 15. Qc2 O-O 16. c4 Qxc4 17. Qxc4 Bxc4 18. Rc1 d5 19. Nd4 c5 20. Nc6 Rfc8 21. Nxe7+ Kf8 22. Nxc8 Rxc8 23. f3 Rb8 24. Be5 Re8 25. f4 f6 26. Kf2 fxe5 27. Rhe1 e4 28. g4 Rb8 29. f5 Kg7 30. fxg6 hxg6 31. h4 Rb2+ 32. Ke3 Rxa2 33. Kf4 Rf2+ 34. Kg5 a5 35. Ra1 Ra2 36. Rxa2 Bxa2 37. Ra1 Bc4 38. Rxa5 e3 39. Ra1 e2 40. Re1 d4 41. Kf4 d3 42. Ke3 Kf6 43. Kd2 Ke5 44. Rc1 Kd4 45. h5 gxh5 46. gxh5 Bd5 47. h6 Be4 48. Rh1 c4
J2K6C,6k1/p1P2pp1/3B4/5b1p/Q5P1/P3nr1K/7P/8 w - - 0 36,h3h4 e3g2 h4h5 f5g6 h5g5 g8h7 d6e5 f7f6 e5f6 g7f6,2075,191,52,11,endgame fork mate mateIn5 veryLong,https://lichess.org/UEYFiIiY#71,,5,"(2000, 2100]",True,UEYFiIiY,1. d4 d5 2. c4 e6 3. g3 Nf6 4. Bg2 c5 5. Nf3 cxd4 6. Nxd4 e5 7. Nf3 d4 8. O-O Nc6 9. e3 Bc5 10. b4 Nxb4 11. Nxe5 O-O 12. a3 Nc6 13. Nxc6 bxc6 14. exd4 Bxd4 15. Ra2 Bg4 16. Qa4 c5 17. Rd2 Rb8 18. Nc3 Qe7 19. Nb5 Be2 20. Nxd4 cxd4 21. Re1 d3 22. Rxd3 Qe8 23. Bc6 Bxd3 24. Bxe8 Nxe8 25. Bf4 Rc8 26. c5 Nf6 27. Bd6 Rfe8 28. Rxe8+ Rxe8 29. f3 h5 30. c6 Nd5 31. c7 Re1+ 32. Kf2 Rf1+ 33. Kg2 Ne3+ 34. Kh3 Bf5+ 35. g4 Rxf3+
fkKEz,r1b2rk1/p1q1b1n1/2n1p1Q1/1p1p2P1/2pP1P2/2P1P2R/PP1N3P/R1B3K1 b - - 2 18,e6e5 h3h8 g8h8 g6h6 h8g8 g5g6 f8f5 h6h7 g8f8 h7h8,2172,82,90,1022,attraction exposedKing kingsideAttack mate mateIn5 middlegame sacrifice veryLong,https://lichess.org/qMRRYsJj/black#36,Queens_Pawn_Game Queens_Pawn_Game_Stonewall_Attack,5,"(2100, 2200]",True,qMRRYsJj,1. d4 d5 2. e3 Nf6 3. Bd3 c5 4. c3 e6 5. Nd2 Nc6 6. f4 c4 7. Bc2 Bd6 8. Ngf3 O-O 9. O-O Be7 10. Ne5 Qc7 11. g4 b5 12. g5 Ne8 13. Bxh7+ Kxh7 14. Qh5+ Kg8 15. Rf3 g6 16. Nxg6 fxg6 17. Qxg6+ Ng7 18. Rh3
5OnYn,5rk1/1b2bppp/ppr1p3/3qB3/3P4/4P1nP/PP2Q1PN/1B1R1RK1 w - - 3 22,e2g4 d5g2 g1g2 c6c2 g2g3 c2g2 g3f4 g7g5 g4g5 e7g5,2183,79,90,1172,attraction discoveredCheck doubleCheck kingsideAttack mate mateIn5 middlegame sacrifice veryLong,https://lichess.org/F9OyoTSp#43,,5,"(2100, 2200]",True,F9OyoTSp,1. d4 c6 2. Nf3 d5 3. Bf4 Nf6 4. e3 a6 5. h3 e6 6. Bd3 Be7 7. c3 Nbd7 8. Nbd2 b6 9. O-O Bb7 10. Rc1 O-O 11. Bb1 c5 12. Bg3 Ne4 13. Nxe4 dxe4 14. Nh2 Nf6 15. f3 cxd4 16. cxd4 Qd5 17. Qe2 Rac8 18. Rcd1 Rc6 19. Be5 exf3 20. Nxf3 Ne4 21. Nh2 Ng3
61Tza,5rk1/1pRb1ppp/4p3/p2pP3/Pn1q4/1P3QPB/5P1P/6K1 b - - 2 23,d7c6 f3f7 f8f7 c7c8 c6e8 c8e8 f7f8 h3e6 g8h8 e8f8,2150,77,95,3949,backRankMate deflection mate mateIn5 middlegame sacrifice veryLong,https://lichess.org/wFeFGWJ1/black#46,,5,"(2100, 2200]",True,wFeFGWJ1,1. e4 e6 2. Nf3 d5 3. e5 c5 4. c3 Nc6 5. d4 Qb6 6. Qc2 cxd4 7. cxd4 Bb4+ 8. Bd2 Bxd2+ 9. Qxd2 Nge7 10. Nc3 Nf5 11. Rd1 O-O 12. b3 Bd7 13. g3 a5 14. Bh3 Nfe7 15. O-O Rac8 16. a4 Nb4 17. Qe2 Rxc3 18. Rb1 Nec6 19. Rfc1 Rxc1+ 20. Rxc1 Nxd4 21. Qe3 Nxf3+ 22. Qxf3 Qd4 23. Rc7
LanCV,3k3r/p4pp1/p6r/6p1/Q2PP3/7P/Pq4P1/3R1R1K w - - 0 22,f1f7 h6h3 g2h3 h8h3 h1g1 h3g3 g1f1 b2g2 f1e1 g3e3,2195,84,90,1469,endgame mate mateIn5 sacrifice veryLong,https://lichess.org/o0d1QDPF#43,,5,"(2100, 2200]",True,o0d1QDPF,1. d4 Nf6 2. Nf3 d5 3. c4 c6 4. Nc3 Bf5 5. Bf4 Na6 6. Nh4 Be4 7. f3 Bg6 8. Nxg6 hxg6 9. e4 e6 10. cxd5 exd5 11. Bxa6 bxa6 12. Qa4 Qb6 13. exd5 Rc8 14. O-O Kd8 15. dxc6 Rxc6 16. Kh1 Bd6 17. Bxd6 Rxd6 18. Rad1 g5 19. Ne4 Nxe4 20. fxe4 Rdh6 21. h3 Qxb2
qyyQh,4r1k1/R1R3pp/2P4b/8/8/5n1P/5P2/5K2 w - - 0 41,a7b7 e8e1 f1g2 f3h4 g2g3 e1g1 g3h4 h6g5 h4h5 g7g6,2110,74,95,12831,endgame mate mateIn5 sacrifice veryLong,https://lichess.org/oMnNeO6G#81,,5,"(2100, 2200]",True,oMnNeO6G,1. e4 c5 2. a3 Nc6 3. b4 cxb4 4. axb4 Nxb4 5. c3 Nc6 6. d4 d5 7. exd5 Qxd5 8. Na3 Bf5 9. Nb5 Qd8 10. d5 Ne5 11. Bf4 f6 12. Nf3 Bg4 13. h3 Bxf3 14. gxf3 Kf7 15. Bxe5 fxe5 16. Bc4 Nf6 17. d6+ e6 18. Nc7 Qxd6 19. Qxd6 Bxd6 20. Nxa8 Rxa8 21. O-O a6 22. Rfb1 Rb8 23. Rb6 Bc5 24. Rxe6 Kf8 25. Rxe5 Bd6 26. Re6 Bf4 27. Rd1 Rc8 28. Rd4 Bh6 29. Rb6 Rc7 30. Rd8+ Ke7 31. Rb8 Rxc4 32. R8xb7+ Kf8 33. Rxa6 Rc8 34. Raa7 Nd5 35. c4 Nc3 36. c5 Ne2+ 37. Kf1 Nd4 38. Rf7+ Kg8 39. Rfc7 Re8 40. c6 Nxf3
6ziXy,5rk1/p4p2/3Q2p1/5q1p/8/5PPK/7P/4R2R w - - 1 35,g3g4 f5f3 d6g3 h5g4 h3h4 f3f6 h4g4 f6f5 g4h4 f5h5,2213,80,88,329,endgame mate mateIn5 veryLong,https://lichess.org/RWyKyGwK#69,,5,"(2200, 2300]",True,RWyKyGwK,1. Nc3 c5 2. Nf3 d6 3. g3 Bg4 4. Bg2 Nc6 5. d4 Bxf3 6. Bxf3 cxd4 7. Nb5 e5 8. e3 Qa5+ 9. Nc3 b5 10. exd4 Nxd4 11. Be3 b4 12. Bxd4 exd4 13. Bxa8 bxc3 14. Qe2+ Be7 15. O-O-O Qxa2 16. bxc3 Qa1+ 17. Kd2 Qxc3+ 18. Kc1 Nf6 19. Rde1 Nd5 20. Bxd5 Qa1+ 21. Kd2 Qa5+ 22. Kc1 Qa1+ 23. Kd2 Qa5+ 24. Kd3 Qc3+ 25. Ke4 O-O 26. Qg4 Qxc2+ 27. Kf3 Qc3+ 28. Kg2 Qc5 29. Rxe7 Qxd5+ 30. f3 Qa2+ 31. Kh3 g6 32. Ree1 h5 33. Qxd4 Qa5 34. Qxd6 Qf5+
9sdNR,2kr4/p5p1/1p1p4/2pqp3/P5Rn/3PB1P1/1PP3KP/R2Q4 w - - 1 25,g2h3 d5g2 h3h4 g2h2 h4g5 h2h6 g5f5 h6f6 f5e4 d6d5,2204,78,94,10738,mate mateIn5 middlegame sacrifice veryLong,https://lichess.org/1BTQpgTo#49,,5,"(2200, 2300]",True,1BTQpgTo,1. e4 c5 2. Nc3 Nc6 3. d3 b6 4. g3 Bb7 5. Bg2 d6 6. Nge2 h5 7. O-O h4 8. Bg5 hxg3 9. fxg3 f6 10. Be3 Qd7 11. Nf4 O-O-O 12. a4 Nh6 13. Bh3 f5 14. Ng6 Ng4 15. Bxg4 fxg4 16. Nxh8 e5 17. Ng6 Be7 18. Nxe7+ Qxe7 19. Nd5 Qe6 20. Rf5 Nd4 21. Rg5 Nf3+ 22. Kg2 Bxd5 23. exd5 Qxd5 24. Rxg4 Nh4+
whZlC,2rrR2k/pp3p1p/6p1/5N2/1qn2Q2/7P/P2p1PP1/2R3K1 b - - 3 31,d8e8 f4d4 c4e5 d4e5 e8e5 c1c8 e5e8 c8e8 b4f8 e8f8,2270,77,93,6272,deflection mate mateIn5 middlegame veryLong,https://lichess.org/aMHkp9aw/black#62,,5,"(2200, 2300]",True,aMHkp9aw,1. e4 c6 2. Nf3 d5 3. d3 Bg4 4. e5 Nd7 5. d4 e6 6. Be2 Ne7 7. c3 c5 8. h3 Bxf3 9. Bxf3 Nc6 10. O-O Qb6 11. dxc5 Bxc5 12. b4 Be7 13. Re1 Ncxe5 14. Bf4 Nxf3+ 15. Qxf3 O-O 16. Nd2 Bf6 17. Rac1 Rac8 18. Nb3 e5 19. Be3 d4 20. cxd4 exd4 21. Bd2 Ne5 22. Qf5 Nc4 23. Bf4 g6 24. Qd3 Qxb4 25. Bh6 Rfd8 26. Qf3 Bg7 27. Bxg7 Kxg7 28. Qf4 d3 29. Nd4 d2 30. Nf5+ Kh8 31. Re8+
tljkh,3r4/1p1q1pk1/p3n1R1/4Pp1Q/3p4/P6P/1P1r4/6RK b - - 0 46,f7g6 g1g6 g7f8 h5h8 f8e7 h8f6 e7e8 g6g8 e6f8 g8f8,2202,79,92,6757,endgame mate mateIn5 veryLong,https://lichess.org/UeEpTvos/black#92,,5,"(2200, 2300]",True,UeEpTvos,1. e4 c6 2. Nf3 d5 3. e5 Bf5 4. d4 e6 5. Bd3 Bxd3 6. Qxd3 Ne7 7. O-O Na6 8. c4 dxc4 9. Qxc4 Nc7 10. Nc3 Ned5 11. Bg5 Qd7 12. Ne4 h6 13. Be3 Be7 14. Rad1 Rb8 15. Qc2 Rc8 16. a3 a6 17. h3 Kf8 18. Nc5 Bxc5 19. Qxc5+ Qe7 20. Qc2 Rb8 21. Nh2 g6 22. Qe4 Kg7 23. f4 h5 24. Nf3 h4 25. Ng5 Rh5 26. Bc1 Rd8 27. Qf3 Qe8 28. Ne4 Ne7 29. Nd6 Qd7 30. Be3 Ncd5 31. Bf2 Nf5 32. Nxf5+ exf5 33. g4 hxg3 34. Qxg3 Nc7 35. Kh2 Ne6 36. Rg1 Qd5 37. Qg2 Qd7 38. Qf3 Rdh8 39. Rg3 Rh4 40. Be3 Rd8 41. d5 cxd5 42. Bd4 Rxf4 43. Qh5 Rxd4 44. Rdg1 Rd2+ 45. Kh1 d4 46. Rxg6+
kzfSy,5r1k/p4p2/2p3bP/5pN1/3R1Q1P/1r3PK1/2q5/8 b - - 9 41,b3b2 f4e5 f7f6 e5f6 f8f6 d4d8 g6e8 d8e8 f6f8 e8f8,2218,80,92,4369,exposedKing mate mateIn5 middlegame sacrifice veryLong,https://lichess.org/ByEUO4rM/black#82,,5,"(2200, 2300]",True,ByEUO4rM,1. d4 d5 2. c4 Bf5 3. Nf3 e6 4. Nc3 Nf6 5. Bg5 c5 6. e3 Qb6 7. Na4 Qb4+ 8. Nd2 Nc6 9. a3 Qa5 10. Nxc5 Bxc5 11. dxc5 Qxc5 12. Bxf6 gxf6 13. cxd5 exd5 14. Rc1 Qb6 15. b3 O-O 16. g4 Bg6 17. h4 h6 18. Qf3 Qd8 19. g5 f5 20. gxh6 Kh7 21. Qf4 Re8 22. Nf3 Qa5+ 23. b4 Qxa3 24. Ng5+ Kh8 25. Rxc6 Qa1+ 26. Kd2 bxc6 27. Bd3 Qb2+ 28. Bc2 Rab8 29. Rb1 Qf6 30. f3 d4 31. Bb3 dxe3+ 32. Ke2 Red8 33. Rd1 Rf8 34. Rd7 Qb2+ 35. Kxe3 Qxb3+ 36. Rd3 Qxb4 37. Rd4 Qc3+ 38. Rd3 Qc5+ 39. Rd4 Rb3+ 40. Kf2 Qc2+ 41. Kg3
tBJwL,r2N4/1p2k3/pQ1p2p1/3P3n/P5pq/3P4/1P5P/5RK1 b - - 0 29,a8d8 b6e3 e7d7 f1f7 d7c8 e3c1 c8b8 c1c7 b8a7 c7b7,2342,76,92,5047,endgame mate mateIn5 veryLong,https://lichess.org/vgtaXeFo/black#58,,5,"(2300, 2400]",True,vgtaXeFo,1. e4 c5 2. Nf3 Nc6 3. d4 cxd4 4. Nxd4 Nf6 5. Nc3 e5 6. Ndb5 d6 7. Nd5 Nxd5 8. exd5 Nb8 9. a4 a6 10. Nc3 g6 11. Be2 Bg7 12. O-O O-O 13. Be3 f5 14. f4 e4 15. Bd4 Nd7 16. Bxg7 Kxg7 17. Qd4+ Nf6 18. g4 fxg4 19. Nxe4 Bf5 20. Ng5 Re8 21. Bd3 Bxd3 22. cxd3 Kg8 23. f5 Nh5 24. Ne6 Qh4 25. fxg6 hxg6 26. Rf7 Kxf7 27. Rf1+ Ke7 28. Qb6 Red8 29. Nxd8
72g6J,r1b2rk1/q1p1npp1/2p4p/1p2P1NQ/p7/R1PBP3/5PPP/3R2K1 b - - 1 24,a7c5 h5f7 f8f7 d3h7 g8h8 d1d8 f7f8 d8f8 e7g8 f8g8,2396,95,90,154,kingsideAttack mate mateIn5 middlegame sacrifice veryLong,https://lichess.org/i9YT7Qi8/black#48,,5,"(2300, 2400]",True,i9YT7Qi8,1. d4 e5 2. dxe5 Nc6 3. Nf3 Qe7 4. Bf4 Qb4+ 5. Bd2 Qxb2 6. Nc3 Bb4 7. Rb1 Qa3 8. Rb3 Qa5 9. e3 Nge7 10. Bc4 O-O 11. O-O Ng6 12. a3 Bxa3 13. Nb5 Bb4 14. Ra3 Qb6 15. Bxb4 Nxb4 16. Rb3 a5 17. c3 Nc6 18. Nbd4 Qa7 19. Nxc6 dxc6 20. Bd3 Ne7 21. Ng5 h6 22. Qh5 a4 23. Ra3 b5 24. Rd1
3eUDw,r1bq1n1r/ppp1bk2/4p3/3pPpp1/3P1P2/2PBKNp1/PP1NQ1P1/R1B2R2 w - - 0 16,b2b3 g5f4 e3f4 f8g6 f4g3 e7h4 f3h4 d8h4 g3f3 h4f4,2321,82,88,130,attraction mate mateIn5 middlegame veryLong,https://lichess.org/vLfAGzUl#31,Horwitz_Defense Horwitz_Defense_Other_variations,5,"(2300, 2400]",True,vLfAGzUl,1. d4 e6 2. f4 Be7 3. e3 d6 4. Nf3 Nd7 5. Bd3 g6 6. c3 h5 7. O-O Ngf6 8. Qe2 Ng4 9. Nbd2 f5 10. e4 Nf8 11. e5 Kf7 12. h3 d5 13. hxg4 hxg4 14. Kf2 g3+ 15. Ke3 g5
twu6c,7R/6p1/p1p1q1k1/3pp3/3bP1p1/P1p5/3r4/2K4Q b - - 1 40,d4e3 h1h5 g6f6 h8f8 f6e7 h5e8 e7d6 e8b8 d6c5 b8b4,2385,79,91,891,endgame exposedKing mate mateIn5 veryLong,https://lichess.org/mJWBnZro/black#80,,5,"(2300, 2400]",True,mJWBnZro,1. c4 e5 2. Nc3 Nc6 3. e3 Nf6 4. d4 Bb4 5. d5 Ne7 6. e4 O-O 7. Nf3 d6 8. Bd3 a6 9. Bg5 Ng6 10. h4 h6 11. Qe2 Bg4 12. h5 hxg5 13. hxg6 fxg6 14. Qd2 Nh5 15. Nxg5 Nf4 16. Ne6 Bxe6 17. dxe6 Nxg2+ 18. Kd1 Nf4 19. Kc2 Qf6 20. Raf1 Qxe6 21. Qe3 c6 22. Ne2 b5 23. Nxf4 Rxf4 24. a3 bxc4 25. Be2 Bc5 26. Qc3 d5 27. Qa5 Bd4 28. Rh2 Rb8 29. Rfh1 Rxb2+ 30. Kd1 Rb1+ 31. Kd2 Rxh1 32. Rxh1 c3+ 33. Kc2 Rxf2 34. Qd8+ Kf7 35. Rh8 Rxe2+ 36. Kd1 Rd2+ 37. Kc1 g5 38. Qf8+ Kg6 39. Qf3 g4 40. Qh1
KxkOf,2kr3r/pp6/2pp3p/4p1q1/QPB1Pp1p/P2P1Pbb/2P5/2KR2B1 b - - 3 23,c8b8 a4a7 b8c8 a7a8 c8c7 g1b6 c7d7 a8b7 d7e8 b7f7,2320,78,92,3696,deflection mate mateIn5 middlegame veryLong,https://lichess.org/QCYqijql/black#46,,5,"(2300, 2400]",True,QCYqijql,1. e4 e5 2. Nf3 Nc6 3. Bc4 Bc5 4. d3 Nf6 5. Bg5 h6 6. Bh4 g5 7. Bg3 d6 8. Nc3 Bb4 9. Qd2 Nd4 10. a3 Nxf3+ 11. gxf3 Ba5 12. b4 Bb6 13. Nd5 Nxd5 14. Bxd5 c6 15. Bc4 f5 16. h4 f4 17. Bh2 gxh4 18. Qc3 Qg5 19. O-O-O Bxf2 20. Bg1 Bg3 21. Rh3 Bxh3 22. Qb3 O-O-O 23. Qa4
g7TJ8,6k1/5ppp/8/p2q2PP/4R3/PP2Q3/K7/3r4 b - - 0 36,h7h6 e4e8 g8h7 e8h8 h7h8 e3e8 h8h7 g5g6 f7g6 h5g6,2445,82,95,856,attraction endgame mate mateIn5 sacrifice veryLong,https://lichess.org/YTm8rntA/black#72,,5,"(2400, 2500]",True,YTm8rntA,1. e4 c5 2. Nf3 d6 3. d4 cxd4 4. Nxd4 Nf6 5. Nc3 a6 6. f3 e6 7. Be3 Be7 8. Qd2 b5 9. O-O-O Qc7 10. Bd3 Bb7 11. Kb1 Nbd7 12. Nce2 Ne5 13. g4 Nfd7 14. h4 Nb6 15. g5 Nbc4 16. Bxc4 Nxc4 17. Qd3 Nxe3 18. Qxe3 d5 19. a3 dxe4 20. fxe4 Rc8 21. Rd2 Bc5 22. c3 e5 23. Rhd1 exd4 24. cxd4 Be7 25. d5 O-O 26. d6 Bxd6 27. Rxd6 Rfe8 28. Nc3 a5 29. Nxb5 Bxe4+ 30. Ka1 Qc4 31. R6d4 Qxb5 32. Rxe4 Red8 33. Rxd8+ Rxd8 34. h5 Rd1+ 35. Ka2 Qd5+ 36. b3
tyHzQ,6k1/1p3p2/3Pp1p1/P1Rp3p/1P1b1P2/2Q4P/6PK/3q4 w - - 0 33,d6d7 d4g1 h2g3 h5h4 g3h4 g1f2 h4g5 d1h5 g5f6 f2h4,2434,95,89,1706,attraction endgame fork mate mateIn5 veryLong,https://lichess.org/BmqpeaU2#65,,5,"(2400, 2500]",True,BmqpeaU2,1. e4 c5 2. Be2 Nc6 3. f4 g6 4. Nf3 Bg7 5. O-O e6 6. c3 d5 7. e5 Nge7 8. d4 Bd7 9. dxc5 Rc8 10. Be3 h5 11. Na3 O-O 12. Nb5 Nf5 13. Bf2 a6 14. Nd6 Nxd6 15. cxd6 Na5 16. Nd4 Nc6 17. h3 Nxd4 18. Bxd4 Bb5 19. Bxb5 axb5 20. a4 b4 21. cxb4 Rc4 22. a5 Rxb4 23. Qd2 Rc4 24. b3 Rc6 25. Rfc1 Qd7 26. Rxc6 Qxc6 27. Rc1 Qb5 28. b4 Rd8 29. Rc5 Qa4 30. Qc3 Qd1+ 31. Kh2 Rxd6 32. exd6 Bxd4
pNoai,5Q2/p1kr4/2p3pp/5b2/2qp4/2N1R3/PP1K1PPP/R1B5 w - - 0 28,f8h6 d4c3 d2e1 d7d1 e1d1 c4f1 e3e1 c3c2 d1d2 f1d3,2405,105,60,68,advancedPawn attraction discoveredCheck doubleCheck exposedKing mate mateIn5 middlegame sacrifice veryLong,https://lichess.org/A1uivhe0#55,,5,"(2400, 2500]",True,A1uivhe0,1. e4 e6 2. d4 d5 3. e5 c5 4. c3 Nc6 5. Bb5 Qb6 6. Bxc6+ bxc6 7. Nf3 Ba6 8. Ng5 h6 9. Qh5 g6 10. Qh3 O-O-O 11. Nxf7 Bg7 12. Qxe6+ Rd7 13. Qe8+ Kc7 14. Nxh8 cxd4 15. Qxg8 Bxe5 16. Nf7 Re7 17. Nxe5 Rxe5+ 18. Kd1 Be2+ 19. Kd2 dxc3+ 20. Nxc3 Qd4+ 21. Kc2 Qd3+ 22. Kb3 Qc4+ 23. Kc2 Bd3+ 24. Kd2 Re7 25. Re1 Rd7 26. Qf8 Bf5 27. Re3 d4
JDyIr,5rk1/6p1/2Q4p/3pN3/P7/2PB2qb/8/3RR2K w - - 2 33,c6g6 h3g2 h1g1 g3f2 g1h2 f2h4 h2g2 f8f2 g2g1 h4h2,2487,89,81,255,exposedKing mate mateIn5 middlegame sacrifice triangleMate veryLong,https://lichess.org/ahORM3cF#65,,5,"(2400, 2500]",True,ahORM3cF,1. e4 c5 2. Nf3 e6 3. c3 Nf6 4. d3 Qc7 5. a4 Nc6 6. Qc2 e5 7. Be2 a6 8. O-O Be7 9. Bg5 d6 10. Nbd2 O-O 11. Rfe1 Be6 12. Bf1 Rad8 13. Rad1 h6 14. Bh4 Nh5 15. Bg3 Nxg3 16. hxg3 f5 17. d4 fxe4 18. Nxe4 Bf5 19. dxc5 d5 20. Qb3 Be6 21. Nd6 Bxd6 22. cxd6 Qxd6 23. Qxb7 Rb8 24. Qxa6 Rxb2 25. Nxe5 Qc5 26. Qxc6 Qxf2+ 27. Kh1 Qf5 28. Bd3 Qh5+ 29. Kg1 Rxg2+ 30. Kxg2 Qh3+ 31. Kg1 Qxg3+ 32. Kh1 Bh3
xLNJP,Q2bkr2/1pR3p1/3p4/1K1q2B1/1P2p3/5P2/8/7R w - - 0 42,c7c5 d5d3 b5a4 b7b5 c5b5 d3c2 a4a3 f8f3 g5e3 f3e3,2493,97,90,2321,mate mateIn5 middlegame veryLong,https://lichess.org/0XeU6fqC#83,,5,"(2400, 2500]",True,0XeU6fqC,1. e4 c5 2. Nf3 d6 3. d4 cxd4 4. Nxd4 Nf6 5. Nc3 a6 6. Be3 e5 7. Nb3 Be7 8. f3 O-O 9. Qd2 Be6 10. O-O-O Nbd7 11. Nd5 Nxd5 12. exd5 Bf5 13. g4 Bg6 14. Bd3 Rc8 15. Kb1 Qc7 16. h4 Bxd3 17. Qxd3 a5 18. h5 a4 19. Nc1 Nc5 20. Qf5 Na6 21. g5 Nb4 22. c3 a3 23. cxb4 axb2 24. Nb3 Ra8 25. g6 fxg6 26. Qe6+ Rf7 27. hxg6 hxg6 28. Qxg6 Bf6 29. Qh7+ Kf8 30. Qh8+ Ke7 31. Qxa8 Rf8 32. Qa5 Qc3 33. Bd2 Qd3+ 34. Kxb2 e4+ 35. Ka3 Qc2 36. Rc1 Qb2+ 37. Ka4 Qxa2+ 38. Kb5 Qxb3 39. Rc7+ Ke8 40. Qa8+ Bd8 41. Bg5 Qxd5+
vhttx,rn1q1b1r/pp2p1pp/1n1pbk2/2p3N1/8/2P2Q2/PP1P1PPP/RNB1K2R b KQ - 3 10,f6g5 h2h4 g5g6 h4h5 g6h6 f3e3 g7g5 e3e6 h6g7 h5h6,2547,92,87,733,fork master mate mateIn5 opening veryLong,https://lichess.org/9SXd4XJa/black#20,Sicilian_Defense Sicilian_Defense_Alapin_Variation,5,"(2500, 2600]",True,9SXd4XJa,1. e4 c5 2. c3 Nf6 3. e5 Nd5 4. Nf3 d6 5. Bb5+ Bd7 6. Bc4 Nb6 7. Bxf7+ Kxf7 8. e6+ Bxe6 9. Ng5+ Kf6 10. Qf3+
lQxX8,r2qkb1r/pQ2pppp/8/1N1P1b2/4nB2/3pPK2/PP3PPP/n4BNR b kq - 1 12,d3d2 b5c7 d8c7 f1b5 f5d7 b7a8 c7d8 b5d7 e8d7 a8c6,2532,105,91,2537,attraction clearance fork mate mateIn5 middlegame pin sacrifice veryLong,https://lichess.org/82FjCKBz/black#24,Queens_Pawn_Game Queens_Pawn_Game_Steinitz_Countergambit,5,"(2500, 2600]",True,82FjCKBz,1. d4 d5 2. Bf4 c5 3. e3 Nc6 4. c4 Bf5 5. Qb3 Nb4 6. Nc3 Nc2+ 7. Kd2 Nxa1 8. Qxb7 Nf6 9. cxd5 cxd4 10. Nb5 Ne4+ 11. Ke2 d3+ 12. Kf3
ZseNv,3k2r1/p3n2R/Pp2R3/2pBPp1Q/2Pp1P2/3P4/1P4KP/q7 w - - 7 41,g2f2 a1g1 f2e2 g1e3 e2d1 e3d3 d1c1 g8g1 h5d1 g1d1,2536,85,92,670,deflection exposedKing mate mateIn5 middlegame veryLong,https://lichess.org/U4cbXSpp#81,,5,"(2500, 2600]",True,U4cbXSpp,1. e4 e6 2. Nc3 d5 3. g3 c6 4. Bg2 Bb4 5. Nge2 Ne7 6. d3 O-O 7. O-O Ng6 8. a3 Bxc3 9. Nxc3 d4 10. Ne2 e5 11. a4 c5 12. a5 Be6 13. f4 exf4 14. gxf4 Bg4 15. Qe1 Bxe2 16. Qxe2 Nc6 17. a6 b6 18. e5 Rc8 19. Kh1 Nge7 20. Rg1 f5 21. c4 g6 22. Bd2 Kh8 23. Bf3 Qc7 24. Rg3 Rf7 25. Rh3 Rg7 26. Be1 Kg8 27. Bh4 Rf8 28. Rg1 Kf7 29. Bf6 h5 30. Bxg7 Kxg7 31. Rxh5 Kf7 32. Rh7+ Ke8 33. Qg2 Nd8 34. Qg5 Ne6 35. Qh6 Kd8 36. Rxg6 Re8 37. Rxe6 Qd7 38. Bd5 Qa4 39. Qh5 Qa1+ 40. Kg2 Rg8+
xXdv7,r3r1k1/pp4pp/2p5/3P1p1q/2P3n1/4PK2/PBQN1PP1/R4R2 w - - 4 22,f1h1 g4h2 f3g3 g7g5 d2f3 f5f4 e3f4 g5f4 g3f4 h5g4,2588,103,90,5251,attraction discoveredCheck doubleCheck master mate mateIn5 middlegame quietMove veryLong,https://lichess.org/s9Xrs4Nw#43,,5,"(2500, 2600]",True,s9Xrs4Nw,1. d4 d5 2. c4 c6 3. Nc3 Nf6 4. e3 e6 5. Nf3 Nbd7 6. b3 Bd6 7. Bb2 O-O 8. Be2 Re8 9. O-O dxc4 10. bxc4 e5 11. d5 e4 12. Nd2 Nc5 13. Qc2 Bg4 14. Bxg4 Bxh2+ 15. Kxh2 Nxg4+ 16. Kh3 Qg5 17. Ncxe4 Nxe4 18. Nxe4 Qh5+ 19. Kg3 f5 20. Nd2 Qh2+ 21. Kf3 Qh5
PvH4T,1r3r1k/p7/2p1pp2/5P2/3Q4/1P6/2qP2RP/R6K b - - 0 27,c2f5 d4h4 f5h7 h4h7 h8h7 a1a4 b8b5 a4h4 b5h5 h4h5,2558,92,91,2925,endgame exposedKing master mate mateIn5 veryLong,https://lichess.org/BobPLRPD/black#54,,5,"(2500, 2600]",True,BobPLRPD,1. f4 c5 2. b3 Nc6 3. Nf3 Nh6 4. Bb2 d5 5. e3 Nf5 6. Bb5 e6 7. Bxc6+ bxc6 8. O-O Bd6 9. g4 Ne7 10. g5 Nf5 11. Nc3 O-O 12. Ne2 Rb8 13. Be5 Ba6 14. Rf2 Bxe2 15. Qxe2 f6 16. gxf6 gxf6 17. Rg2+ Kh8 18. Bb2 c4 19. e4 dxe4 20. Qxe4 cxb3 21. axb3 Qd7 22. Ng5 Bc5+ 23. Kh1 Bd4 24. Bxd4 Nxd4 25. Nxh7 Qxh7 26. Qxd4 Qxc2 27. f5
ZDTsV,2r4k/p6p/q1r2pp1/4p3/2n1P3/1P3P2/QKPR1BPP/3R4 w - - 3 29,b3c4 a6a2 b2a2 c6a6 a2b3 c8b8 f2b6 b8b6 b3c3 a6a3,2640,90,96,607,attraction mate mateIn5 middlegame veryLong,https://lichess.org/mNwXHLvt#57,,5,"(2600, 2700]",True,mNwXHLvt,1. d4 d5 2. Bf4 Bf5 3. Nc3 Nf6 4. e3 e6 5. Bd3 Bg6 6. Bxg6 fxg6 7. Nb5 Bd6 8. Nxd6+ cxd6 9. f3 Nc6 10. Qd3 O-O 11. O-O-O e5 12. Bg3 Nb4 13. Qb3 Qa5 14. a3 Nc6 15. Qxb7 Qa4 16. Qb3 Qa6 17. dxe5 dxe5 18. Ne2 Rab8 19. Qa2 Rfe8 20. Nc3 Na5 21. Nxd5 Nc4 22. Nxf6+ gxf6 23. b3 Nxa3 24. Rd2 Kh8 25. Rhd1 Rb6 26. Bf2 Rc6 27. e4 Rec8 28. Kb2 Nc4+
jsmFp,r1b3nr/pppk1pp1/1b1P3p/n2BN3/8/B1P5/P1q2PPP/RN2R1K1 b - - 2 19,d7d8 e5f7 d8d7 e1e7 g8e7 f7e5 d7e8 d5f7 e8f8 d6e7,2672,99,92,9627,advancedPawn mate mateIn5 opening sacrifice veryLong,https://lichess.org/3CokGDoQ/black#38,Danish_Gambit Danish_Gambit_Other_variations,5,"(2600, 2700]",True,3CokGDoQ,1. e4 e5 2. d4 exd4 3. c3 dxc3 4. Bc4 Bb4 5. bxc3 Qf6 6. Qb3 Bc5 7. Nf3 h6 8. O-O Nc6 9. e5 Qe7 10. Bd5 Na5 11. Qa4 Bb6 12. Qg4 Qf8 13. Ba3 d6 14. Qe4 Qe7 15. Qa4+ Qd7 16. Qc2 Qf5 17. Re1 Qxc2 18. exd6+ Kd7 19. Ne5+
0PhbW,3r1rk1/4R2p/p4pp1/1p1N4/4QPPb/8/P4q1P/3R3K b - - 1 27,f6f5 d5f6 h4f6 e4e6 g8h8 e6f6 f8f6 d1d8 f6f8 d8f8,2606,87,92,594,deflection mate mateIn5 middlegame sacrifice veryLong,https://lichess.org/CwRIxdLU/black#54,,5,"(2600, 2700]",True,CwRIxdLU,1. e4 e6 2. Nf3 d5 3. exd5 exd5 4. d4 Nf6 5. c4 c6 6. Nc3 Be7 7. Bg5 O-O 8. Bxf6 Bxf6 9. cxd5 cxd5 10. Be2 Nc6 11. O-O a6 12. Rc1 Bg4 13. Qb3 Bxf3 14. Bxf3 Nxd4 15. Qxd5 Nxf3+ 16. Qxf3 b5 17. Nd5 Bxb2 18. Rcd1 Be5 19. Rfe1 Qd6 20. Qf5 Rad8 21. f4 Bf6 22. g4 Bh4 23. Re5 g6 24. Qe4 Qc5+ 25. Kg2 Qf2+ 26. Kh1 f6 27. Re7
GJCXh,r4rk1/4ppb1/p1np4/q2N2R1/1p4Q1/8/PPP5/2K2nN1 b - - 1 24,c6e5 d5e7 g8h7 g5h5 g7h6 h5h6 h7h6 e7f5 h6h7 g4g7,2676,115,91,4298,attraction kingsideAttack mate mateIn5 middlegame veryLong,https://lichess.org/ryTROWF6/black#48,,5,"(2600, 2700]",True,ryTROWF6,1. e4 d6 2. d4 Nf6 3. Nc3 g6 4. Be3 Bg7 5. f3 O-O 6. Qd2 c5 7. O-O-O cxd4 8. Bxd4 Nc6 9. Be3 Qa5 10. Kb1 a6 11. h4 h5 12. g4 hxg4 13. h5 gxh5 14. fxg4 Bxg4 15. Be2 b5 16. Bxg4 Nxg4 17. Bd4 Nxd4 18. Rxh5 b4 19. Nd5 Nc6 20. Qg5 Nf2 21. Rf1 Nxe4 22. Qg4 Nd2+ 23. Kc1 Nxf1 24. Rg5
QNwRO,rn3b1r/p5p1/k1Q5/Pp2p2p/3qNB2/8/2P2P2/RR3BK1 b - - 0 21,b8c6 b1b5 d4a1 b5b6 a6a5 b6a6 a5b4 f4d2 a1c3 d2c3,2683,95,93,5407,discoveredCheck doubleCheck fork mate mateIn5 middlegame sacrifice veryLong,https://lichess.org/saDbAyFc/black#42,,5,"(2600, 2700]",True,saDbAyFc,1. Nf3 f5 2. g3 Nf6 3. Bg2 f4 4. O-O fxg3 5. Nc3 gxh2+ 6. Nxh2 d5 7. d4 c6 8. e4 dxe4 9. Nxe4 Bg4 10. Nxg4 Nxg4 11. Qxg4 h5 12. Qg6+ Kd7 13. Bh3+ Kc7 14. Bf4+ Kb6 15. a4 Qxd4 16. a5+ Ka6 17. b4 e5 18. b5+ Kxb5 19. Rfb1+ Ka6 20. Bf1+ b5 21. Qxc6+
njok6,2r3nr/pq1b1ppp/4pk2/2Bp4/P7/3B1P2/6PP/2R1Q1K1 b - - 0 21,h7h6 e1h4 g7g5 h4d4 e6e5 d4e5 f6e5 c1e1 e5f6 c5d4,2745,104,93,6315,attraction mate mateIn5 middlegame morphysMate sacrifice veryLong,https://lichess.org/kK0iY7Nz/black#42,,5,"(2700, 2800]",True,kK0iY7Nz,1. e4 e6 2. d4 d5 3. e5 c5 4. c3 Nc6 5. Nf3 Qb6 6. Bd3 cxd4 7. cxd4 Bd7 8. O-O Nxd4 9. Nxd4 Qxd4 10. Nc3 Qxe5 11. Re1 Qd6 12. Nb5 Qb6 13. Be3 Qa5 14. b4 Bxb4 15. a4 Bxe1 16. Nd6+ Ke7 17. Nxb7 Qc7 18. Bc5+ Kf6 19. Rc1 Qxb7 20. Qxe1 Rc8 21. f3
tUyWO,8/1pR2k2/p6p/6p1/b7/5P1P/r1nR2PK/8 b - - 1 35,f7g6 d2d6 g6f5 c7c5 f5f4 d6e6 a4c6 g2g3 f4f3 c5f5,2735,111,89,2121,endgame mate mateIn5 veryLong,https://lichess.org/SvHIXVuE/black#70,,5,"(2700, 2800]",True,SvHIXVuE,1. e4 e5 2. Nf3 Nc6 3. Bc4 Bc5 4. c3 Nf6 5. d4 exd4 6. cxd4 Bb4+ 7. Nc3 Nxe4 8. Qe2 Bxc3+ 9. bxc3 Qe7 10. Ng5 Nxc3 11. Qxe7+ Nxe7 12. Bxf7+ Kf8 13. Ba3 d6 14. O-O Bd7 15. Be6 Bc6 16. Bb4 Ne2+ 17. Kh1 Nxd4 18. Rad1 Nc2 19. Bc3 Re8 20. Nf7 Rg8 21. Nxd6 cxd6 22. Bxg8 Kxg8 23. Rxd6 Nf5 24. Rd2 Ne1 25. f3 Re3 26. Bd4 Nxd4 27. Rxd4 Nc2 28. Rd8+ Kf7 29. Rfd1 a6 30. h3 Ra3 31. R1d2 Rxa2 32. Kh2 Ba4 33. Rh8 h6 34. Rc8 g5 35. Rc7+
NcWoL,r3k2r/ppp2pp1/2b5/3p4/3NPP1p/1P2P1qn/PBP3P1/RN1Q1RK1 w kq - 6 17,g1h1 h3f4 d1f3 h4h3 f3g3 h3g2 h1g1 h8h1 g1f2 h1f1,2780,105,92,2620,advancedPawn discoveredCheck doubleCheck fork mate mateIn5 middlegame sacrifice veryLong,https://lichess.org/MPy7IF3o#33,Nimzo-Larsen_Attack Nimzo-Larsen_Attack_Modern_Variation,5,"(2700, 2800]",True,MPy7IF3o,1. b3 e5 2. Bb2 Nc6 3. e3 Nf6 4. Nf3 e4 5. Nd4 d5 6. Bb5 Bd7 7. Bxc6 Bxc6 8. O-O Bd6 9. d3 h5 10. dxe4 Bxh2+ 11. Kxh2 Ng4+ 12. Kg3 Qg5 13. f4 h4+ 14. Kh3 Nf2+ 15. Kh2 Qg3+ 16. Kg1 Nh3+
VWg1A,8/kb2rq1p/8/pN1p4/2p5/P1P1n1Q1/KP6/R7 b - - 0 44,a7a6 g3d6 a6b5 a3a4 b5a4 d6b6 f7g6 b2b3 c4b3 b6b3,2704,104,92,556,mate mateIn5 middlegame sacrifice veryLong,https://lichess.org/wjel2dL9/black#88,,5,"(2700, 2800]",True,wjel2dL9,1. d4 d5 2. Nd2 c5 3. c3 c4 4. e4 b5 5. a3 Bb7 6. e5 Nd7 7. f4 g6 8. Be2 Bg7 9. Bf3 e6 10. g3 Ne7 11. g4 Qc7 12. h4 a5 13. h5 Qb6 14. hxg6 Nxg6 15. f5 Nf4 16. Nf1 Nd3+ 17. Ke2 exf5 18. gxf5 Qc7 19. Bg5 N7xe5 20. dxe5 Qxe5+ 21. Ne3 f6 22. Bh6 Bxh6 23. Rxh6 O-O-O 24. Kd2 Rde8 25. Ng4 Qf4+ 26. Kc2 Re7 27. Rxf6 Rhe8 28. Re6 Qxf5 29. Rxe7 Rxe7 30. Kb1 Nb4+ 31. Kc1 Nd3+ 32. Kd2 Nf4 33. Ne2 Qd3+ 34. Ke1 Qxf3 35. Nh6 Ng2+ 36. Kd2 Qd3+ 37. Kc1 Qe3+ 38. Kb1 Qxh6 39. Nd4 Qg6+ 40. Ka2 Ne3 41. Qf3 Qf7 42. Qh3+ Kb8 43. Qg3+ Ka7 44. Nxb5+
VH7m9,2rq3k/3bpQ2/3p1b1B/p6p/1p1NP1p1/5P2/PPP5/1K4R1 b - - 0 24,f6d4 g1h1 d8g8 h6g7 d4g7 f7h5 g7h6 h5h6 g8h7 h6h7,2750,96,95,290,exposedKing kingsideAttack mate mateIn5 middlegame sacrifice veryLong,https://lichess.org/pBMsCpb5/black#48,,5,"(2700, 2800]",True,pBMsCpb5,1. e4 c5 2. Nf3 d6 3. d4 cxd4 4. Nxd4 Nf6 5. Nc3 g6 6. Be3 Bg7 7. f3 O-O 8. Qd2 Nc6 9. Bc4 Bd7 10. O-O-O Rc8 11. Bb3 Ne5 12. Kb1 a6 13. h4 h5 14. g4 hxg4 15. h5 Nxh5 16. Rdg1 b5 17. Bh6 b4 18. Nd5 a5 19. Rxh5 gxh5 20. Qg5 Ng6 21. Nf6+ Bxf6 22. Qxg6+ Kh8 23. Bxf7 Rxf7 24. Qxf7
lGCTU,5r2/b5pk/p2pR2p/1p1P4/1P1N4/r6P/2P1RPP1/6K1 w - - 2 29,d4c6 a7f2 e2f2 a3a1 g1h2 f8f2,2024,75,94,12849,advantage deflection endgame long sacrifice,https://lichess.org/uOCI532a#57,,3,"(2000, 2100]",False,uOCI532a,1. e4 e5 2. Nf3 Nc6 3. Bc4 Bc5 4. O-O a6 5. a3 Nf6 6. h3 d6 7. d3 h6 8. Nc3 b5 9. Ba2 Bd7 10. Be3 Nd4 11. Bxd4 exd4 12. Nd5 Nxd5 13. exd5 c6 14. Re1+ Kf8 15. b4 Bb6 16. Qe2 Qc7 17. Qe7+ Kg8 18. dxc6 Be6 19. Qxc7 Bxc7 20. Bxe6 fxe6 21. Rxe6 Kh7 22. Rae1 Rac8 23. Nxd4 Rhf8 24. Nf3 Bb8 25. d4 Rxc6 26. R1e2 Rc3 27. d5 Rxa3 28. Nd4 Ba7
gHdTy,3qbrk1/p5pp/Qr1bpn2/3pBp2/3P4/2NBP3/PP3PPP/2R2RK1 w - - 3 16,a6a7 f8f7 a7a5 d6b4 a5b6 d8b6,2092,76,80,378,advantage long master middlegame trappedPiece,https://lichess.org/KmzE0vem#31,Semi-Slav_Defense Semi-Slav_Defense_Accelerated_Move_Order,3,"(2000, 2100]",False,KmzE0vem,1. d4 d5 2. c4 e6 3. Nc3 c6 4. cxd5 cxd5 5. Bf4 f5 6. e3 Nf6 7. Nf3 Be7 8. Ne5 O-O 9. Bd3 Bd7 10. O-O Be8 11. Rc1 Nbd7 12. Qb3 Nxe5 13. Bxe5 Bd6 14. Qxb7 Rb8 15. Qa6 Rb6
orZFe,r1b1r1k1/1p3ppp/2p2n2/p2p4/3PnB2/3B1P1P/P1P3PN/1R3RK1 b - - 0 18,g7g5 f4e5 f6d7 f3e4 d7e5 d4e5,2023,83,92,554,crushing long middlegame,https://lichess.org/G0IeYoDs/black#36,French_Defense French_Defense_Knight_Variation,3,"(2000, 2100]",False,G0IeYoDs,1. e4 e6 2. Nf3 d5 3. exd5 exd5 4. d4 Nf6 5. Nc3 Bd6 6. Bg5 c6 7. Be2 O-O 8. h3 Nbd7 9. O-O Qb6 10. Nh2 Qxb2 11. Qd2 Bb4 12. Rab1 Qxc3 13. Rxb4 Qxd2 14. Bxd2 Ne4 15. Bf4 Re8 16. Bd3 a5 17. Rbb1 Ndf6 18. f3
F7m0P,5k2/1b3pp1/p4n1p/1p2RP2/7B/1B6/PPPr2PP/6K1 w - - 1 23,h4f2 d2f2 g1f2 f6g4 f2e2 g4e5,2100,76,95,7575,attraction crushing endgame fork long sacrifice,https://lichess.org/bhZSTQzM#45,,3,"(2000, 2100]",False,bhZSTQzM,1. d4 e6 2. Nc3 d5 3. e4 Nf6 4. Bg5 dxe4 5. Nxe4 Nbd7 6. Nxf6+ Nxf6 7. Nf3 c5 8. dxc5 Qxd1+ 9. Rxd1 Bxc5 10. Bb5+ Ke7 11. O-O a6 12. Ba4 b5 13. Bb3 Bb7 14. Ne1 Rhd8 15. Nd3 Bd6 16. f4 Rac8 17. f5 h6 18. Bh4 e5 19. Rfe1 Kf8 20. Nxe5 Bxe5 21. Rxd8+ Rxd8 22. Rxe5 Rd2
QHmeB,r5kq/1b1NQ3/1p2p1p1/p6P/3P1nP1/2P2r2/P4P1R/R3K3 w Q - 3 27,h5g6 f4d3 e1d2 h8h2 d7f6 f3f6,2065,84,81,31,advantage long middlegame pin,https://lichess.org/NIkcmil5#53,,3,"(2000, 2100]",False,NIkcmil5,1. e4 c5 2. Nf3 Nc6 3. c3 e6 4. d4 cxd4 5. cxd4 Bb4+ 6. Nc3 Nf6 7. Bd3 a5 8. Qc2 O-O 9. e5 Bxc3+ 10. bxc3 Nd5 11. Bxh7+ Kh8 12. Bg5 f6 13. exf6 Nxf6 14. Qg6 Ne7 15. Bxf6 Rxf6 16. Qd3 g6 17. Ne5 Kxh7 18. Qh3+ Kg7 19. g4 Qh8 20. Qg3 b6 21. h4 Bb7 22. Rh2 d6 23. Nd7 Rf3 24. Qxd6 Nd5 25. h5 Nf4 26. Qe7+ Kg8
JxKAE,1k3r2/pp6/2p2r2/3pR3/3P1N2/6QP/Pq4P1/5RK1 w - - 0 33,f4e6 f6f1 g1h2 b2f2 g3f2 f8f2,2115,102,100,28,advantage long middlegame,https://lichess.org/mjMI24w9#65,,3,"(2100, 2200]",False,mjMI24w9,1. e4 e6 2. Nc3 d5 3. exd5 exd5 4. d4 Nc6 5. Bb5 Bd7 6. Bxc6 Bxc6 7. Bf4 Nf6 8. Nf3 Bd6 9. Bxd6 Qxd6 10. Qe2+ Ne4 11. O-O O-O-O 12. Ne5 f6 13. Nxc6 Qxc6 14. Nxe4 Rde8 15. Qg4+ Kb8 16. Nc3 h5 17. Qg6 Qd7 18. Rae1 Ref8 19. Re3 Rh6 20. Qg3 g5 21. Qh3 g4 22. Qh4 f5 23. Re5 c6 24. Qg5 Rhf6 25. Ne2 f4 26. f3 Qh7 27. fxg4 hxg4 28. Qxg4 Rh8 29. h3 Rg8 30. Qf3 Qxc2 31. Nxf4 Rgf8 32. Qg3 Qxb2
KXgrS,5r1k/p5pp/3p1r2/2pBp1q1/2P5/1PQ3P1/P2N1n1P/2B1KR2 b - - 8 25,g5g4 d5f3 f6f3 d2f3 f8f3 f1f2,2165,77,84,196,advantage long middlegame,https://lichess.org/6E0GbXkQ/black#50,,3,"(2100, 2200]",False,6E0GbXkQ,1. c4 e5 2. Nc3 Nf6 3. b3 Bb4 4. Bb2 Bxc3 5. Bxc3 d6 6. Nf3 c5 7. d3 Nc6 8. g3 Nd4 9. Bg2 Bg4 10. Nd2 Bxe2 11. Qc1 Bxd3 12. Bxb7 Rb8 13. Bg2 O-O 14. Bb2 Nc2+ 15. Kd1 Nxa1 16. Bxa1 Ng4 17. Ke1 f5 18. Qc3 Be4 19. f3 Qg5 20. fxe4 fxe4 21. Bxe4 Rf6 22. Bb2 Nf2 23. Bd5+ Kh8 24. Rf1 Rbf8 25. Bc1
bqVlW,6k1/6pp/5p2/2bPp3/p1P1B3/1b2NKPP/3q4/QR6 w - - 3 35,b1e1 c5e3 e1e3 b3d1 a1d1 d2d1,2181,83,91,1993,crushing long master masterVsMaster middlegame,https://lichess.org/Qfpi80MO#69,,3,"(2100, 2200]",False,Qfpi80MO,1. g3 d5 2. Bg2 c6 3. Nf3 Bg4 4. O-O Nd7 5. c4 e6 6. Qc2 Bd6 7. b3 Ne7 8. h3 Bh5 9. Bb2 O-O 10. d3 f6 11. Nbd2 a5 12. a3 Bf7 13. e4 e5 14. exd5 cxd5 15. Nh4 Rc8 16. Qd1 Be6 17. Re1 Qb6 18. d4 dxc4 19. d5 Bf7 20. Nxc4 Rxc4 21. bxc4 Qxb2 22. Rb1 Qxa3 23. Rxb7 Nc5 24. Rb6 Nc8 25. Rc6 Be8 26. Rxc8 Ba4 27. Rxf8+ Bxf8 28. Qa1 Qb4 29. Nf5 Nd3 30. Rb1 Bb3 31. Ne3 a4 32. Be4 Nxf2 33. Kxf2 Qd2+ 34. Kf3 Bc5
xMhx9,r1b1k2r/ppp2pp1/2p5/2P1q3/2B1P1p1/2N5/PPP2PP1/R1BQ1RK1 w kq - 0 12,f2f4 e5c5 f1f2 g4g3 d1f3 g3f2,2156,75,93,8545,advancedPawn crushing fork long middlegame,https://lichess.org/2vQJmEyH#23,Russian_Game Russian_Game_Stafford_Gambit,3,"(2100, 2200]",False,2vQJmEyH,1. e4 e5 2. Nf3 Nf6 3. Nxe5 Nc6 4. Nxc6 dxc6 5. Nc3 Bc5 6. Bc4 Ng4 7. O-O Qh4 8. h3 h5 9. d4 Qf6 10. dxc5 Qe5 11. hxg4 hxg4
Emrov,r3k2r/ppp1qp2/2npbn1p/6p1/1bB1P3/1QN2NB1/PP3PPP/R4RK1 b kq - 3 12,e8c8 c3d5 e6d5 e4d5 c6e5 b3b4,2105,83,91,6881,advantage long middlegame,https://lichess.org/oapJ2nhj/black#24,Scotch_Game Scotch_Game_Goring_Gambit,3,"(2100, 2200]",False,oapJ2nhj,1. e4 e5 2. Nf3 Nc6 3. d4 exd4 4. c3 dxc3 5. Nxc3 Nf6 6. Bg5 Bb4 7. Qb3 Qe7 8. Bd3 h6 9. Bh4 g5 10. Bg3 d6 11. O-O Be6 12. Bc4
6ADKE,4rrk1/p7/3p1PpQ/1p1N3b/2p5/P5qP/1PP5/1K3R2 b - - 0 27,e8e1 b1a2 f8f7 d5e7 f7e7 f6e7,2236,76,95,174,advancedPawn crushing defensiveMove exposedKing long middlegame,https://lichess.org/KeIJsZsU/black#54,,3,"(2200, 2300]",False,KeIJsZsU,1. e4 e5 2. Nf3 Nc6 3. d4 exd4 4. Nxd4 Nxd4 5. Qxd4 c5 6. Qd3 d6 7. Nc3 Nf6 8. Bg5 Be7 9. O-O-O O-O 10. Be2 h6 11. Bh4 Qe8 12. Kb1 Nh7 13. Bxe7 Qxe7 14. f4 Nf6 15. g4 Nxg4 16. Bxg4 Bxg4 17. Rdg1 Bh5 18. Rg3 Qh4 19. Rhg1 g6 20. h3 Qxf4 21. Nd5 Qe5 22. Rf1 f5 23. exf5 Rae8 24. a3 b5 25. f6 c4 26. Qd2 Qxg3 27. Qxh6
O5k1D,r7/pp2P2k/6p1/3Pp3/1q3n2/1p2Q3/PPP2P1P/R4RK1 w - - 0 27,e3b3 b4e4 f2f3 e4e2 f1f2 f4h3,2287,78,96,357,advantage endgame long,https://lichess.org/qQ1BzciX#53,,3,"(2200, 2300]",False,qQ1BzciX,1. e4 e5 2. Nc3 d6 3. Nf3 Be7 4. d4 Nd7 5. dxe5 dxe5 6. Bc4 c6 7. O-O Ngf6 8. Bg5 Qc7 9. Nh4 g6 10. Nf3 h6 11. Be3 O-O 12. Bxh6 Re8 13. Ng5 Rd8 14. Nxf7 Kh7 15. Nxd8 Kxh6 16. Ne6 Qa5 17. Qf3 Qb4 18. Qh3+ Nh5 19. Bb3 Nf6 20. g4 c5 21. Qe3+ Nf4 22. g5+ Kh7 23. gxf6 c4 24. fxe7 Bxe6 25. Nd5 Bxd5 26. exd5 cxb3
tZIBN,8/1p4p1/8/P2N4/1P2K1kp/2P5/6n1/8 w - - 0 39,b4b5 h4h3 a5a6 h3h2 a6a7 h2h1q,2208,94,85,23,advancedPawn crushing endgame knightEndgame long promotion,https://lichess.org/dDlOZWyk#77,,3,"(2200, 2300]",False,dDlOZWyk,1. e4 e5 2. Nf3 Nc6 3. Bc4 Nf6 4. Nc3 Bc5 5. O-O d6 6. h3 Be6 7. Bxe6 fxe6 8. d3 O-O 9. Bg5 Qd7 10. a3 Rf7 11. Nh2 Raf8 12. Kh1 h6 13. Be3 Bb6 14. Bxb6 axb6 15. f4 Nh7 16. f5 exf5 17. exf5 Rxf5 18. Qg4 Rxf1+ 19. Rxf1 Qxg4 20. hxg4 Rxf1+ 21. Nxf1 Nf6 22. Ne3 Kf7 23. b4 Nd4 24. Kh2 Kg6 25. Kg3 Kg5 26. Ne4+ Nxe4+ 27. dxe4 c6 28. c3 Ne2+ 29. Kf3 Nf4 30. Nc4 d5 31. exd5 cxd5 32. Nxb6 e4+ 33. Kf2 Nd3+ 34. Ke3 Kxg4 35. Nxd5 Ne1 36. Kxe4 Nxg2 37. a4 h5 38. a5 h4
yEiBw,2k3r1/1ppr4/p3pBp1/P2pPn1p/1P3Q2/8/2q2PPP/R3R1K1 b - - 1 23,c2c6 e1c1 c6b5 f4d2 b7b6 a5b6,2205,123,79,17,advantage long middlegame pin,https://lichess.org/Jmc1UK54/black#46,,3,"(2200, 2300]",False,Jmc1UK54,1. e4 e5 2. Nf3 Nc6 3. d4 exd4 4. Nxd4 Nxd4 5. Qxd4 Qf6 6. e5 Qb6 7. Qf4 d6 8. Bc4 Be6 9. Bxe6 fxe6 10. O-O O-O-O 11. Nc3 d5 12. a4 Bc5 13. a5 Qc6 14. Na4 Nh6 15. Nxc5 Qxc5 16. b4 Qxc2 17. Be3 a6 18. Qd4 Nf5 19. Qg4 g6 20. Bg5 Rd7 21. Bf6 Rg8 22. Rfe1 h5 23. Qf4
nnCjC,8/7p/5pp1/1p1k2P1/1P3P1P/3K4/8/8 b - - 0 52,f6g5 h4g5 d5e6 d3e4 e6d6 e4d4,2271,75,78,108,crushing defensiveMove endgame long pawnEndgame zugzwang,https://lichess.org/LY8IDisx/black#104,,3,"(2200, 2300]",False,LY8IDisx,1. d4 Nf6 2. Bf4 e6 3. e3 d5 4. Nf3 c5 5. c3 Nc6 6. Nbd2 Qb6 7. b3 cxd4 8. cxd4 Bb4 9. Bd3 O-O 10. O-O Re8 11. Ne5 Nxe5 12. Bxe5 Nd7 13. Nf3 Bd6 14. Qe2 Nxe5 15. Nxe5 Qc7 16. Qh5 g6 17. Qf3 Bxe5 18. dxe5 Qxe5 19. Rac1 Bd7 20. a4 Rac8 21. Qe2 d4 22. e4 a6 23. b4 b5 24. axb5 axb5 25. Qg4 Rc3 26. Rxc3 dxc3 27. Bc2 Qd4 28. Rd1 Qa7 29. e5 Qa2 30. Qd4 Qxc2 31. Qxd7 Ra8 32. h3 Qb2 33. Qc6 Ra1 34. Rxa1 Qxa1+ 35. Kh2 c2 36. Qxc2 Qxe5+ 37. g3 Qd6 38. Qc8+ Qf8 39. Qc3 Qg7 40. Qc8+ Qf8 41. Qc3 Qd6 42. Qc8+ Kg7 43. Qc3+ e5 44. f4 Qd4 45. Qxd4 exd4 46. Kg2 Kf6 47. Kf3 Kf5 48. g4+ Ke6 49. Ke4 d3 50. Kxd3 Kd5 51. h4 f6 52. g5
o3d9K,2B1b3/8/2p4k/1pPp2pp/p2Pp1PP/P3P1K1/1P6/8 b - - 2 34,h6g6 h4g5 g6g5 g4h5 g5h5 g3f4,2329,86,91,1750,bishopEndgame crushing endgame long,https://lichess.org/FaoVJ64w/black#68,,3,"(2300, 2400]",False,FaoVJ64w,1. d4 d5 2. Nf3 e6 3. c4 f5 4. h3 Nf6 5. Nc3 c6 6. Bg5 Be7 7. Ne5 O-O 8. e3 Ne4 9. Bxe7 Qxe7 10. Nxe4 fxe4 11. Be2 Qh4 12. O-O Nd7 13. Nxd7 Bxd7 14. f3 Qg3 15. Qe1 Qxe1 16. Raxe1 exf3 17. Rxf3 b5 18. c5 a5 19. Ref1 Rxf3 20. Rxf3 Rf8 21. Rxf8+ Kxf8 22. Kf2 Kf7 23. Kg3 Kf6 24. Kf4 g5+ 25. Kg3 e5 26. Bg4 Be8 27. Bc8 h5 28. Kf3 e4+ 29. Kg3 Kg6 30. h4 Kf6 31. a3 a4 32. Kh3 Kg6 33. g4 Kh6 34. Kg3
FmABu,8/1p6/p1pk4/P2p4/3P4/1PP1K3/8/8 b - - 2 44,c6c5 e3f4 c5d4 c3d4 d6c6 f4e5,2369,80,79,50,crushing endgame long pawnEndgame,https://lichess.org/tFqQy6dG/black#88,,3,"(2300, 2400]",False,tFqQy6dG,1. e4 e6 2. d4 d5 3. exd5 exd5 4. Nf3 Bd6 5. Be2 Nf6 6. O-O c6 7. Be3 Bf5 8. c3 Nbd7 9. Nbd2 O-O 10. a3 Re8 11. Re1 Qc7 12. h3 Re7 13. Nf1 Rae8 14. Qd2 Ne4 15. Qd1 Bf4 16. Bxf4 Qxf4 17. Bd3 Ng5 18. Bxf5 Qxf5 19. Rxe7 Rxe7 20. Nxg5 Qxg5 21. Qf3 Nf6 22. Ne3 Re4 23. Re1 Rf4 24. Qe2 Ne4 25. Ng4 h5 26. f3 hxg4 27. fxe4 Rxe4 28. Qf2 Rxe1+ 29. Qxe1 gxh3 30. g3 Kf8 31. Kh2 Qf5 32. Qe2 g5 33. a4 g4 34. a5 Qf3 35. Qxf3 gxf3 36. Kxh3 a6 37. g4 Kg7 38. Kg3 Kg6 39. Kxf3 f5 40. Kf4 fxg4 41. Kxg4 Kf6 42. Kf4 Ke6 43. b3 Kd6 44. Ke3
xAiWS,7r/5pk1/3p1b2/1p2P1q1/3p4/PQ1B4/1P3p2/5K1R w - - 6 46,e5f6 g7f6 d3h7 g5c1 f1f2 c1h1,2314,97,87,36,advantage endgame exposedKing long skewer,https://lichess.org/rkkCbqJ5#91,,3,"(2300, 2400]",False,rkkCbqJ5,1. e4 c5 2. Nf3 d6 3. d4 cxd4 4. Nxd4 Nf6 5. Nc3 a6 6. Be2 e5 7. Nb3 Be7 8. Bg5 Be6 9. Bxf6 Bxf6 10. Qd3 O-O 11. Rd1 Be7 12. Nd5 Bxd5 13. Qxd5 Nc6 14. c3 Qc7 15. O-O Rad8 16. Rd3 Bf6 17. Rfd1 b5 18. Nd2 Ne7 19. Qb3 Qc6 20. Bf3 Nc8 21. c4 Nb6 22. cxb5 axb5 23. Rc3 Qe8 24. Rc7 Na4 25. Nb1 Nc5 26. Qd5 Ne6 27. Rb7 Nd4 28. Nc3 Rb8 29. Rxb8 Qxb8 30. Bg4 Qb6 31. Ne2 Qc5 32. Nxd4 exd4 33. Be2 Rb8 34. Qb3 g6 35. g3 Kg7 36. a3 h5 37. h4 Qe5 38. Bd3 g5 39. hxg5 Qxg5 40. Kg2 h4 41. Rh1 hxg3 42. e5 gxf2+ 43. Kf1 Qc1+ 44. Kg2 Qg5+ 45. Kf1 Rh8
wZJLX,8/B2k1N2/3p1b2/p2Pp1pP/1p2P1P1/1P3P2/b4K2/8 w - - 1 40,a7b6 a5a4 b6e3 a2b3 e3d2 b3d5,2389,82,85,87,crushing endgame long,https://lichess.org/N7TdrtdL#79,,3,"(2300, 2400]",False,N7TdrtdL,1. d4 Nf6 2. c4 g6 3. Nc3 Bg7 4. e4 d6 5. Be2 O-O 6. Bg5 h6 7. Be3 e5 8. d5 Nbd7 9. h4 Nc5 10. Qc2 a5 11. h5 g5 12. f3 Bd7 13. g4 c6 14. Nh3 cxd5 15. cxd5 Qe7 16. Nf2 Rfc8 17. Qd2 Na4 18. Nxa4 Bxa4 19. b3 Bd7 20. O-O b5 21. Rac1 b4 22. Rxc8+ Rxc8 23. Rc1 Qd8 24. Ba6 Rxc1+ 25. Qxc1 Ne8 26. Kg2 Bf6 27. Qc4 Qc7 28. Nd3 Bd8 29. Nb2 Kf8 30. Kg3 Ke7 31. Kf2 Qxc4 32. Bxc4 Nc7 33. Nd1 Nb5 34. Bxb5 Bxb5 35. Ba7 Kd7 36. Ne3 Bd3 37. Nf5 Bb1 38. Nxh6 Bxa2 39. Nxf7 Bf6
tlpDV,8/8/3n2p1/3k1p1p/p2P3P/P2K1PP1/1B6/8 w - - 6 40,d3c3 f5f4 g3f4 d6f5 c3d3 f5h4,2360,75,93,1795,crushing endgame long,https://lichess.org/vtZHDffD#79,,3,"(2300, 2400]",False,vtZHDffD,1. e4 c6 2. d4 d5 3. Nc3 dxe4 4. Nxe4 Nf6 5. Nxf6+ exf6 6. c3 f5 7. Nf3 g6 8. Bc4 Bg7 9. Qe2+ Qe7 10. Qxe7+ Kxe7 11. O-O b5 12. Re1+ Be6 13. Bb3 Bf6 14. Bf4 Re8 15. Re2 a5 16. Rae1 Kf8 17. Bxe6 Rxe6 18. Rxe6 fxe6 19. Rxe6 Kf7 20. Re1 Nd7 21. Ng5+ Bxg5 22. Bxg5 Re8 23. Rxe8 Kxe8 24. Kf1 Kf7 25. Ke2 Ke6 26. Kd3 c5 27. Bf4 c4+ 28. Ke3 b4 29. h4 h5 30. f3 Nb6 31. g3 Nd5+ 32. Kd2 a4 33. cxb4 Nxb4 34. a3 Nd5 35. Ke2 c3 36. bxc3 Nxc3+ 37. Kd3 Nb5 38. Bc1 Kd5 39. Bb2 Nd6
y05Ry,r4rk1/1b3ppp/1p2pq2/8/1p1P1n2/5NN1/PPB2PKP/R2QR3 w - - 1 20,g2g1 f4h3 g1g2 f6f3 d1f3 h3f4,2479,97,67,30,advantage discoveredAttack kingsideAttack long middlegame pin sacrifice,https://lichess.org/DoxouJJK#39,,3,"(2400, 2500]",False,DoxouJJK,1. d4 Nf6 2. e3 d5 3. c4 c5 4. Nf3 e6 5. cxd5 Nxd5 6. Bc4 cxd4 7. exd4 Bb4+ 8. Bd2 a5 9. Bxb4 axb4 10. O-O O-O 11. Bb3 Nc6 12. Nbd2 b6 13. Re1 Nce7 14. Bc2 Bb7 15. Nf1 Nf4 16. Ng3 Ned5 17. Qd2 Qf6 18. Qd1 Nxg2 19. Kxg2 Nf4+
wTdzU,5bnr/ppkr1Npp/2n1Q3/q3P3/8/P3B3/1P2KPPP/R4B1R w - - 3 18,f7h8 a5a6 e2f3 c6d4 e3d4 a6e6,2467,78,92,1756,advantage discoveredAttack fork long middlegame,https://lichess.org/LsbSbTcF#35,Sicilian_Defense Sicilian_Defense_Smith-Morra_Gambit,3,"(2400, 2500]",False,LsbSbTcF,1. e4 c5 2. d4 cxd4 3. c3 Nc6 4. cxd4 d5 5. e5 Bf5 6. a3 Qb6 7. Nf3 Be4 8. Nbd2 O-O-O 9. Nxe4 dxe4 10. Ng5 Rxd4 11. Qg4+ e6 12. Nxf7 Qa5+ 13. Ke2 Qb5+ 14. Ke1 e3 15. Qxe6+ Kc7 16. Bxe3 Qa5+ 17. Ke2 Rd7
OX7CC,3r2k1/1p3pp1/pP3np1/q2p4/P2QnN2/4PNP1/2R2PP1/6K1 b - - 0 24,d8d6 c2c8 g8h7 f4h3 a5e1 f3e1,2415,85,91,96,crushing long master masterVsMaster middlegame quietMove,https://lichess.org/59U3YOts/black#48,,3,"(2400, 2500]",False,59U3YOts,1. d4 d5 2. c4 e6 3. Nc3 Nf6 4. cxd5 exd5 5. Nf3 c6 6. Bf4 Bd6 7. Bg3 Bf5 8. e3 O-O 9. Bd3 Bg6 10. O-O Bxg3 11. hxg3 Nbd7 12. b4 Re8 13. b5 c5 14. Bxg6 hxg6 15. dxc5 Nxc5 16. Rc1 Nce4 17. Qd4 Qb6 18. a4 Rec8 19. Ne2 Qa5 20. Nf4 Rd8 21. Rc2 a6 22. b6 Rac8 23. Rfc1 Rxc2 24. Rxc2
0TYAt,8/4k1B1/7P/5BK1/3p4/6P1/4q3/8 b - - 4 49,d4d3 h6h7 e2e3 g5h4 e3f3 g7f8,2468,99,82,50,endgame master,https://lichess.org/hH2y60Wf/black#98,,3,"(2400, 2500]",False,hH2y60Wf,1. d4 Nf6 2. c4 e6 3. Nc3 Bb4 4. e3 c5 5. a3 cxd4 6. axb4 dxc3 7. bxc3 d5 8. Nf3 O-O 9. Be2 dxc4 10. Qxd8 Rxd8 11. Bxc4 b6 12. Ke2 Bb7 13. Bb2 Nc6 14. Rhd1 Kf8 15. Bb3 Ne4 16. Ne1 a5 17. b5 Na7 18. f3 Nc5 19. Bc4 Bd5 20. Bd3 Bb3 21. Rd2 e5 22. Ba3 Rdc8 23. Rb1 Be6 24. Be4 Rab8 25. Nd3 f5 26. Nxc5 bxc5 27. Bd3 Kf7 28. c4 e4 29. fxe4 fxe4 30. Bxe4 Bxc4+ 31. Kf2 Nxb5 32. Bb2 Rd8 33. Rbd1 Rxd2+ 34. Rxd2 Re8 35. Rd7+ Re7 36. Rxe7+ Kxe7 37. Bxg7 a4 38. Bxh7 a3 39. h4 a2 40. h5 Nd4 41. exd4 a1=Q 42. h6 cxd4 43. g3 Qa2+ 44. Kf3 Bg8 45. Bf5 Qf7 46. Kg4 Bh7 47. Bxh7 Qe6+ 48. Bf5 Qe2+ 49. Kg5
yJrNQ,2R5/r4k1p/5ppP/3P4/p7/1b3N2/1r3PP1/2R3K1 b - - 0 34,a4a3 c8h8 a3a2 h8h7 f7g8 h7a7,2492,80,94,589,advantage endgame long skewer,https://lichess.org/hJTWl2Ms/black#68,,3,"(2400, 2500]",False,hJTWl2Ms,1. d4 g6 2. h4 Bg7 3. h5 e6 4. h6 Bf8 5. Nf3 d5 6. Bg5 Be7 7. Bxe7 Nxe7 8. Nc3 a6 9. e4 c6 10. Bd3 Bd7 11. Qe2 b5 12. a3 a5 13. O-O Na6 14. exd5 Nxd5 15. Nxd5 cxd5 16. a4 O-O 17. axb5 Nb4 18. c3 Nxd3 19. Qxd3 Qb6 20. Rfe1 Bxb5 21. Qe3 a4 22. Qe5 f6 23. Qxe6+ Qxe6 24. Rxe6 Bc4 25. Rb6 Ra7 26. Nd2 Bd3 27. Rb4 Re8 28. Nf3 Bc2 29. c4 dxc4 30. Rxc4 Bb3 31. Rc5 Re2 32. Rc8+ Kf7 33. Rac1 Rxb2 34. d5
g5x57,8/8/K1k2p2/1p2p1p1/1Pn1P1P1/P5P1/8/6B1 w - - 15 62,a3a4 b5a4 b4b5 c6d7 g1f2 a4a3,2555,80,100,73,crushing endgame long,https://lichess.org/4g1nFTmp#123,,3,"(2500, 2600]",False,4g1nFTmp,1. d4 Nf6 2. c4 e6 3. Nf3 d5 4. g3 Be7 5. Bg2 O-O 6. O-O dxc4 7. Qc2 a6 8. Qxc4 b5 9. Qc2 Bb7 10. Nc3 Nbd7 11. Bf4 Rc8 12. Rad1 c5 13. dxc5 Bxc5 14. Qb1 Qe7 15. a3 Nb6 16. Be5 Nfd5 17. Ne4 Nc4 18. Nxc5 Rxc5 19. Bd4 Rcc8 20. e4 Nf6 21. Ne5 Nxe5 22. Bxe5 Rfd8 23. Rxd8+ Rxd8 24. Rc1 Rc8 25. Rxc8+ Bxc8 26. Qc2 Bb7 27. f3 Qd7 28. Qc7 Qxc7 29. Bxc7 Ne8 30. Bb8 Kf8 31. Kf2 Ke7 32. Ke3 Nd6 33. b3 e5 34. Bf1 f6 35. Kd3 Kd7 36. Kc3 Nf7 37. Bh3+ Kd8 38. Ba7 Ng5 39. Bb6+ Ke7 40. Bc5+ Ke8 41. Bg2 Ne6 42. Be3 g5 43. Bh3 Ke7 44. Bf5 h5 45. Bg6 h4 46. Bf5 hxg3 47. hxg3 Kd6 48. Bg4 Ng7 49. Kb4 Ne6 50. Ka5 Nd4 51. Kb6 Bc6 52. b4 Bd7 53. Kxa6 Bxg4 54. fxg4 Kc6 55. Bc1 Ne2 56. Be3 Nc3 57. Bg1 Na4 58. Bf2 Nc3 59. Bg1 Na4 60. Be3 Nb2 61. Bg1 Nc4
E1NAq,3r2k1/1p1P1pbp/6p1/n7/1pq5/6Pb/PP1Q1P1P/3RR1K1 b - - 0 23,a5c6 e1e8 g7f8 d2d6 g8g7 d6f8,2520,103,90,828,advantage kingsideAttack long middlegame pin,https://lichess.org/CRWccz5l/black#46,,3,"(2500, 2600]",False,CRWccz5l,1. d4 Nf6 2. Nf3 d5 3. g3 g6 4. Bg2 Bg7 5. O-O O-O 6. c4 c5 7. cxd5 cxd4 8. Nxd4 Nxd5 9. Nb5 a6 10. Bxd5 axb5 11. Na3 b4 12. Nc4 Nc6 13. Be3 Bh3 14. Bb6 Qc8 15. Re1 Ra6 16. Qd2 Rxb6 17. Nxb6 Qc7 18. Nc4 Rd8 19. e4 e6 20. Rad1 exd5 21. exd5 Na5 22. d6 Qxc4 23. d7
dF4Ye,4rr1k/pbQp2p1/1p5p/n3Nn1q/2B2P2/8/PBP3PP/R3R1K1 b - - 2 20,b7g2 c4e2 h5h3 e2g4 e8e5 g4h3,2584,106,89,205,advantage long master middlegame,https://lichess.org/6Padjdbs/black#40,,3,"(2500, 2600]",False,6Padjdbs,1. d4 e6 2. e4 b6 3. Nc3 Bb7 4. Nf3 Bb4 5. Bd3 Ne7 6. O-O O-O 7. Qe2 Bxc3 8. bxc3 f5 9. c4 Nbc6 10. Bb2 Qe8 11. Rfe1 Qh5 12. d5 fxe4 13. Qxe4 Na5 14. Ng5 Nf5 15. f4 h6 16. Nf3 Rae8 17. Qe5 exd5 18. Qxc7 dxc4 19. Bxc4+ Kh8 20. Ne5
gfwL9,r1bq1bnr/pppp3p/5k2/n3N1p1/3PPp1P/8/PPP3P1/RNBQK2R b KQ - 0 8,d7d6 d1h5 d6e5 h5g5 f6f7 g5d8,2528,105,91,1479,crushing long middlegame sacrifice skewer,https://lichess.org/jmWZecZ2/black#16,Kings_Gambit_Accepted Kings_Gambit_Accepted_MacLeod_Defense,3,"(2500, 2600]",False,jmWZecZ2,1. e4 e5 2. f4 Nc6 3. Nf3 exf4 4. d4 g5 5. Bc4 Na5 6. Bxf7+ Kxf7 7. Ne5+ Kf6 8. h4
y2J2Y,R1b2r1k/1pQ5/3P2p1/2PB1p2/8/4q1P1/7P/6K1 w - - 0 31,g1g2 f5f4 c7c8 f4f3 d5f3 e3f3,2530,92,91,1357,crushing endgame long sacrifice,https://lichess.org/q0KOWaVH#61,,3,"(2500, 2600]",False,q0KOWaVH,1. d4 Nf6 2. c4 g6 3. Nf3 Bg7 4. g3 O-O 5. Bg2 d6 6. O-O Nc6 7. Nc3 e5 8. d5 Ne7 9. e4 Nd7 10. Nh4 a5 11. b3 Nc5 12. a3 f5 13. exf5 gxf5 14. Bg5 Qe8 15. b4 axb4 16. axb4 Rxa1 17. Qxa1 Na6 18. Nb5 Bd7 19. Qa5 Bf6 20. Bxf6 Rxf6 21. Nxc7 Nxc7 22. Qxc7 Bc8 23. c5 dxc5 24. d6 Ng6 25. Bd5+ Kh8 26. Nxg6+ hxg6 27. bxc5 e4 28. Ra1 Rf8 29. Ra8 e3 30. fxe3 Qxe3+
81MiP,8/5b2/1p1k1P2/p2p4/1P1K4/P1P2B1p/8/8 b - - 3 47,d6e6 b4a5 b6a5 f3g4 e6f6 g4h3,2659,82,85,50,advantage bishopEndgame endgame long master,https://lichess.org/7PognPUD/black#94,,3,"(2600, 2700]",False,7PognPUD,1. e4 Nf6 2. e5 Nd5 3. Nc3 c6 4. Nxd5 cxd5 5. d4 Nc6 6. Bf4 d6 7. exd6 e6 8. Nf3 Bxd6 9. Bxd6 Qxd6 10. c3 O-O 11. Bd3 e5 12. dxe5 Nxe5 13. Nxe5 Qxe5+ 14. Qe2 Re8 15. Qxe5 Rxe5+ 16. Kd2 Bd7 17. Rae1 Rae8 18. Rxe5 Rxe5 19. Re1 Rxe1 20. Kxe1 h6 21. Kd2 Kf8 22. Ke3 Ke7 23. Kd4 Kd6 24. Be2 Bf5 25. Bf3 Be6 26. b4 b6 27. h4 f6 28. g3 g5 29. Bg2 Bf7 30. a3 Be6 31. f4 Bf7 32. Bf3 Be6 33. Bh5 Bg8 34. Bd1 Be6 35. Bb3 Bg8 36. hxg5 fxg5 37. f5 h5 38. Bd1 h4 39. gxh4 gxh4 40. Bg4 Bf7 41. f6 Bg6 42. Bh3 Bf7 43. Bg4 a5 44. Bh3 Be6 45. Bg2 h3 46. Bh1 Bf7 47. Bf3
bpbmz,3r1r1k/pp2qppp/2p5/4P1RP/4b3/1P2Q3/P1P2P2/1K4R1 b - - 1 25,e4d5 g5g7 f8g8 e3g3 f7f6 g7e7,2603,85,94,411,crushing long middlegame quietMove,https://lichess.org/TAYggBeb/black#50,,3,"(2600, 2700]",False,TAYggBeb,1. d4 e6 2. Nf3 d6 3. b3 c6 4. Bb2 Ne7 5. e4 Nd7 6. Bd3 Ng6 7. Nbd2 Be7 8. Qe2 O-O 9. h4 e5 10. h5 Nh4 11. dxe5 dxe5 12. Nxe5 Nxe5 13. Bxe5 Bf6 14. Bxf6 Qxf6 15. O-O-O Nxg2 16. Qg4 Nf4 17. Qf3 Nxd3+ 18. Qxd3 Bg4 19. Rdg1 Rad8 20. Qe3 Be6 21. Kb1 Kh8 22. e5 Qe7 23. Ne4 Bd5 24. Rg5 Bxe4 25. Rhg1
OvUop,b7/8/p2PKN2/7R/8/2P2k2/r6p/8 b - - 3 54,f3f4 d6d7 a2e2 e6f7 e2d2 h5h2,2640,96,91,571,advancedPawn advantage defensiveMove endgame long,https://lichess.org/R4bSqo5B/black#108,,3,"(2600, 2700]",False,R4bSqo5B,1. g3 d5 2. Bg2 c5 3. f4 Nc6 4. Nf3 e6 5. d3 Nf6 6. O-O Bd6 7. e3 O-O 8. Na3 a6 9. c3 Re8 10. Bd2 e5 11. fxe5 Nxe5 12. Nxe5 Bxe5 13. Nc2 Rb8 14. d4 cxd4 15. exd4 Bd6 16. Bg5 h6 17. Bxf6 gxf6 18. Qh5 Kh7 19. Bxd5 Be6 20. Rxf6 Qxf6 21. Be4+ Kg8 22. Rf1 Qg7 23. Ne3 Bg4 24. Nf5 Qg6 25. Qxg6+ fxg6 26. Nxd6 Re6 27. Bd5 Re8 28. Bxe6+ Rxe6 29. Nxb7 Re2 30. Rf2 Re1+ 31. Kg2 Re7 32. Nd6 Be6 33. h3 Bd5+ 34. Kh2 Re1 35. g4 Rh1+ 36. Kg3 Rg1+ 37. Kf4 Rh1 38. Ke5 Ba8 39. Nc8 Rxh3 40. Ne7+ Kg7 41. Rf4 Re3+ 42. Kd6 Re2 43. d5 Rxb2 44. Ra4 h5 45. Rf4 Rxa2 46. gxh5 gxh5 47. Rh4 Kh6 48. Ke6 Kg5 49. Re4 h4 50. Re5+ Kg4 51. d6 h3 52. Ng8 h2 53. Nf6+ Kf3 54. Rh5
6GSIF,8/5p2/R7/4pP1P/Pp6/1P2pk1n/2P5/5K2 w - - 1 47,a6d6 h3f4 d6d3 e5e4 d3e3 f3e3,2621,98,90,654,crushing endgame long,https://lichess.org/fix17HYI#93,,3,"(2600, 2700]",False,fix17HYI,1. e4 d5 2. exd5 Qxd5 3. Nc3 Qa5 4. Bc4 Nf6 5. Nge2 Bg4 6. h3 Bh5 7. d3 c5 8. Bg5 Nbd7 9. Qd2 Bxe2 10. Qxe2 a6 11. a4 b5 12. Bb3 e6 13. O-O b4 14. Nd5 Nxd5 15. Bxd5 Be7 16. Bxe7 Kxe7 17. Bxa8 Rxa8 18. f4 Rc8 19. b3 Qc7 20. Rae1 Kf8 21. f5 e5 22. f6 gxf6 23. Qh5 Ke7 24. Qxh7 Qd6 25. Re4 Nf8 26. Qf5 Rd8 27. h4 Qe6 28. h5 Qxf5 29. Rxf5 Ke6 30. g4 Nh7 31. Rc4 Rg8 32. Kf2 Kd5 33. Kg3 a5 34. Re4 Ke6 35. Rc4 Kd5 36. d4 cxd4 37. Rc7 Rf8 38. Ra7 Ke4 39. Rxa5 Rc8 40. Rf2 Rc3+ 41. Kg2 Ng5 42. Ra6 Nh3 43. Re2+ Re3 44. Rxe3+ dxe3 45. Kf1 f5 46. gxf5 Kf3
jFRsz,8/p6p/6p1/3k4/2p2PPP/4K3/P7/8 b - - 1 33,a7a5 g4g5 c4c3 e3d3 c3c2 d3c2,2607,88,83,61,crushing endgame long pawnEndgame quietMove,https://lichess.org/uhsbf9un/black#66,,3,"(2600, 2700]",False,uhsbf9un,1. d4 d5 2. c4 Nf6 3. Nc3 g6 4. Nf3 Bg7 5. cxd5 Nxd5 6. e4 Nxc3 7. bxc3 O-O 8. Rb1 c5 9. Be2 Qa5 10. Qd2 cxd4 11. cxd4 Qxd2+ 12. Bxd2 Nc6 13. d5 Ne5 14. Nxe5 Bxe5 15. O-O b6 16. f4 Bd4+ 17. Kh1 e6 18. Bc4 Bb7 19. dxe6 fxe6 20. Bxe6+ Kg7 21. Rbe1 Rae8 22. Bd5 Bxd5 23. exd5 Rxe1 24. Rxe1 Bf2 25. Re7+ Rf7 26. Rxf7+ Kxf7 27. Bb4 Bc5 28. Bxc5 bxc5 29. g4 Ke7 30. Kg2 Kd6 31. Kf3 Kxd5 32. h4 c4 33. Ke3
LtP4r,r3r1k1/1p2npb1/p1nR1Bp1/2R1P1Q1/1P2N1P1/q7/5P2/6K1 b - - 1 30,a3b4 f6g7 b4e4 g7f6 e7f5 g4f5,2707,93,95,434,advantage long master middlegame,https://lichess.org/Fnz9xSBn/black#60,,3,"(2700, 2800]",False,Fnz9xSBn,1. e4 c5 2. d4 cxd4 3. c3 dxc3 4. Nxc3 g6 5. Nf3 Bg7 6. Bc4 e6 7. O-O Ne7 8. Bg5 Nbc6 9. Qe2 O-O 10. e5 Qa5 11. Rfe1 h6 12. Bf6 Nf5 13. a3 a6 14. b4 Qc7 15. Rac1 d5 16. Bxd5 exd5 17. Nxd5 Qb8 18. Rc4 Be6 19. Rc5 Bxd5 20. Rxd5 Qc7 21. g4 Nfe7 22. Rc5 Qd7 23. h3 Rfe8 24. Rd1 Qc8 25. Qd2 h5 26. Qg5 hxg4 27. hxg4 Qe6 28. Rd6 Qb3 29. Nd2 Qxa3 30. Ne4
PARsM,r4r2/pp5k/3pp1q1/1Pp4p/P3Ppp1/3P1Q1P/2P2P1K/R4RN1 w - - 0 27,f3d1 f4f3 g1f3 f8f3 d1f3 g4f3,2740,84,86,267,crushing long middlegame,https://lichess.org/CgO5aVH5#53,,3,"(2700, 2800]",False,CgO5aVH5,1. e4 e5 2. Nf3 d6 3. Nc3 Nf6 4. Bc4 Be7 5. d3 O-O 6. h3 Be6 7. Bb3 c6 8. a4 Nbd7 9. Bxe6 fxe6 10. O-O Re8 11. Qe2 Nf8 12. Bg5 Ng6 13. b4 Nf4 14. Qd2 N6h5 15. Bxe7 Qxe7 16. b5 c5 17. Kh2 Qf6 18. g4 Qh6 19. gxh5 Qxh5 20. Ng1 g5 21. Qd1 Qg6 22. Qg4 h5 23. Qg3 Kh7 24. Nce2 Rf8 25. Nxf4 exf4 26. Qf3 g4
4GAjo,2r5/4Q3/1n3pkp/1p2p1p1/1P1qPPP1/p2P2P1/4B1K1/3R4 b - - 0 32,g5f4 g4g5 f4f3 e2f3 c8c2 g2h1,2754,86,93,301,advantage defensiveMove endgame long,https://lichess.org/am2G189z/black#64,,3,"(2700, 2800]",False,am2G189z,1. e4 e5 2. Nf3 Qf6 3. Nc3 c6 4. Be2 Bc5 5. O-O h6 6. a3 a5 7. d3 d6 8. Be3 g5 9. Bxc5 dxc5 10. Qd2 Be6 11. Nd1 Nd7 12. Ne3 Ne7 13. h3 Ng6 14. Ng4 Bxg4 15. hxg4 Nf4 16. b4 cxb4 17. axb4 a4 18. c4 b5 19. cxb5 cxb5 20. Bd1 O-O 21. Qb2 Rfc8 22. Rc1 Qd6 23. Rxc8+ Rxc8 24. g3 Ne6 25. Be2 f6 26. Rd1 Nd4 27. Nxd4 Qxd4 28. Qa2+ Kg7 29. Qe6 Nb6 30. Qe7+ Kg6 31. Kg2 a3 32. f4
YUjrS,1r4k1/p1Q4p/5p2/7P/1rb1P1p1/1P3q2/P1P5/1K1R3R b - - 1 26,c4e6 h1f1 b4b7 d1d8 b8d8 c7d8,2730,95,69,78,crushing long middlegame,https://lichess.org/3hbfbtwn/black#52,,3,"(2700, 2800]",False,3hbfbtwn,1. Nf3 d5 2. d4 Nf6 3. Nc3 c5 4. Ne5 cxd4 5. Qxd4 Nc6 6. Nxc6 bxc6 7. f3 Qc7 8. Bg5 e5 9. Qa4 Be7 10. Bxf6 Bxf6 11. Nxd5 Qb7 12. Nxf6+ gxf6 13. O-O-O Be6 14. e4 Rb8 15. b3 O-O 16. g4 Qb6 17. g5 fxg5 18. h4 Qe3+ 19. Kb1 Qxf3 20. Bd3 g4 21. h5 c5 22. Bc4 Rb4 23. Qc6 Bxc4 24. Qxc5 Rfb8 25. Qxe5 f6 26. Qc7
SBMVD,8/6p1/7p/p1k5/P3pP1P/2K3P1/8/8 b - - 0 39,g7g6 g3g4 c5d5 c3d2 d5d4 d2e2,2754,117,90,748,crushing defensiveMove endgame long pawnEndgame quietMove,https://lichess.org/CBwlDa8v/black#78,,3,"(2700, 2800]",False,CBwlDa8v,1. e4 c5 2. Nf3 a6 3. d4 cxd4 4. Nxd4 Nf6 5. Nc3 e5 6. Nb3 Bb4 7. Bd2 d5 8. Nxd5 Bxd2+ 9. Qxd2 Nxd5 10. Qxd5 Qxd5 11. exd5 Bf5 12. O-O-O Nd7 13. d6 Rc8 14. c3 O-O 15. Bd3 Bg4 16. f3 Be6 17. Be4 b5 18. Bd5 b4 19. Bxe6 fxe6 20. Rd3 Rfd8 21. Rhd1 bxc3 22. Rxc3 Rxc3+ 23. bxc3 Rc8 24. Kb2 Rc6 25. Na5 Rb6+ 26. Ka1 Rb5 27. Nb3 Rd5 28. Rxd5 exd5 29. Na5 Kf7 30. Kb2 Nc5 31. Nb3 Nxb3 32. Kxb3 Ke6 33. f4 e4 34. c4 Kxd6 35. cxd5 Kxd5 36. Kc3 Kc5 37. a4 a5 38. g3 h6 39. h4
aMijX,r6k/5Q1p/p1pN1p2/2P5/1P3qb1/P7/2rp1P1P/4RRK1 w - - 0 26,e1e4 a8g8 e4f4 g4h3 f7g8 h8g8 d6c4 h3f1,2007,196,82,11,advantage discoveredAttack discoveredCheck middlegame quietMove sacrifice veryLong,https://lichess.org/83rzT8HM#51,,4,"(2000, 2100]",False,83rzT8HM,1. d4 c5 2. dxc5 e6 3. g3 Nc6 4. Bg2 Bxc5 5. e3 Nf6 6. Ne2 d5 7. O-O O-O 8. Nd2 e5 9. a3 a6 10. b4 Ba7 11. Bb2 Re8 12. c4 d4 13. exd4 exd4 14. c5 d3 15. Nf4 Bb8 16. Bxf6 gxf6 17. Nc4 Bxf4 18. gxf4 Qd4 19. Nd6 Re2 20. Bf3 Rc2 21. Rc1 Qxf4 22. Bxc6 bxc6 23. Qh5 Bg4 24. Qxf7+ Kh8 25. Rce1 d2
gWGN4,3r3k/3bR3/p3p2P/1p6/8/P2Pr3/1P6/2K3R1 b - - 0 34,e3d3 g1g7 d8c8 c1b1 d3d1 b1a2 d1g1 g7g1,2066,80,86,46,crushing endgame quietMove veryLong,https://lichess.org/6IRj5vhc/black#68,,4,"(2000, 2100]",False,6IRj5vhc,1. d4 Nf6 2. g4 Nxg4 3. f3 Nf6 4. e4 d5 5. e5 Nfd7 6. Be3 e6 7. Nc3 c5 8. f4 a6 9. Qd2 cxd4 10. Bxd4 Nc6 11. Be3 Bb4 12. O-O-O O-O 13. a3 Bxc3 14. Qxc3 f6 15. Nf3 fxe5 16. Nxe5 Ndxe5 17. fxe5 Qh4 18. Bd4 Bd7 19. Be2 Rac8 20. Qd2 Nxd4 21. Qxd4 Qxd4 22. Rxd4 Rf5 23. Bd3 Rxe5 24. h4 Rf8 25. h5 Re3 26. Rb4 b5 27. h6 g6 28. Rg1 Kh8 29. Rbg4 Rc8 30. Bxg6 hxg6 31. Rxg6 d4 32. Rg7 Rd8 33. Re7 d3 34. cxd3
o5Xmz,1r6/p1k3p1/2pp4/2p1p1P1/4Pn2/2NP3Q/PPP2q2/2K4R w - - 3 25,h3h7 f4d3 c2d3 f2b2 c1d1 b2c3 h7g7 c7b6,2039,78,87,764,crushing defensiveMove endgame fork veryLong,https://lichess.org/8RW8dxos#49,,4,"(2000, 2100]",False,8RW8dxos,1. e4 c5 2. Nf3 Nc6 3. Bb5 d6 4. Bxc6+ bxc6 5. Nc3 e5 6. d3 Bg4 7. h3 Bh5 8. g4 Bg6 9. Nh4 Nf6 10. Nxg6 hxg6 11. Bg5 Be7 12. Qf3 Nh7 13. Bxe7 Qxe7 14. O-O-O Ng5 15. Qe3 Rb8 16. h4 Ne6 17. h5 Nf4 18. hxg6 Rxh1 19. Rxh1 Kd7 20. gxf7 Qxf7 21. Ne2 Ng2 22. Qh3 Qxf2 23. g5+ Kc7 24. Nc3 Nf4
rEdGn,2r3k1/5ppp/p2b1p2/q2P4/8/3Q3P/1PN2PP1/5RK1 w - - 2 27,f1a1 a5a1 c2a1 c8c1 d3f1 d6h2 g1h2 c1f1,2059,78,85,81,advantage endgame fork pin sacrifice veryLong,https://lichess.org/xt6K3qPD#53,,4,"(2000, 2100]",False,xt6K3qPD,1. e4 c5 2. Nf3 Nc6 3. Bc4 d6 4. O-O Nf6 5. d3 Bg4 6. Bg5 a6 7. Bxf6 exf6 8. h3 Bh5 9. Nbd2 Be7 10. Qe1 b5 11. Bd5 Rc8 12. Nh4 Nb4 13. Bb3 c4 14. dxc4 bxc4 15. a3 cxb3 16. axb4 bxc2 17. Rc1 Qb6 18. Ndf3 O-O 19. Qd2 Bxf3 20. Nxf3 d5 21. exd5 Bxb4 22. Qd3 Qc5 23. Ne1 Rfd8 24. Rxc2 Qa5 25. Rxc8 Rxc8 26. Nc2 Bd6
DO7ZK,3r2k1/p2r1p1p/2R1p1p1/q1P5/8/1P4P1/P1Q2P1P/2R3K1 w - - 1 24,c2c3 d7d1 g1g2 a5b5 c1d1 b5c6 f2f3 d8d1,2079,76,93,4920,crushing endgame veryLong,https://lichess.org/vg75aApc#47,,4,"(2000, 2100]",False,vg75aApc,1. e4 d5 2. exd5 Qxd5 3. Nc3 Qd8 4. d4 Nf6 5. Bc4 Bg4 6. Nge2 Bxe2 7. Bxe2 e6 8. O-O Bb4 9. Bg5 O-O 10. Ne4 Be7 11. Nxf6+ Bxf6 12. Bxf6 Qxf6 13. c3 Nc6 14. Bf3 Rab8 15. Bxc6 bxc6 16. b3 c5 17. dxc5 Qxc3 18. Rc1 Qa5 19. Qc2 Rfd8 20. Rfd1 c6 21. g3 g6 22. Rd6 Rb7 23. Rxc6 Rbd7
5nfOl,r7/p3Rnk1/1p1p1ppp/2pP4/2P2q2/2PB3Q/P1K5/8 b - - 0 31,a7a6 e7f7 g7f7 h3d7 f7f8 d3g6 f4e4 g6e4,2156,76,94,445,attraction crushing deflection endgame sacrifice veryLong,https://lichess.org/vmwt9Y5f/black#62,,4,"(2100, 2200]",False,vmwt9Y5f,1. c4 g6 2. d4 Bg7 3. e4 Nc6 4. d5 Nd4 5. Nc3 c5 6. Be3 e5 7. f4 d6 8. fxe5 Bxe5 9. Nf3 Bg4 10. Be2 Bxf3 11. gxf3 Qh4+ 12. Bf2 Qf6 13. Qa4+ Kf8 14. Bxd4 Bxd4 15. Qb3 Kg7 16. O-O-O Bxc3 17. bxc3 Nh6 18. Rhf1 Qf4+ 19. Kc2 Rhb8 20. Qa4 f6 21. Qd7+ Nf7 22. Rb1 b6 23. Rg1 Qxh2 24. Rbe1 Qe5 25. Rh1 Qe8 26. Qh3 h6 27. f4 Qxe4+ 28. Bd3 Qxf4 29. Re7 Re8 30. Rhe1 Rxe7 31. Rxe7
Bl3sR,r3r1k1/1Q5p/p2pq1p1/8/8/2P2P2/PP4P1/2K2R1R w - - 0 24,h1h7 e6e3 c1c2 e3e2 c2b3 e8b8 h7g7 g8f8,2166,75,91,3247,advantage endgame pin veryLong,https://lichess.org/kWaSl53K#47,,4,"(2100, 2200]",False,kWaSl53K,1. e4 c5 2. Nf3 Nc6 3. d4 cxd4 4. Nxd4 d6 5. Nc3 g6 6. Be3 Bg7 7. Qd3 Bg4 8. f3 Bd7 9. Nxc6 Bxc6 10. O-O-O a6 11. Nd5 Nf6 12. h4 Nxd5 13. exd5 Bb5 14. Qd2 O-O 15. h5 Bxf1 16. Rdxf1 e6 17. hxg6 fxg6 18. dxe6 Qf6 19. c3 Rfe8 20. Bd4 Qe7 21. Bxg7 Qxg7 22. Qd5 Qe5 23. Qxb7 Qxe6
TGkEy,3r2k1/1b3ppp/4p3/1p6/8/1BP1q2P/PP3RP1/5Q1K w - - 7 27,f2f7 e3h3 h1g1 b7g2 f7g7 g8g7 f1g2 h3g2,2191,76,92,1221,crushing endgame pin veryLong,https://lichess.org/Q0e5APd7#53,,4,"(2100, 2200]",False,Q0e5APd7,1. e4 c5 2. f4 Nc6 3. Nf3 d5 4. exd5 Qxd5 5. Nc3 Qd8 6. Bc4 e6 7. O-O Nf6 8. d3 Be7 9. Ne4 a6 10. Be3 b6 11. c3 Bb7 12. h3 b5 13. Bb3 c4 14. dxc4 Nxe4 15. cxb5 axb5 16. Nd4 Nxd4 17. Bxd4 Bf6 18. Bxf6 Qxf6 19. Qe2 Nd6 20. Rad1 Rd8 21. f5 Nxf5 22. Rxd8+ Qxd8 23. Rxf5 O-O 24. Rf2 Qb6 25. Kh1 Rd8 26. Qf1 Qe3
KDpH4,1r4r1/4kp2/2p2n2/3pQ1p1/p7/q3P3/5PP1/1B3RK1 b - - 4 36,e7d7 b1f5 d7d8 e5b8 d8e7 b8e5 e7f8 e5f6,2195,78,89,148,crushing deflection interference middlegame veryLong,https://lichess.org/XaqwOuGa/black#72,,4,"(2100, 2200]",False,XaqwOuGa,1. d4 d5 2. Bf4 Nf6 3. e3 e6 4. c3 Bd6 5. Bg3 Bxg3 6. hxg3 Nc6 7. Bd3 Bd7 8. Nf3 h6 9. Nbd2 Qe7 10. Qe2 e5 11. dxe5 Nxe5 12. Nxe5 Qxe5 13. Nf3 Qe6 14. O-O a6 15. c4 c6 16. cxd5 cxd5 17. Nd4 Qe7 18. Rac1 O-O 19. Rc7 Rab8 20. Rfc1 Qb4 21. Bb1 Rfe8 22. Nf3 Bc6 23. a3 Qb6 24. R7xc6 bxc6 25. Qd3 Qxb2 26. Rf1 a5 27. Nh2 Qb3 28. Qf5 Qxa3 29. g4 a4 30. g5 hxg5 31. Ng4 Nxg4 32. Qh7+ Kf8 33. Qh8+ Ke7 34. Qxg7 Rg8 35. Qd4 Nf6 36. Qe5+
4uOji,r5kr/pp2q1p1/4n1Q1/3nPR1p/4N3/8/PP4PP/5R1K b - - 7 23,a8f8 g6e6 e7e6 f5f8 g8h7 e4g5 h7h6 g5e6,2195,77,85,501,crushing deflection fork master middlegame veryLong,https://lichess.org/E3608U6u/black#46,,4,"(2100, 2200]",False,E3608U6u,1. e4 c5 2. d4 cxd4 3. c3 Nf6 4. e5 Nd5 5. Nf3 Nc6 6. Bc4 Nb6 7. Bb3 d5 8. exd6 Qxd6 9. O-O Bg4 10. Bxf7+ Kxf7 11. Ng5+ Kg8 12. Qxg4 e5 13. cxd4 Nxd4 14. Nc3 h5 15. Qe4 Be7 16. f4 Bxg5 17. fxe5 Qc5 18. Bxg5 Nf3+ 19. Kh1 Nxg5 20. Qg6 Qe7 21. Rf5 Ne6 22. Ne4 Nd5 23. Raf1
FZqMM,r4k2/pq1b1p2/1p4p1/3P1pb1/6p1/1P1Q2P1/PBB2PK1/7R b - - 0 27,d7e6 h1h8 f8e7 b2a3 e7d7 d3b5 d7c7 b5c4,2222,77,90,238,crushing middlegame veryLong,https://lichess.org/SQmrwVI5/black#54,,4,"(2200, 2300]",False,SQmrwVI5,1. e4 c6 2. d4 d5 3. Nc3 dxe4 4. Nxe4 Nf6 5. Nxf6+ exf6 6. Nf3 Be6 7. Bd3 Bd6 8. O-O Qc7 9. h3 Nd7 10. Re1 Kf8 11. c4 b6 12. b3 h5 13. Bc2 Qb7 14. Be4 f5 15. Bc2 Nf6 16. Ng5 Bd7 17. Qf3 g6 18. Bb2 Ng4 19. hxg4 hxg4 20. Qd3 Bh2+ 21. Kf1 Bf4 22. g3 Bxg5 23. d5 Rh1+ 24. Kg2 cxd5 25. cxd5 Rh3 26. Rh1 Rxh1 27. Rxh1
0ErLd,5k2/1R6/6K1/2p1p2P/4r3/8/8/8 b - - 1 49,e4h4 h5h6 e5e4 b7b8 f8e7 g6g5 h4h6 g5h6,2296,165,0,12,crushing endgame exposedKing rookEndgame veryLong,https://lichess.org/ntPlSnhK/black#98,,4,"(2200, 2300]",False,ntPlSnhK,1. e4 e5 2. Nf3 Nc6 3. Bb5 d6 4. h3 Bd7 5. O-O Nce7 6. Bxd7+ Qxd7 7. Nc3 Nf6 8. d3 Nc6 9. Bg5 Be7 10. d4 h6 11. Bh4 O-O 12. dxe5 Nxe5 13. Nxe5 dxe5 14. Bxf6 Qxd1 15. Raxd1 Bxf6 16. Nd5 Bd8 17. f4 f6 18. fxe5 fxe5 19. Rxf8+ Kxf8 20. Rf1+ Kg8 21. g4 c6 22. Nb4 a5 23. Nd3 Bb6+ 24. Kh1 Re8 25. a4 Bc7 26. h4 Bd8 27. h5 Bc7 28. b4 axb4 29. Nxb4 Ba5 30. c3 c5 31. Nd5 b6 32. c4 Rf8 33. Rb1 Rb8 34. Rg1 Rf8 35. g5 hxg5 36. Rxg5 Kh7 37. Kg2 Re8 38. Rg6 Rb8 39. Ne7 Rb7 40. Nf5 Bd2 41. Kg3 Ra7 42. Kg4 Bh6 43. Nxh6 gxh6 44. Rxb6 Rxa4 45. Rb7+ Kg8 46. Kf5 Rxc4 47. Kg6 Kf8 48. Kxh6 Rxe4 49. Kg6
Vuq3x,2b4r/3kb3/p1nPp1pp/2p5/1r3P2/2N2N2/P3B1PP/2KR3R b - - 0 23,e7d6 f3e5 d7c7 d1d6 c7d6 e5f7 d6e7 f7h8,2233,77,91,1129,advantage attraction fork middlegame sacrifice veryLong,https://lichess.org/HlC1G3Jv/black#46,,4,"(2200, 2300]",False,HlC1G3Jv,1. d4 Nf6 2. c4 c5 3. d5 b5 4. cxb5 a6 5. b6 d6 6. Nc3 g6 7. e4 Bg7 8. Qa4+ Nbd7 9. Qc6 Rb8 10. Qc7 Rxb6 11. Qxd8+ Kxd8 12. f3 e6 13. dxe6 fxe6 14. Bc4 Ne5 15. Be2 Ke7 16. Bg5 Rxb2 17. f4 Nc6 18. O-O-O Rb4 19. Nf3 h6 20. Bh4 Kd7 21. Bxf6 Bxf6 22. e5 Be7 23. exd6
jKwO6,r5k1/p1p3pp/3pbq2/bB2n3/5P2/P3Q1PP/1pP5/1K1R3R b - - 0 19,e5c4 b5c4 e6c4 e3e4 c4a2 b1a2 b2b1b d1b1,2282,78,97,339,advantage fork middlegame veryLong,https://lichess.org/fdhuwzs1/black#38,,4,"(2200, 2300]",False,fdhuwzs1,1. e4 e5 2. Nf3 f5 3. d3 Nc6 4. Nc3 Nf6 5. a3 Bc5 6. Bg5 O-O 7. Qd2 d6 8. h3 Be6 9. O-O-O Bb6 10. Kb1 Ba5 11. g3 b5 12. Bxf6 Rxf6 13. d4 fxe4 14. Ng5 exd4 15. Ngxe4 dxc3 16. Nxf6+ Qxf6 17. Qe3 cxb2 18. Bxb5 Ne5 19. f4
1T1zS,8/p1p5/3p2p1/PP2pk1p/2P2P1P/3P2K1/8/8 w - - 1 36,f4e5 f5e5 g3f3 e5d4 f3e2 d6d5 c4d5 d4d5,2283,80,89,799,crushing endgame pawnEndgame veryLong,https://lichess.org/QSAsXzXL#71,,4,"(2200, 2300]",False,QSAsXzXL,1. e4 e5 2. Nf3 Nc6 3. Bb5 Bc5 4. Nc3 d6 5. O-O Bg4 6. h3 Bh5 7. Be2 Qd7 8. Nd5 Nf6 9. c4 Ne7 10. a3 Nxe4 11. b4 Bb6 12. d3 Bxf3 13. Bxf3 Nf6 14. Nxe7 Qxe7 15. Bxb7 Rb8 16. Bc6+ Nd7 17. Be3 Bxe3 18. fxe3 O-O 19. Bxd7 Qxd7 20. e4 f5 21. exf5 Rxf5 22. Qe2 Rbf8 23. b5 Qe7 24. a4 Qg5 25. Rxf5 Rxf5 26. Rf1 Rxf1+ 27. Qxf1 Qe3+ 28. Kh1 g6 29. Qf3 Qxf3 30. gxf3 Kf7 31. Kg2 Kf6 32. Kg3 Kf5 33. h4 h5 34. a5 Ke6 35. f4 Kf5
52eVA,8/2p1k1R1/2p1P3/5P2/p2PK3/rr6/8/B7 b - - 4 44,e7e8 e4e5 b3b5 e5f6 b5f5 f6f5 a3a1 g7c7,2338,75,74,103,crushing defensiveMove endgame veryLong,https://lichess.org/mO2fNUN0/black#88,,4,"(2300, 2400]",False,mO2fNUN0,1. e4 e5 2. Nf3 d6 3. h3 f5 4. d3 h6 5. Be2 Nf6 6. O-O f4 7. Nbd2 Nc6 8. c3 Be6 9. d4 Bf7 10. Bb5 a6 11. Bxc6+ bxc6 12. dxe5 dxe5 13. Nxe5 Bd6 14. Nxf7 Kxf7 15. Nf3 Qe7 16. Re1 Be5 17. Nxe5+ Qxe5 18. Qd4 Qxd4 19. cxd4 g5 20. Bd2 Rhe8 21. f3 Rad8 22. Bc3 Nh5 23. Rac1 Ng3 24. Red1 Ne2+ 25. Kf2 Nxc1 26. Rxc1 h5 27. Ke2 Rd5 28. Kd3 Rb5 29. a3 a5 30. b4 a4 31. Bb2 Re6 32. e5 Rd5 33. Ke4 Rg6 34. Kf5 g4 35. hxg4 hxg4 36. Kxf4 gxf3 37. gxf3 Rg2 38. Ba1 Ra2 39. Ke4 Rxa3 40. f4 Rb5 41. f5 Rxb4 42. e6+ Ke7 43. Rg1 Rbb3 44. Rg7+
z9Gfr,8/8/2k1pB2/2p1P3/1pr5/pKPR4/8/8 b - - 1 53,c4c3 d3c3 b4c3 b3a3 c5c4 a3a2 c3c2 a2b2,2394,85,90,172,crushing endgame veryLong,https://lichess.org/LhVhS92h/black#106,,4,"(2300, 2400]",False,LhVhS92h,1. e4 e5 2. f4 exf4 3. Nf3 Nf6 4. Nc3 d5 5. exd5 Nxd5 6. Bc4 Be6 7. Bxd5 Bxd5 8. Nxd5 Qxd5 9. Qe2+ Qe6 10. d4 Bd6 11. Qxe6+ fxe6 12. Ne5 Rf8 13. O-O Bxe5 14. dxe5 g5 15. h4 h6 16. g3 Nc6 17. hxg5 hxg5 18. gxf4 gxf4 19. Bxf4 O-O-O 20. Rae1 Nd4 21. c3 Nf5 22. Rd1 Rde8 23. Kf2 Ne7 24. Ke2 Rg8 25. Rg1 Nd5 26. Be3 Rh8 27. Rg2 Rh5 28. Rg5 Rh2+ 29. Bf2 Rf8 30. Rf1 Nf4+ 31. Ke3 Nh3 32. Bg3 Rxf1 33. Rg8+ Kd7 34. Bxh2 Rb1 35. Rg3 Nf2 36. Kxf2 Rxb2+ 37. Ke3 Rxa2 38. Rg7+ Kc6 39. Bf4 Ra3 40. Kd3 b5 41. Kc2 Ra2+ 42. Kb3 Ra4 43. Bg5 a5 44. Be7 Rc4 45. Rg6 Kd5 46. Bf6 c5 47. Rg1 a4+ 48. Kc2 b4 49. Rd1+ Ke4 50. Re1+ Kd5 51. Rd1+ Kc6 52. Rd3 a3 53. Kb3
IT1NA,4r3/8/8/4n3/2pP1pk1/2P5/2P1KP2/4R3 w - - 0 45,d4e5 e8e5 e2f1 e5e1 f1e1 g4h3 e1f1 h3h2,2319,99,83,27,crushing defensiveMove endgame rookEndgame veryLong,https://lichess.org/F8FcDlYN#89,,4,"(2300, 2400]",False,F8FcDlYN,1. e4 b6 2. Nf3 Bb7 3. Nc3 e6 4. d4 Bb4 5. e5 Ne7 6. a3 Bxc3+ 7. bxc3 O-O 8. Bg5 d5 9. Bd3 Qd7 10. Qd2 c5 11. O-O c4 12. Be2 Nbc6 13. Rfd1 h6 14. Bxh6 gxh6 15. Qxh6 Ng6 16. Ng5 f5 17. Qxg6+ Qg7 18. Qxg7+ Kxg7 19. Nxe6+ Kf7 20. Nxf8 Rxf8 21. g4 Rg8 22. h3 Ke6 23. Kh2 f4 24. h4 Bc8 25. g5 Ne7 26. Bg4+ Nf5 27. a4 Kf7 28. a5 Nxh4 29. Bxc8 Rxc8 30. axb6 axb6 31. Ra7+ Kg6 32. e6 Nf5 33. e7 Re8 34. Re1 Kxg5 35. Rg1+ Kf6 36. Rb7 Nxe7 37. Rxb6+ Kf5 38. Re1 Rh8+ 39. Kg2 Ng6 40. Rd6 Nh4+ 41. Kf1 Nf3 42. Rxd5+ Kg4 43. Ke2 Re8+ 44. Re5 Nxe5
wPXKI,8/4K2p/5P2/8/6P1/4r3/Rpk5/8 w - - 5 53,e7f8 e3g3 f8g8 h7h5 f6f7 g3g4 g8h8 g4f4,2395,88,91,1907,crushing endgame pin rookEndgame veryLong,https://lichess.org/3YDASfXL#105,,4,"(2300, 2400]",False,3YDASfXL,1. d4 Nf6 2. Bf4 d5 3. e3 e6 4. Nf3 Bd6 5. Ne5 Nbd7 6. Bb5 c6 7. Bd3 Qc7 8. Nxd7 Bxd7 9. Bxd6 Qxd6 10. c3 O-O 11. Nd2 e5 12. dxe5 Qxe5 13. Nf3 Qh5 14. O-O Rfe8 15. Nd4 Qxd1 16. Raxd1 Rad8 17. Nf5 Bc8 18. Nd4 Ng4 19. h3 Ne5 20. Bf5 Bxf5 21. Nxf5 Nc4 22. b3 Nd6 23. Nxd6 Rxd6 24. c4 Red8 25. cxd5 Rxd5 26. Rxd5 Rxd5 27. Ra1 Kf8 28. Kh2 a5 29. Kg3 Ke7 30. Kf3 Kd6 31. Ke2 Kc5 32. Rd1 Kb4 33. Rc1 Ka3 34. Rc2 c5 35. e4 Re5 36. Ke3 f5 37. f3 fxe4 38. f4 Re7 39. Rxc5 Kxa2 40. Rxa5+ Kxb3 41. Re5 Rc7 42. Kxe4 Ka4 43. Kd5 b5 44. g4 b4 45. Kd6 Rc3 46. Re7 Rxh3 47. Rxg7 b3 48. f5 b2 49. Ra7+ Kb3 50. f6 Kc2 51. Ra2 Rd3+ 52. Ke7 Re3+
jHTjK,8/p4p1k/1p2P3/4K3/1P1Q2P1/8/8/5q2 b - - 4 47,f1e2 d4e4 e2e4 e5e4 f7e6 b4b5 h7g7 e4e5,2331,78,82,104,crushing endgame queenEndgame quietMove veryLong,https://lichess.org/eA9bIHl6/black#94,,4,"(2300, 2400]",False,eA9bIHl6,1. e4 d5 2. exd5 Nf6 3. c4 c6 4. dxc6 Nxc6 5. Nf3 e5 6. d3 Bc5 7. Be2 h6 8. O-O O-O 9. Be3 Bd4 10. Qc1 Bg4 11. Nbd2 Rc8 12. Rb1 Nb4 13. a3 Na6 14. h4 Nc5 15. b4 Na4 16. Bxd4 exd4 17. Ne4 Nxe4 18. dxe4 Nc3 19. Nxd4 Bxe2 20. Qxc3 Bxf1 21. Rxf1 Qxh4 22. Nf5 Qg5 23. f4 Qf6 24. Qh3 Rfe8 25. e5 Qb6+ 26. Kh1 Rxc4 27. Nd6 Rcc8 28. Nxc8 Rxc8 29. Qxc8+ Kh7 30. Qf5+ Kg8 31. Rd1 g6 32. Rd8+ Qxd8 33. Qc2 Qb6 34. Kh2 Kg7 35. Qc3 Kh7 36. Qc4 Kg7 37. Qe4 Qc6 38. Qd4 Kh7 39. Kh3 b6 40. g3 Qc8+ 41. g4 Qc1 42. e6 Qxa3+ 43. Kh4 g5+ 44. fxg5 hxg5+ 45. Kxg5 Qc1+ 46. Kf5 Qf1+ 47. Ke5
2aP0M,5r1k/r5pp/p2P4/1p2P3/5q2/8/PP4QP/3R3K b - - 2 36,f4f3 g2f3 f8f3 e5e6 f3f8 d6d7 a7d7 e6d7,2467,108,91,180,advancedPawn crushing endgame veryLong,https://lichess.org/Bl2iHz3j/black#72,,4,"(2400, 2500]",False,Bl2iHz3j,1. e4 d5 2. exd5 Nf6 3. Nc3 c6 4. dxc6 Nxc6 5. Nf3 e5 6. Be2 Bf5 7. O-O Bd6 8. Bb5 O-O 9. d3 a6 10. Ba4 Qc7 11. Bg5 Nd7 12. Re1 f6 13. Be3 Bg4 14. Ne4 Be7 15. Qd2 Bxf3 16. gxf3 f5 17. Nc3 f4 18. Nd5 fxe3 19. fxe3 Qd8 20. Bb3 Kh8 21. Kh1 Nf6 22. c4 Nxd5 23. cxd5 Bb4 24. Qg2 Bxe1 25. Rxe1 Na5 26. Bc2 b5 27. Rg1 Qf6 28. Bd1 Rac8 29. f4 exf4 30. exf4 Nb7 31. Bf3 Nd6 32. Be4 Nxe4 33. dxe4 Rc7 34. e5 Qxf4 35. d6 Ra7 36. Rd1
zKpg3,8/2p1k3/1pP1P1N1/p7/3N4/8/bn4P1/7K b - - 3 40,e7e8 d4b5 a2e6 b5c7 e8f7 g6e5 f7e7 c7e6,2425,90,90,450,crushing endgame exposedKing fork veryLong,https://lichess.org/YQxo2WjW/black#80,,4,"(2400, 2500]",False,YQxo2WjW,1. d4 e5 2. dxe5 d6 3. exd6 Bxd6 4. e3 Nc6 5. Bd3 Qe7 6. Ne2 Bg4 7. O-O O-O-O 8. f3 Bh5 9. e4 Qe5 10. Bf4 Qc5+ 11. Kh1 Bxf4 12. Nxf4 Bg6 13. Qe2 Nf6 14. Nd2 Ne5 15. Nb3 Qd6 16. Rfd1 Nxd3 17. Nxd3 h5 18. Nf2 Qb6 19. Rxd8+ Rxd8 20. Rd1 Rxd1+ 21. Nxd1 Bh7 22. h3 g5 23. c4 Qa6 24. Nc3 Nd7 25. c5 Qc6 26. Qc4 Ne5 27. Qd5 Qxd5 28. Nxd5 g4 29. hxg4 hxg4 30. f4 Nd3 31. e5 Nxb2 32. Nf6 Bf5 33. Nd4 Be6 34. f5 Bxa2 35. Nxg4 a5 36. e6 fxe6 37. fxe6 Kd8 38. c6 b6 39. Ne5 Ke7 40. Ng6+
MnEaG,4kr2/pp1b2Q1/1q2p1P1/3B4/3Rp3/8/PP5P/6K1 w - - 3 32,d5b3 b6b5 g7d7 b5d7 b3a4 b7b5 d4d7 e8d7,2482,78,93,82,advantage endgame veryLong,https://lichess.org/pKtEHdbw#63,,4,"(2400, 2500]",False,pKtEHdbw,1. e4 c5 2. Nf3 Nf6 3. c3 d6 4. d4 cxd4 5. cxd4 e6 6. Bc4 Nxe4 7. O-O d5 8. Bb3 Nc6 9. Re1 f5 10. Nc3 Be7 11. Nxe4 fxe4 12. Ne5 O-O 13. Qh5 Nxd4 14. Be3 Nf5 15. g4 Nxe3 16. Rxe3 Bf6 17. Rh3 Bxe5 18. Qxh7+ Kf7 19. Qh5+ Ke7 20. Qxe5 Rf6 21. g5 Rf7 22. Rd1 Qb6 23. Rd2 Bd7 24. Bxd5 Raf8 25. Rh7 Rxf2 26. Rxg7+ R2f7+ 27. Rd4 Ke8 28. Rxf7 Rxf7 29. Qh8+ Ke7 30. g6 Rf8 31. Qg7+ Ke8
sS9Wp,3r2k1/p4pp1/1p5B/4qN2/4n3/P1P2QbP/1P4P1/5R1K b - - 0 28,g7h6 f5h6 g8g7 h6f7 g3f2 f7e5 e4g3 f3g3,2474,77,92,1844,crushing fork middlegame veryLong,https://lichess.org/CZ0cKeOI/black#56,,4,"(2400, 2500]",False,CZ0cKeOI,1. e4 e6 2. Nf3 d5 3. exd5 exd5 4. d4 Nf6 5. Nc3 h6 6. Be3 Bd6 7. Bd3 c6 8. O-O O-O 9. Qd2 Bg4 10. Be2 Ne4 11. Nxe4 dxe4 12. Ne1 Bxe2 13. Qxe2 Qc7 14. h3 Bh2+ 15. Kh1 Bd6 16. Rd1 Nd7 17. d5 cxd5 18. Rxd5 Nf6 19. Rd1 Rac8 20. c3 Rfd8 21. f3 exf3 22. Nxf3 Qa5 23. a3 b6 24. Nh4 Bg3 25. Nf5 Qe5 26. Rxd8+ Rxd8 27. Qf3 Ne4 28. Bxh6
EWmia,r3r3/2q2ppk/pp5p/1n6/1P1nN1Q1/3P2RP/5PP1/3R2K1 b - - 7 30,f7f5 e4f6 h7h8 g4g6 d4e2 g1h2 c7g3 f2g3,2438,77,94,796,advantage middlegame veryLong,https://lichess.org/7mAVVa3l/black#60,,4,"(2400, 2500]",False,7mAVVa3l,1. e4 e5 2. Nf3 h6 3. Bc4 Nc6 4. d3 Nf6 5. c3 Bc5 6. b4 Bb6 7. O-O O-O 8. a4 a6 9. Nbd2 Re8 10. a5 Ba7 11. Re1 d6 12. Nf1 Bg4 13. Be3 Bb8 14. h3 Be6 15. N1d2 d5 16. exd5 Nxd5 17. Bc5 Nxc3 18. Qb3 Bxc4 19. Qxc4 Nb5 20. Ne4 Ba7 21. Bxa7 Rxa7 22. Rad1 Ra8 23. Qc5 Ncd4 24. Nxe5 b6 25. axb6 cxb6 26. Qc1 Rxe5 27. Qf4 Re8 28. Re3 Qc7 29. Qg4 Kh7 30. Rg3
DNcBV,4b3/6k1/p3PP2/1p4Kp/1P1pP3/P2B2p1/8/8 b - - 0 45,g7h8 g5h6 h8g8 e4e5 g3g2 d3h7 g8f8 e6e7,2564,89,90,257,advancedPawn bishopEndgame clearance crushing endgame exposedKing quietMove veryLong,https://lichess.org/y5vXp2cW/black#90,,4,"(2500, 2600]",False,y5vXp2cW,1. d4 d5 2. Nf3 Nf6 3. c4 c6 4. Nc3 Nbd7 5. cxd5 cxd5 6. Bf4 a6 7. e3 Nh5 8. Bg3 Nxg3 9. hxg3 e6 10. Bd3 h6 11. Qe2 Bb4 12. Rc1 Nf6 13. a3 Ba5 14. b4 Bc7 15. Ne5 Bd7 16. f4 Bd6 17. g4 Ng8 18. g5 Bxe5 19. dxe5 Qe7 20. g6 f5 21. Qf2 Qd8 22. Ne2 Rc8 23. O-O Ne7 24. Qg3 O-O 25. Nd4 Qe8 26. Rxc8 Bxc8 27. Rc1 Qxg6 28. Qxg6 Nxg6 29. g4 Ne7 30. gxf5 Nxf5 31. Nxf5 exf5 32. Rc7 g5 33. Kf2 g4 34. Kg3 h5 35. Kh4 b5 36. Bc2 Be6 37. Re7 Bf7 38. Bxf5 Re8 39. Rxe8+ Bxe8 40. Bd3 Kg7 41. f5 Kh6 42. e4 d4 43. e6 Kg7 44. Kg5 g3 45. f6+
QESgu,b3r1k1/3R1pp1/2p4p/2P5/4r2q/1P1Q3P/P4PP1/3R2K1 b - - 3 28,e4f4 g2g3 h4g5 d7d8 f4e4 d8a8 e8a8 d3e4,2570,96,82,106,advantage deflection fork middlegame veryLong,https://lichess.org/pdBEjc3U/black#56,,4,"(2500, 2600]",False,pdBEjc3U,1. e4 e5 2. Nf3 Nc6 3. Bb5 d6 4. Nc3 a6 5. Ba4 Nf6 6. d4 b5 7. Nxb5 axb5 8. Bxb5 Bd7 9. dxe5 Nxe5 10. Nxe5 Bxb5 11. Nf3 Be7 12. Bg5 Rb8 13. b3 O-O 14. c4 Ba6 15. Qc2 Re8 16. O-O Bb7 17. Rfe1 h6 18. Bh4 Ng4 19. Bg3 Bf6 20. Rad1 c6 21. c5 Be5 22. Bxe5 Nxe5 23. Nxe5 Rxe5 24. Rxd6 Qh4 25. h3 Rbe8 26. Rd7 Rxe4 27. Red1 Ba8 28. Qd3
HNck2,2b5/5pkp/r1pR2p1/1pP1p3/1P5q/3QPB1P/5PP1/6K1 w - - 2 30,f3c6 a6a1 g1h2 c8h3 g2h3 h4f2 c6g2 a1e1,2516,92,84,38,advantage endgame veryLong,https://lichess.org/qYeYkiMS#59,,4,"(2500, 2600]",False,qYeYkiMS,1. c4 d5 2. e3 dxc4 3. Bxc4 e6 4. d4 Nf6 5. Nf3 g6 6. O-O Bg7 7. Nc3 O-O 8. a4 c6 9. b4 a6 10. Ba3 b5 11. axb5 axb5 12. Be2 Bb7 13. Ne5 Nbd7 14. Nd3 Nd5 15. Bb2 Rxa1 16. Qxa1 Nxc3 17. Bxc3 Qg5 18. Nc5 Ra8 19. Qb2 Nxc5 20. dxc5 Bxc3 21. Qxc3 Ra2 22. Bf3 Qh4 23. Qb3 Ra4 24. Rb1 Ra6 25. Rd1 Bc8 26. Rd4 Qf6 27. Qd3 Kg7 28. h3 e5 29. Rd6 Qh4
S1kHN,5r2/pb1p3Q/1p1q1kpN/3p4/3Pn3/PB5P/1P3PP1/4R1K1 w - - 3 32,g2g4 e4g5 h6f5 g5f3 g1f1 b7a6 e1e2 a6e2,2506,89,83,50,advantage fork middlegame veryLong,https://lichess.org/IL1ESIY1#63,,4,"(2500, 2600]",False,IL1ESIY1,1. e4 e5 2. Nf3 Nc6 3. Bc4 Bc5 4. c3 Nf6 5. d4 exd4 6. cxd4 Bb4+ 7. Bd2 Nxe4 8. Bxb4 Nxb4 9. Bxf7+ Kf8 10. Bb3 Qe7 11. O-O c6 12. Nc3 Nf6 13. Re1 Qd6 14. a3 Nbd5 15. Nxd5 cxd5 16. Re5 b6 17. Rc1 Bb7 18. h3 Ne4 19. Qe2 Kf7 20. Rf5+ Nf6 21. Ne5+ Kg8 22. Qf3 Rf8 23. Qg3 g6 24. Rf3 Ne4 25. Qg4 Rxf3 26. Qxf3 Kg7 27. Qf7+ Kh6 28. Ng4+ Kg5 29. Re1 Rf8 30. Qxh7 Kf5 31. Nh6+ Kf6
uyEMf,2r4k/pp1b4/3R1p1p/8/3NP3/1Q3P2/PP3nqP/1K3R2 w - - 2 27,f1c1 c8c1 b1c1 g2g5 c1c2 g5c5 b3c3 c5d6,2599,80,92,2911,advantage attraction fork middlegame veryLong,https://lichess.org/JwNcMjD9#53,,4,"(2500, 2600]",False,JwNcMjD9,1. d4 d5 2. Bf4 Nc6 3. e3 h6 4. c4 Nf6 5. Nc3 e6 6. Nb5 Bd6 7. Nxd6+ cxd6 8. Qa4 O-O 9. Qa3 Ne4 10. f3 Nf6 11. Bxd6 dxc4 12. Bxf8 e5 13. dxe5 Nxe5 14. Be7 Qb6 15. Bxf6 gxf6 16. O-O-O Be6 17. Ne2 Nd3+ 18. Kb1 Nf2 19. Rd6 Qc7 20. Rg1 Qe7 21. Nd4 Bd7 22. Bxc4 Rc8 23. Bxf7+ Qxf7 24. Rf1 Qg6+ 25. e4 Qxg2 26. Qb3+ Kh8
4dQTV,1rb2r1k/2q2ppB/p7/6PQ/1p1pN3/6P1/PPP5/2KR1n2 b - - 0 27,c8g4 h5h4 f1g3 e4g3 c7f4 c1b1 g4d1 h4f4,2685,109,91,742,crushing middlegame veryLong,https://lichess.org/byW7cf0P/black#54,,4,"(2600, 2700]",False,byW7cf0P,1. e4 c5 2. d4 cxd4 3. Qxd4 Nc6 4. Qe3 d6 5. Nc3 Nf6 6. Bd3 e6 7. f4 Be7 8. Nf3 O-O 9. Bd2 Ng4 10. Qe2 Bh4+ 11. g3 Bf6 12. O-O-O a6 13. h4 b5 14. Ng5 h5 15. e5 dxe5 16. Be4 Nd4 17. Qg2 Rb8 18. Bh7+ Kh8 19. Nce4 exf4 20. Bxf4 e5 21. Bd2 Qc7 22. Bc3 b4 23. Bxd4 exd4 24. Rhf1 Ne3 25. Qe2 Nxf1 26. Qxh5 Bxg5+ 27. hxg5
9zeMd,4k3/pp3pp1/1np1P3/8/1QB4q/7r/PPP5/1K2R3 b - - 0 28,h4c4 b4d6 f7e6 e1e6 c4e6 d6e6 e8d8 e6h3,2671,114,91,402,advantage endgame fork veryLong,https://lichess.org/WUtrpHJX/black#56,,4,"(2600, 2700]",False,WUtrpHJX,1. e4 d5 2. exd5 Qxd5 3. Nc3 Qd8 4. d4 Bf5 5. Bf4 e6 6. Nf3 c6 7. Bc4 h6 8. Qd2 Bd6 9. Ne5 Nd7 10. O-O-O Qc7 11. Kb1 Ngf6 12. h3 Nxe5 13. dxe5 Bxe5 14. Bxe5 Qxe5 15. g4 Be4 16. f4 Qc7 17. Nxe4 Nxe4 18. Qd4 Nf6 19. g5 Rd8 20. Qc5 Nd7 21. Qb4 Nb6 22. Rxd8+ Qxd8 23. gxh6 Rxh6 24. f5 Rxh3 25. Re1 Re3 26. Rh1 Rh3 27. Re1 Qh4 28. fxe6
4WNM9,3k4/2b4r/8/7B/4pnP1/8/2R5/2R3K1 w - - 12 56,h5g6 c7b6 c2f2 f4g6 c1c6 b6f2 g1f2 g6e5,2668,106,88,484,crushing endgame exposedKing master pin veryLong,https://lichess.org/4d7PVyEk#111,,4,"(2600, 2700]",False,4d7PVyEk,1. d4 Nf6 2. Nf3 g6 3. g3 Bg7 4. Bg2 O-O 5. O-O d5 6. c4 c6 7. Nc3 Bf5 8. Qb3 Qb6 9. c5 Qxb3 10. axb3 a6 11. b4 Nbd7 12. Nh4 Ne4 13. Nxf5 gxf5 14. Bh3 e6 15. e3 Ndf6 16. f3 Nxc3 17. bxc3 Rfe8 18. Kf2 Kf8 19. Bd2 Nd7 20. Rfc1 Ke7 21. c4 Bf6 22. cxd5 exd5 23. Bxf5 h5 24. Bc3 Rh8 25. Kg2 Rag8 26. e4 dxe4 27. fxe4 h4 28. e5 Bg5 29. Re1 Nf8 30. d5 cxd5 31. e6 fxe6 32. Bxh8 Rxh8 33. b5 Bf6 34. Ra2 Kf7 35. Bg4 hxg3 36. hxg3 Rg8 37. Kf3 e5 38. Bh5+ Ke7 39. bxa6 e4+ 40. Kg2 bxa6 41. Rxa6 Be5 42. g4 Ne6 43. Ra7+ Kf6 44. Rf1+ Bf4 45. Rf7+ Ke5 46. Rf5+ Kd4 47. c6 Bc7 48. Rd1+ Kc5 49. Rfxd5+ Kxc6 50. R5d2 Nf4+ 51. Kh1 Rh8 52. Rc1+ Kb7 53. Rb2+ Kc8 54. Rbc2 Rh7 55. Kg1 Kd8
Tfpj3,5r2/5pk1/p3pNp1/1p2P3/5qP1/5P2/1Q6/2R3K1 w - - 1 34,c1c2 f4g3 g1f1 f8h8 f1e2 h8h3 b2c3 g3g2,2687,106,86,46,crushing endgame quietMove veryLong,https://lichess.org/abutKhI1#67,,4,"(2600, 2700]",False,abutKhI1,1. e4 e6 2. Nf3 d5 3. e5 c5 4. d4 Nc6 5. Nc3 Qb6 6. Bb5 Bd7 7. O-O Qc7 8. a4 Nxd4 9. Nxd4 cxd4 10. Qxd4 Bxb5 11. Nxb5 Qd7 12. c4 a6 13. Nc3 Rc8 14. b3 Ne7 15. Bb2 Nf5 16. Qg4 Bb4 17. Rad1 O-O 18. Ne2 Qc7 19. Nf4 dxc4 20. bxc4 Qxc4 21. Rc1 Qb3 22. Qe2 Qxa4 23. Nh5 Be7 24. g4 Nd4 25. Qe4 Ne2+ 26. Qxe2 Rxc1 27. Rxc1 g6 28. Nf6+ Kg7 29. h4 Ba3 30. h5 Bxb2 31. Qxb2 b5 32. hxg6 hxg6 33. f3 Qf4
mPgSs,rn2brk1/4b2p/2p3pB/pp2N2n/3q4/PB4QP/1P3PP1/R3R1K1 b - - 3 25,e8f7 e5f7 h5g3 f7g5 d4d5 b3d5 c6d5 e1e7,2619,101,91,592,crushing discoveredAttack discoveredCheck kingsideAttack middlegame sacrifice veryLong,https://lichess.org/SdSYgnuw/black#50,,4,"(2600, 2700]",False,SdSYgnuw,1. e4 e5 2. Nf3 Nc6 3. Bb5 d6 4. O-O Nf6 5. Re1 Be7 6. h3 Bd7 7. c3 O-O 8. d4 exd4 9. cxd4 a6 10. Ba4 b5 11. Bc2 Nb4 12. Bb3 a5 13. a3 Nc6 14. Nc3 Nb8 15. e5 dxe5 16. Nxe5 c6 17. Ne4 Nd5 18. Bc2 Be8 19. Qh5 g6 20. Qg4 f5 21. Qg3 fxe4 22. Bxe4 Nf6 23. Bc2 Qxd4 24. Bh6 Nh5 25. Bb3+
8W9P0,6k1/8/4N1K1/b2N3p/5P2/4P3/8/7r b - - 5 41,h5h4 d5e7 g8h8 e6g5 h1g1 g6f7 g1g5 f4g5,2797,95,92,947,crushing endgame master quietMove veryLong,https://lichess.org/bPoZ6mTI/black#82,,4,"(2700, 2800]",False,bPoZ6mTI,1. d4 Nf6 2. Bg5 d5 3. Bxf6 exf6 4. Nf3 Bd6 5. e3 O-O 6. c4 dxc4 7. Bxc4 Nd7 8. Nc3 f5 9. O-O Nf6 10. Ne5 c6 11. Qb3 Qe7 12. f4 a5 13. a4 Bb4 14. Rac1 Be6 15. Bxe6 Qxe6 16. Qxe6 fxe6 17. Kf2 c5 18. Nb5 Ne4+ 19. Ke2 Rac8 20. Rfd1 Rfd8 21. dxc5 Nxc5 22. Nd4 Nxa4 23. Rxc8 Rxc8 24. Nxe6 Nxb2 25. Rd7 Bf8 26. Rxb7 Na4 27. Ra7 Nc3+ 28. Kf3 a4 29. h3 Ne4 30. g4 g6 31. gxf5 gxf5 32. Rxa4 Rc2 33. Rxe4 fxe4+ 34. Kxe4 Rh2 35. Nd7 Be7 36. Nc7 Rxh3 37. Nd5 Bd8 38. Nc5 h5 39. Ne6 Ba5 40. Kf5 Rh1 41. Kg6
iJk3S,8/1q3p1k/8/6pp/8/5rPK/1P2Q2P/1R6 w - - 0 43,b1d1 b7c6 d1e1 g5g4 h3g2 f3e3 g2f2 e3e2,2795,103,90,1021,crushing discoveredAttack discoveredCheck endgame quietMove veryLong,https://lichess.org/2NZ5M63f#85,,4,"(2700, 2800]",False,2NZ5M63f,1. d4 d6 2. e4 Nf6 3. f3 e5 4. Ne2 exd4 5. Nxd4 Be7 6. c4 c5 7. Nb5 Nc6 8. N1c3 O-O 9. Be3 a6 10. Na3 Be6 11. Qd2 b5 12. cxb5 axb5 13. Naxb5 Ne5 14. Be2 Nc4 15. Bxc4 Bxc4 16. Kf2 d5 17. exd5 Bxb5 18. Nxb5 Nxd5 19. Rhd1 Qb8 20. Qxd5 Qxb5 21. Qd2 Bf6 22. Rdb1 Rfd8 23. Qc2 c4 24. a4 Qb4 25. a5 Rd3 26. Ra4 Qb8 27. Rxc4 Rb3 28. Bd4 Bxd4+ 29. Rxd4 h5 30. g3 Rxa5 31. Qd2 Ra8 32. Kg2 Qb6 33. Rd6 Qb5 34. Rd8+ Rxd8 35. Qxd8+ Kh7 36. Qd2 g6 37. Qc2 Qb4 38. Kh3 Qb5 39. Qf2 Qd7+ 40. Kg2 Qb7 41. Qe2 g5 42. Kh3 Rxf3
fdZ8U,8/6pp/8/p1k5/1pP1p3/1P2b1P1/3K1P1P/8 w - - 0 48,d2e3 a5a4 b3a4 c5c4 e3d2 c4c5 g3g4 c5b6,2773,90,95,263,crushing defensiveMove deflection endgame master pawnEndgame veryLong,https://lichess.org/CnLCrCAM#95,,4,"(2700, 2800]",False,CnLCrCAM,1. e4 c5 2. d4 cxd4 3. c3 d3 4. Bxd3 Nc6 5. Nf3 d6 6. O-O a6 7. Qe2 Bg4 8. Rd1 Bxf3 9. Qxf3 Ne5 10. Qe2 Nxd3 11. Qxd3 Nf6 12. e5 dxe5 13. Qe2 Qc7 14. Nd2 e6 15. Nc4 Nd7 16. a4 Rc8 17. Ne3 Be7 18. a5 O-O 19. Ra4 Nc5 20. Rg4 f5 21. Rc4 Qb8 22. Nc2 Nb3 23. Rxc8 Rxc8 24. Be3 Nxa5 25. Rd7 Bf6 26. Bb6 Nc4 27. Be3 Nxe3 28. Nxe3 Rd8 29. Qd2 Qc8 30. Rd3 e4 31. Rd6 Qc7 32. Rxd8+ Qxd8 33. Qc2 Qd3 34. Qb3 Qb5 35. Qxe6+ Kf8 36. Qc8+ Kf7 37. Qxf5 Qxf5 38. Nxf5 Ke6 39. Ng3 Kd5 40. Kf1 a5 41. Ke2 Bg5 42. b3 b5 43. Nf5 Bf6 44. Ne3+ Kc5 45. Kd2 b4 46. c4 Bg5 47. g3 Bxe3+
wcmQK,2k1r2r/pp3pp1/2pB4/3pn1Q1/2P3np/1B1P1NPq/PP3P1P/R4RK1 w - - 3 18,d6e5 e8e5 g5g4 h3g4 f3e5 g4h5 f2f4 h4g3,2751,121,89,916,advantage middlegame veryLong,https://lichess.org/JMndwRqb#35,Russian_Game Russian_Game_Italian_Variation,4,"(2700, 2800]",False,JMndwRqb,1. e4 e5 2. Nf3 Nf6 3. Bc4 Nxe4 4. Nxe5 d5 5. Bb3 Qh4 6. O-O c6 7. d3 Nf6 8. Nd2 Bg4 9. Qe1 Be7 10. g3 Qh3 11. Nxg4 Nxg4 12. Nf3 h5 13. c4 h4 14. Bf4 Nd7 15. Bd6 O-O-O 16. Qxe7 Rde8 17. Qg5 Nde5
6J7xm,8/8/p1k1p2p/1pp1Pp2/5K2/PPP5/6PP/8 w - - 3 37,g2g4 b5b4 a3b4 c5b4 c3b4 f5g4 f4g4 c6d5,2727,89,96,64,crushing endgame pawnEndgame veryLong,https://lichess.org/yP9KS3rX#73,,4,"(2700, 2800]",False,yP9KS3rX,1. e4 d5 2. exd5 Qxd5 3. Nc3 Qd8 4. d4 e6 5. Nf3 Nf6 6. Bd3 Be7 7. Ne2 h6 8. c3 Nc6 9. Ng3 b6 10. O-O Bb7 11. Re1 g5 12. Ne5 Nxe5 13. dxe5 Qd5 14. f3 Bc5+ 15. Kh1 Nd7 16. Be4 Qxd1 17. Rxd1 Bxe4 18. Nxe4 Be7 19. f4 O-O-O 20. Be3 gxf4 21. Bxf4 f5 22. Ng3 Bg5 23. Nh5 Nc5 24. Kg1 Rxd1+ 25. Rxd1 Bxf4 26. Nxf4 Rd8 27. Rxd8+ Kxd8 28. Kf2 Ne4+ 29. Ke3 Nc5 30. Nd3 Nxd3 31. Kxd3 Ke7 32. Kd4 c5+ 33. Ke3 a6 34. b3 b5 35. a3 Kd7 36. Kf4 Kc6
N5usl,8/6p1/5p2/3N3p/1P1K1PkP/6P1/8/1b6 b - - 2 40,g4g3 b4b5 b1f5 d5e7 f5g4 b5b6 g4f3 e7d5 f3d5 d4d5,2009,129,88,15,crushing endgame quietMove veryLong,https://lichess.org/rN9RSEdy/black#80,,5,"(2000, 2100]",False,rN9RSEdy,1. c4 c5 2. Nf3 Nc6 3. e3 e6 4. d4 d5 5. Nc3 cxd4 6. exd4 Nf6 7. Be2 Be7 8. O-O O-O 9. a3 b6 10. b4 dxc4 11. Bxc4 Bb7 12. d5 exd5 13. Nxd5 Nxd5 14. Bxd5 Rc8 15. Bb2 Bf6 16. Bxf6 Qxf6 17. Bxc6 Qxc6 18. Rc1 Qxc1 19. Qxc1 Rxc1 20. Rxc1 Rc8 21. Rxc8+ Bxc8 22. Ne5 Kf8 23. f4 Bb7 24. Kf2 f6 25. Ng4 Ke7 26. g3 Kd6 27. Ne3 Be4 28. Ke2 h5 29. h4 Ke6 30. Kd2 Kd6 31. Kc3 Kc6 32. a4 Kd6 33. Kd4 Bb1 34. Nc4+ Ke6 35. Ne3 Kd6 36. a5 Ke6 37. axb6 axb6 38. Nc4 Kf5 39. Nxb6 Kg4 40. Nd5
R4904,8/3k4/p1p5/2r2P2/4R2P/3p4/6P1/6K1 w - - 0 45,e4d4 c5d5 d4d5 c6d5 g1f2 a6a5 f2e3 a5a4 e3d3 a4a3,2043,83,91,313,crushing defensiveMove endgame quietMove rookEndgame veryLong,https://lichess.org/F585dx8x#89,,5,"(2000, 2100]",False,F585dx8x,1. d4 d5 2. c4 c6 3. Nf3 Nf6 4. e3 Bf5 5. Nc3 e6 6. Qb3 Qb6 7. c5 Qc7 8. Qa4 Nbd7 9. Be2 a6 10. b4 Rc8 11. O-O e5 12. dxe5 Nxe5 13. Bb2 Nxf3+ 14. Bxf3 Be7 15. Ne2 O-O 16. Ng3 Bg6 17. Qd1 Nd7 18. Bg4 Rcd8 19. Nf5 Bxf5 20. Bxf5 Bf6 21. Bd4 Ne5 22. f4 Nd7 23. Bxd7 Bxd4 24. exd4 Qxd7 25. f5 f6 26. Qd3 Rfe8 27. Rae1 Re7 28. Rxe7 Qxe7 29. a4 Re8 30. Rb1 Qe4 31. Qxe4 Rxe4 32. b5 Rxd4 33. bxc6 bxc6 34. Rb8+ Kf7 35. Rb7+ Kf8 36. Rb8+ Ke7 37. Rb7+ Kd8 38. Rxg7 Rxa4 39. Rxh7 Rc4 40. Rf7 Rxc5 41. Rxf6 Ke7 42. Re6+ Kd7 43. h4 d4 44. Re4 d3
Q5MjS,4rkqQ/8/1p3P1p/1PpP4/2P2RP1/7P/4p2K/8 w - - 7 44,h8h6 f8f7 h6h5 g8g6 h5g6 f7g6 f6f7 e2e1q f7e8q e1e8,2021,99,76,50,advancedPawn advantage endgame promotion veryLong,https://lichess.org/5gGgZweU#87,,5,"(2000, 2100]",False,5gGgZweU,1. e4 d6 2. d4 Nf6 3. Bd3 c6 4. c4 Bg4 5. f3 Bh5 6. Nh3 e5 7. d5 Na6 8. O-O Nc5 9. b4 Nxd3 10. Qxd3 Be7 11. Kh1 h6 12. a3 O-O 13. Nc3 Bg6 14. Be3 c5 15. b5 b6 16. a4 Qd7 17. f4 Ng4 18. f5 Bh7 19. Bg1 g6 20. fxg6 fxg6 21. Nf2 Bg5 22. Nxg4 Qxg4 23. h3 Qh4 24. a5 Bf4 25. axb6 axb6 26. Rxa8 Rxa8 27. Bf2 Qh5 28. Ne2 Bg5 29. Ng3 Qh4 30. Nf5 Qh5 31. Nxd6 Bf4 32. Bg3 g5 33. Bxf4 gxf4 34. g4 Qh4 35. Nf5 Bxf5 36. exf5 Re8 37. Kh2 e4 38. Qc3 e3 39. Rxf4 e2 40. f6 Kf7 41. Qd3 Qg5 42. Qh7+ Kf8 43. Qh8+ Qg8
BiO2p,8/8/8/3p1N2/pk2p3/4P2P/2K1nPP1/8 w - - 2 41,f5d4 e2d4 e3d4 b4c4 h3h4 c4d4 h4h5 d4e5 h5h6 e5f6,2083,76,93,1119,crushing defensiveMove endgame knightEndgame veryLong,https://lichess.org/hqsjmJ02#81,,5,"(2000, 2100]",False,hqsjmJ02,1. d4 d5 2. Bf4 e6 3. Nf3 Bd6 4. Bxd6 cxd6 5. e3 Nf6 6. c3 O-O 7. Bd3 Re8 8. Nbd2 e5 9. dxe5 dxe5 10. Bb5 Bd7 11. Bxd7 Qxd7 12. O-O e4 13. Nd4 Nc6 14. Re1 Nxd4 15. cxd4 h6 16. Nf1 Rec8 17. Ng3 Rc6 18. Rc1 Rac8 19. Qd2 Rxc1 20. Rxc1 Rxc1+ 21. Qxc1 Kf8 22. Qc5+ Ke8 23. h3 a6 24. a3 Qc6 25. b4 Qxc5 26. dxc5 Kd7 27. Nf5 Kc6 28. Nxg7 b6 29. cxb6 Kxb6 30. a4 Nd7 31. Ne8 Ne5 32. Nd6 Nd3 33. b5 a5 34. Nxf7 Nb2 35. Nxh6 Nxa4 36. Kf1 Kxb5 37. Ke1 Nc3 38. Kd2 Kb4 39. Kc2 a4 40. Nf5 Ne2
57RiF,8/8/5pk1/p1p1p3/3pP1PK/1P1P4/P1P5/8 w - - 0 35,g4g5 f6g5 h4g4 g6h6 g4f5 h6h5 f5e5 g5g4 e5d6 g4g3,2090,76,96,1807,crushing endgame pawnEndgame quietMove veryLong,https://lichess.org/8KWsJCzE#69,,5,"(2000, 2100]",False,8KWsJCzE,1. e4 e5 2. f4 d6 3. Nf3 Nc6 4. Bb5 Bg4 5. O-O Nf6 6. d3 Be7 7. Nc3 O-O 8. Qe1 a6 9. Bxc6 bxc6 10. fxe5 dxe5 11. Nxe5 c5 12. Rxf6 Qd4+ 13. Rf2 Qxe5 14. Bf4 Qd4 15. Be3 Qd8 16. Qd2 Rb8 17. b3 Bf6 18. Raf1 Bd4 19. Bxd4 cxd4 20. Nd5 c6 21. Nf4 Qe7 22. h3 Be6 23. Nxe6 fxe6 24. Rxf8+ Rxf8 25. Rxf8+ Kxf8 26. Qf2+ Qf6 27. Qxf6+ gxf6 28. Kf2 Kf7 29. Kf3 Kg6 30. Kf4 e5+ 31. Kg4 h5+ 32. Kh4 c5 33. g4 hxg4 34. hxg4 a5
l0ncK,8/6p1/p2k3p/1p1P4/2pK4/P1P5/2P3P1/8 b - - 0 47,g7g5 g2g4 a6a5 d4e4 a5a4 e4d4 b5b4 c3b4 h6h5 g4h5,2119,76,89,182,crushing endgame pawnEndgame quietMove veryLong,https://lichess.org/3LpaICNM/black#94,,5,"(2100, 2200]",False,3LpaICNM,1. e4 b6 2. Nf3 Bb7 3. Nc3 e6 4. d4 Bb4 5. Be3 Bxc3+ 6. bxc3 Bxe4 7. Bd3 Bb7 8. O-O d5 9. Ne5 Nf6 10. Bg5 h6 11. Bxf6 Qxf6 12. Ng4 Qd8 13. Rb1 Nd7 14. Bb5 O-O 15. Bxd7 Qxd7 16. Ne5 Qe7 17. Qg4 c5 18. Rbd1 c4 19. f4 Rab8 20. f5 exf5 21. Rxf5 Bc8 22. Rdf1 Bxf5 23. Rxf5 b5 24. Rh5 Kh8 25. h4 Rbe8 26. Kh2 Qe6 27. Qf4 f5 28. Qg3 Re7 29. Ng6+ Kg8 30. Nxf8 Kxf8 31. Qf4 Rf7 32. Qb8+ Qe8 33. Qd6+ Qe7 34. Qxd5 f4 35. Qa8+ Qe8 36. Qf3 a6 37. Re5 Re7 38. Qxf4+ Kg8 39. Rxe7 Qxe7 40. Qe5 Qxh4+ 41. Kg1 Qd8 42. d5 Qd7 43. Kf2 Kf7 44. Ke3 Qe7 45. Qxe7+ Kxe7 46. Kd4 Kd6 47. a3
wonMd,k1r5/pp2Q3/r7/q2p4/3PpNP1/1PP1P3/P4P2/K2R3R w - - 3 38,a2a4 a5c3 a1a2 c3c2 a2a3 b7b5 h1h8 c8h8 e7c5 b5b4,2200,152,83,28,advantage exposedKing middlegame pin veryLong,https://lichess.org/amfGu20v#75,,5,"(2100, 2200]",False,amfGu20v,1. d4 Nf6 2. Bg5 d5 3. e3 c6 4. Nd2 Nbd7 5. Bd3 g6 6. h4 e5 7. Bxf6 Qxf6 8. c3 e4 9. Be2 Bg7 10. h5 Nb6 11. hxg6 fxg6 12. Bg4 Be6 13. Bxe6 Qxe6 14. Nh3 O-O-O 15. Nf4 Qf6 16. Qg4+ Kb8 17. Qe6 Qf8 18. Qg4 h5 19. Qxg6 Rd6 20. Qg3 Rg8 21. Qh2 Ka8 22. Nxh5 Rh8 23. g4 Rd8 24. O-O-O c5 25. Qc7 Bf6 26. Qxc5 Be7 27. Qc7 Rc8 28. Qf4 Qe8 29. Qe5 Qd7 30. Qf5 Qa4 31. Kb1 Qb5 32. Ka1 Nc4 33. Nxc4 Rxc4 34. Qe5 Rhc8 35. Qxe7 Ra4 36. b3 Ra6 37. Nf4 Qa5
mWHnu,2r2b2/7k/1p2p1p1/3pPpPp/1prR1P1P/P1P5/3B1K2/2R5 w - - 0 36,a3b4 c4d4 c3d4 c8c1 d2c1 f8b4 f2e2 b4c3 e2d3 c3e1,2134,75,95,1026,crushing discoveredAttack endgame veryLong,https://lichess.org/un42akFk#71,,5,"(2100, 2200]",False,un42akFk,1. e4 Nc6 2. d3 d5 3. Nd2 Nf6 4. Ngf3 g6 5. g3 Bg7 6. Bg2 O-O 7. c3 Bg4 8. O-O e6 9. Qc2 Ne7 10. a3 c6 11. e5 Nd7 12. d4 Bxf3 13. Nxf3 h6 14. Be3 Nf5 15. Bd2 b6 16. Qc1 Kh7 17. h4 Rc8 18. g4 Ne7 19. g5 h5 20. Bh3 Nf5 21. Bxf5 exf5 22. Re1 Re8 23. Qc2 c5 24. Qd3 Nf8 25. Re2 Ne6 26. Rae1 cxd4 27. Nxd4 Qc7 28. Nxe6 fxe6 29. f4 Qc4 30. Re3 Qxd3 31. Rxd3 Rc4 32. Rd4 Rec8 33. Rc1 Bf8 34. b4 a5 35. Kf2 axb4
ROcIf,4rrk1/1p1q1pp1/2p5/3p2R1/p2P1Q1p/P7/1PP3PP/5RK1 b - - 5 29,e8e4 f4f6 g7g6 g5g6 f7g6 f6f8 g8h7 f1f7 d7f7 f8f7,2183,171,86,18,crushing endgame fork pin veryLong,https://lichess.org/Wa6f8zFa/black#58,,5,"(2100, 2200]",False,Wa6f8zFa,1. e4 Nf6 2. Nc3 d5 3. exd5 Nxd5 4. Qf3 c6 5. Bc4 e6 6. Nge2 Be7 7. a3 O-O 8. Bb3 Nd7 9. d4 N7f6 10. Bg5 a5 11. O-O Qc7 12. Nxd5 Nxd5 13. Bxd5 exd5 14. Bxe7 Qxe7 15. Rfe1 Qg5 16. Ng3 Bg4 17. Qd3 Rae8 18. f3 Be6 19. Re2 h5 20. Rae1 h4 21. Nh1 Rd8 22. Nf2 Bf5 23. Qd2 Qg6 24. Ng4 Bxg4 25. fxg4 Qxg4 26. Re5 a4 27. Rg5 Qd7 28. Qf4 Rde8 29. Rf1
N5qi0,8/2p5/6pp/1p2k3/8/1PP1K2P/6P1/8 w - - 5 33,c3c4 b5c4 b3c4 g6g5 g2g3 h6h5 e3d3 h5h4 g3h4 g5h4,2110,283,25,3,crushing endgame pawnEndgame quietMove veryLong,https://lichess.org/tahC5bh5#65,,5,"(2100, 2200]",False,tahC5bh5,1. e4 e5 2. Nf3 Nc6 3. Bb5 a6 4. Ba4 Nf6 5. O-O Be7 6. d3 d6 7. c3 Bg4 8. Be3 O-O 9. Qe2 d5 10. exd5 Nxd5 11. h3 Bxf3 12. Qxf3 Nxe3 13. Qxe3 b5 14. Bc2 Qd6 15. Nd2 h6 16. Ne4 Qe6 17. d4 exd4 18. cxd4 f5 19. Nc5 Qxe3 20. fxe3 Bxc5 21. dxc5 g6 22. e4 Nd4 23. Bb3+ Nxb3 24. axb3 fxe4 25. Rxf8+ Rxf8 26. Rxa6 e3 27. Re6 Rf5 28. Rxe3 Rxc5 29. Rc3 Rxc3 30. bxc3 Kf7 31. Kf2 Ke6 32. Ke3 Ke5
dJaOf,r6r/1pp2kp1/p2q1pp1/3Pn1P1/3Q4/2N5/PPP4P/4RRK1 w - - 1 21,g5f6 e5f3 f1f3 d6h2 g1f1 h2h1 f1e2 h8h2 e2d3 h1f3,2294,78,98,196,advantage deflection discoveredAttack fork middlegame sacrifice veryLong,https://lichess.org/lDpHGBwL#41,,5,"(2200, 2300]",False,lDpHGBwL,1. d4 d5 2. Nc3 Bf5 3. Nf3 f6 4. Bf4 e6 5. e3 a6 6. Bd3 Bg6 7. Bxg6+ hxg6 8. O-O Bd6 9. Bxd6 Qxd6 10. Qd3 Ne7 11. Nh4 Rxh4 12. g3 Rh8 13. Rae1 Nbc6 14. f4 Nf5 15. g4 Nh6 16. g5 Nf5 17. e4 Nfxd4 18. exd5 e5 19. fxe5 Nxe5 20. Qxd4 Kf7
lX9Jp,8/8/4p1p1/7p/1k1PKP1P/8/8/8 b - - 0 53,b4b5 d4d5 b5c5 d5e6 c5d6 f4f5 g6f5 e4f5 d6e7 f5e5,2278,87,90,1692,crushing defensiveMove endgame pawnEndgame veryLong,https://lichess.org/YYdZfhCp/black#106,,5,"(2200, 2300]",False,YYdZfhCp,1. d4 d5 2. Bf4 Bf5 3. e3 e6 4. Nf3 Nd7 5. Nbd2 a6 6. c4 Ne7 7. c5 b6 8. b4 bxc5 9. bxc5 c6 10. Qa4 Nb8 11. Ne5 Qc8 12. Be2 f6 13. Nef3 Ng6 14. Bd6 Bxd6 15. cxd6 Qd7 16. O-O Bg4 17. Nb3 Qxd6 18. Nc5 O-O 19. Rab1 Nd7 20. Rfc1 Nxc5 21. Rxc5 Nh4 22. Rxc6 Qd7 23. Qc2 Nxf3+ 24. Bxf3 Bxf3 25. gxf3 a5 26. Rbb6 Rfe8 27. Rc7 Rec8 28. Rbc6 Rxc7 29. Rxc7 Qb5 30. Rc8+ Rxc8 31. Qxc8+ Kf7 32. Qc7+ Kg6 33. Qg3+ Kf7 34. Qc7+ Kg6 35. Qc2+ Kf7 36. Kg2 h6 37. Qb3 Qb4 38. f4 Qxb3 39. axb3 Ke7 40. Kf3 Kd7 41. Ke2 Kc6 42. Kd2 Kb5 43. Kc3 g6 44. f3 h5 45. h4 f5 46. Kb2 Kb4 47. Kc2 Kb5 48. Kc3 a4 49. bxa4+ Kxa4 50. Kd3 Kb4 51. e4 dxe4+ 52. fxe4 fxe4+ 53. Kxe4
mNiqd,8/p6p/1p1p1kp1/2qP4/P3p3/6PP/1Q3PK1/8 b - - 2 36,f6f5 g3g4 f5g5 g2g3 c5d5 h3h4 g5h6 g4g5 d5g5 h4g5,2275,78,82,70,crushing endgame queenEndgame veryLong,https://lichess.org/2dm3RL11/black#72,,5,"(2200, 2300]",False,2dm3RL11,1. e4 c5 2. Nf3 d6 3. d4 cxd4 4. Nxd4 Nf6 5. Nc3 g6 6. Be2 Bg7 7. O-O O-O 8. h3 Nc6 9. Be3 Nd7 10. Qd2 Nxd4 11. Bxd4 e5 12. Be3 b6 13. Bh6 Nc5 14. Bxg7 Kxg7 15. Bf3 Bb7 16. Nd5 f5 17. Rfe1 fxe4 18. Bxe4 Nxe4 19. Rxe4 Rc8 20. c3 Rc5 21. c4 Qd7 22. b3 Qf7 23. Rd1 Bxd5 24. cxd5 Rfc8 25. Rc4 Rxc4 26. bxc4 Rxc4 27. Qd3 Rd4 28. Qb3 Rxd1+ 29. Qxd1 Qf4 30. Qb3 Qd4 31. g3 Kf6 32. Qf3+ Ke7 33. Qb3 e4 34. Kg2 Qc5 35. a4 Kf6 36. Qb2+
TctKD,8/6pp/6p1/P3k3/2p5/3p1K1P/2B3P1/8 w - - 0 39,c2d1 e5d4 a5a6 c4c3 a6a7 c3c2 d1c2 d3c2 a7a8q c2c1q,2298,167,77,17,advancedPawn bishopEndgame endgame equality promotion trappedPiece veryLong,https://lichess.org/4PLEuwOp#77,,5,"(2200, 2300]",False,4PLEuwOp,1. e4 e5 2. Nf3 Nf6 3. Bc4 Bc5 4. O-O d6 5. c3 O-O 6. h3 Nxe4 7. d4 exd4 8. cxd4 Bb6 9. Qd3 d5 10. Bb3 c6 11. Bc2 Bf5 12. Nbd2 Bg6 13. Ne5 Nxd2 14. Nxg6 fxg6 15. Qxd2 Nd7 16. b3 Qf6 17. Bb2 Rae8 18. Rae1 Rxe1 19. Rxe1 Kf7 20. Re3 Qd6 21. Bc3 Re8 22. Bb4 Qc7 23. Rxe8 Kxe8 24. Qe3+ Ne5 25. f4 Kf7 26. fxe5 Qd7 27. e6+ Qxe6 28. Qxe6+ Kxe6 29. Bc5 Bxc5 30. dxc5 b6 31. cxb6 axb6 32. Kf2 c5 33. Ke3 Ke5 34. a3 b5 35. a4 bxa4 36. bxa4 c4 37. a5 d4+ 38. Kf3 d3
y7SzX,r4rk1/pp2q1p1/3b3p/4n1P1/8/PP5Q/1BPN1P2/R4K1R w - - 0 23,g5h6 f8f2 f1f2 a8f8 f2e2 e5g4 e2d1 g4f2 d1c1 f2h3,2278,83,87,125,advantage attraction discoveredAttack discoveredCheck fork middlegame sacrifice veryLong,https://lichess.org/5iUWOQZK#45,,5,"(2200, 2300]",False,5iUWOQZK,1. d4 Nf6 2. Nf3 c5 3. e3 cxd4 4. exd4 d5 5. Bd3 Bg4 6. Nbd2 Nc6 7. h3 Bh5 8. g4 Bg6 9. Qe2 Bxd3 10. Qxd3 e6 11. b3 Bb4 12. a3 Bd6 13. Bb2 O-O 14. g5 Nd7 15. h4 e5 16. dxe5 Ndxe5 17. Qxd5 Nxf3+ 18. Qxf3 Qe7+ 19. Kf1 Ne5 20. Qf5 f6 21. Qh3 fxg5 22. hxg5 h6
S96kx,1rbr1k2/p3qp1Q/1p2p2P/2p3p1/2PbN3/8/P1B1RPP1/3R2K1 b - - 3 24,f7f5 d1d4 e7h7 d4d8 f8e7 d8e8 e7e8 e4f6 e8f7 f6h7,2390,109,90,705,advantage attraction exposedKing fork master middlegame sacrifice veryLong,https://lichess.org/ZyWGzJ6R/black#48,,5,"(2300, 2400]",False,ZyWGzJ6R,1. d4 d5 2. c4 e6 3. Nf3 Nf6 4. Nc3 c6 5. Bg5 h6 6. Bxf6 Qxf6 7. Qc2 Nd7 8. e4 dxe4 9. Qxe4 g6 10. Bd3 Bg7 11. O-O O-O 12. Rad1 Rd8 13. Rfe1 Rb8 14. h4 b6 15. h5 g5 16. Ne5 Nxe5 17. dxe5 Qe7 18. Qh7+ Kf8 19. Ne4 Bxe5 20. Qxh6+ Bg7 21. Qh7 c5 22. h6 Bxb2 23. Re2 Bd4 24. Bc2
zlP93,3Q4/2Rb1p1k/1p2p2p/p3P2q/1P1N4/P6p/5P2/6K1 w - - 0 32,d4e2 h5g4 g1f1 h3h2 d8a8 g4h3 f1e1 h2h1q a8h1 h3h1,2347,87,100,103,advancedPawn clearance crushing endgame fork master promotion veryLong,https://lichess.org/vX8U5OxR#63,,5,"(2300, 2400]",False,vX8U5OxR,1. d4 d5 2. Nf3 Nf6 3. e3 e6 4. Bd3 c5 5. c3 Nc6 6. Nbd2 Bd6 7. O-O O-O 8. dxc5 Bxc5 9. e4 Qc7 10. Qe2 h6 11. a3 b6 12. b4 Bd6 13. c4 Ne5 14. Bb2 Nxd3 15. Qxd3 dxc4 16. Nxc4 Ba6 17. Qxd6 Qxc4 18. Bxf6 gxf6 19. Qf4 Kg7 20. Rac1 Qb5 21. Rfd1 Qh5 22. Rd7 Rfd8 23. Rcc7 Rxd7 24. Rxd7 Bb5 25. Rc7 Rd8 26. h3 a5 27. e5 f5 28. Nd4 Bd7 29. g4 fxg4 30. Qf6+ Kh7 31. Qxd8 gxh3
5eBes,6r1/5k2/8/1p2PKp1/pP1N2P1/6p1/1P4P1/8 b - - 3 32,g8d8 e5e6 f7e8 f5e5 d8c8 e5f6 c8c1 d4f5 e8d8 f6g5,2381,108,83,41,crushing endgame veryLong zugzwang,https://lichess.org/RP77FMBu/black#64,,5,"(2300, 2400]",False,RP77FMBu,1. e4 e5 2. Bc4 Nc6 3. Nf3 Bc5 4. c3 d6 5. d4 Bb6 6. dxe5 Nxe5 7. Nxe5 dxe5 8. Bxf7+ Ke7 9. Qxd8+ Kxd8 10. Bg5+ Nf6 11. Nd2 h6 12. Bh4 g5 13. Bg3 Rf8 14. Bb3 Ng4 15. O-O h5 16. h3 h4 17. hxg4 hxg3 18. Nc4 Bxf2+ 19. Rxf2 Rxf2 20. Nxe5 Ke7 21. Rf1 Rxf1+ 22. Kxf1 Be6 23. Ke2 Bxb3 24. axb3 Ke6 25. Nf3 Rg8 26. Ke3 c5 27. e5 b5 28. Ke4 a5 29. b4 cxb4 30. cxb4 a4 31. Nd4+ Kf7 32. Kf5
59UVk,2r3k1/1rp2ppp/p2P4/2R5/1p6/8/P4PPP/2R3K1 b - - 0 27,b7b5 c5c7 c8f8 c7c8 g7g6 c8f8 g8f8 c1c8 f8g7 d6d7,2371,105,78,22,advancedPawn attraction crushing endgame rookEndgame veryLong,https://lichess.org/WB0DhEA9/black#54,,5,"(2300, 2400]",False,WB0DhEA9,1. d4 d5 2. c4 dxc4 3. Nf3 b5 4. e3 a6 5. Nc3 Bb7 6. Be2 Nf6 7. O-O e6 8. b3 cxb3 9. Qxb3 Bd6 10. Ba3 Bxa3 11. Qxa3 Nc6 12. Rfd1 Nd5 13. Ne4 Nb6 14. Ne5 Ra7 15. Nc5 Qa8 16. Nxb7 Qxb7 17. Nxc6 Qxc6 18. Rab1 Nc4 19. Bxc4 Qxc4 20. Rdc1 Qd5 21. Qc5 Qxc5 22. Rxc5 O-O 23. Rbc1 Rc8 24. e4 Rb7 25. d5 exd5 26. exd5 b4 27. d6
igJQ7,5rk1/3b2bp/q1n1p1p1/1nQpPp2/2pP1PP1/1pP2NNP/1P1B2BK/5R2 w - - 6 24,g4f5 f8f5 g3f5 g6f5 f1g1 g7f8 g2h1 g8f7 f3g5 f7e8,2330,91,85,215,advantage defensiveMove middlegame veryLong,https://lichess.org/W3iogWZN#47,,5,"(2300, 2400]",False,W3iogWZN,1. e4 c5 2. g3 Nc6 3. Bg2 d6 4. Ne2 Nf6 5. O-O g6 6. d3 Bg7 7. c3 O-O 8. a4 a6 9. Nd2 Bd7 10. h3 b5 11. axb5 axb5 12. Rxa8 Qxa8 13. f4 Qc8 14. Kh2 e6 15. Nf3 Ne8 16. g4 d5 17. e5 f5 18. d4 c4 19. Ng3 b4 20. Bd2 b3 21. Qa1 Nc7 22. Qa3 Nb5 23. Qc5 Qa6
dQKHW,3r3r/pk1nQ3/1pp1B2p/8/4Pp2/2q4P/P1P3RK/6R1 b - - 1 30,c3e5 g2d2 f4f3 h2h1 b7b8 d2d7 d8d7 e7d7 f3f2 g1f1,2485,113,91,1137,advantage middlegame veryLong,https://lichess.org/ne9mS25l/black#60,,5,"(2400, 2500]",False,ne9mS25l,1. e4 e5 2. Nf3 Nf6 3. Nc3 Nc6 4. Bc4 Bb4 5. d3 d6 6. O-O Bg4 7. h3 Bh5 8. Bg5 Bxc3 9. bxc3 Nb8 10. Qd2 Nbd7 11. Kh2 Bxf3 12. gxf3 h6 13. Bh4 g5 14. Bg3 Nh5 15. Rg1 Qe7 16. Rab1 O-O-O 17. Qe3 b6 18. d4 Nf4 19. Bxf4 gxf4 20. Qd3 Qh4 21. Bd5 Nb8 22. Bxf7 c6 23. dxe5 dxe5 24. Qc4 Qxf2+ 25. Rg2 Qxf3 26. Qe6+ Kc7 27. Qxe5+ Kb7 28. Rbg1 Nd7 29. Qe7 Qxc3 30. Be6
E4Dcg,8/pp6/2p1k3/3p2p1/1PPP2Pp/3K3P/P7/8 w - - 1 36,b4b5 d5c4 d3c4 c6b5 c4c5 b5b4 d4d5 e6e5 d5d6 e5e6,2420,94,89,118,attraction crushing endgame pawnEndgame quietMove veryLong,https://lichess.org/mmYJvHZ7#71,,5,"(2400, 2500]",False,mmYJvHZ7,1. e4 d5 2. exd5 Qxd5 3. Nc3 Qa5 4. d4 Nf6 5. Bd2 c6 6. Nf3 Qd8 7. Bc4 Bf5 8. O-O h6 9. Re1 e6 10. Ne5 Be7 11. Qf3 Nbd7 12. Nxd7 Qxd7 13. Bf4 O-O 14. Rad1 Bd6 15. Bxd6 Qxd6 16. Bb3 Rfd8 17. h3 Kf8 18. g4 Bg6 19. Ne2 Nd5 20. Bxd5 Qxd5 21. Qxd5 exd5 22. c3 Re8 23. Nf4 Rxe1+ 24. Rxe1 Re8 25. Nxg6+ fxg6 26. Rxe8+ Kxe8 27. f4 Ke7 28. Kf2 Kf6 29. Kf3 h5 30. b4 h4 31. Ke3 g5 32. f5 g6 33. fxg6 Kxg6 34. Kd3 Kf6 35. c4 Ke6
qcwPi,r7/p1p3pk/3b3p/3BN3/2Pp1r2/3P3q/PPQ2P2/R4RK1 w - - 2 26,d5e4 f4e4 d3e4 d6e5 f2f4 e5f4 f1f4 h3g3 g1h1 g3f4,2416,99,87,873,advantage attraction fork middlegame veryLong,https://lichess.org/HIJmDv3R#51,,5,"(2400, 2500]",False,HIJmDv3R,1. e4 e5 2. Nc3 Nf6 3. Nf3 Nc6 4. d3 h6 5. Be2 Bc5 6. O-O O-O 7. Be3 Be7 8. Nd5 Nxd5 9. exd5 d6 10. dxc6 bxc6 11. h3 f5 12. Nh2 f4 13. Bd2 Qe8 14. Bg4 Bb7 15. Bf3 Qg6 16. c3 d5 17. Qc2 Ba6 18. c4 d4 19. Be4 Qh5 20. Nf3 Bc8 21. Bxc6 Bxh3 22. gxh3 Qxh3 23. Nxe5 Bd6 24. Bxf4 Rxf4 25. Bd5+ Kh7
ajhQg,6k1/6pp/3q4/p2Pp3/4Pn2/P7/3Q1P1P/3B2K1 w - - 2 28,d2a5 d6g6 g1f1 g6g2 f1e1 g2g1 e1d2 g1f2 d2c3 f2e1,2434,83,92,2351,crushing deflection endgame veryLong,https://lichess.org/IkKyXl3L#55,,5,"(2400, 2500]",False,IkKyXl3L,1. d4 d5 2. c4 Nc6 3. Nf3 Bg4 4. cxd5 Bxf3 5. gxf3 Qxd5 6. e3 e5 7. Nc3 Bb4 8. Bd2 Bxc3 9. bxc3 Nge7 10. c4 Qd6 11. d5 Nb8 12. Rb1 Nd7 13. Rxb7 O-O 14. Bb4 Nc5 15. Qc1 Rab8 16. Rxb8 Rxb8 17. a3 c6 18. Be2 cxd5 19. cxd5 Rc8 20. e4 a5 21. Bxc5 Rxc5 22. Qd2 f5 23. O-O fxe4 24. fxe4 Ng6 25. Rc1 Nf4 26. Rxc5 Qxc5 27. Bd1 Qd6
bGYEb,8/3k1ppp/p2Pp3/2K5/8/2P2P2/7P/8 b - - 2 32,f7f6 c3c4 a6a5 c5b6 d7d6 c4c5 d6d7 b6b7 a5a4 c5c6,2423,81,82,56,crushing endgame pawnEndgame quietMove veryLong,https://lichess.org/SQHkVuf5/black#64,,5,"(2400, 2500]",False,SQHkVuf5,1. e4 c5 2. c3 Nf6 3. e5 Nd5 4. d4 cxd4 5. cxd4 Nc6 6. Nf3 d6 7. Be2 e6 8. Nc3 Nxc3 9. bxc3 dxe5 10. Nxe5 Nxe5 11. dxe5 Qxd1+ 12. Bxd1 Bd7 13. O-O Rc8 14. Bb2 Be7 15. Bf3 b6 16. Rfd1 Bc6 17. Rd3 Bxf3 18. gxf3 O-O 19. Rad1 Rfd8 20. Kf1 Rxd3 21. Rxd3 Rd8 22. Ke2 Rxd3 23. Kxd3 Kf8 24. Kc4 a6 25. a4 Bc5 26. a5 Bxf2 27. axb6 Bxb6 28. Ba3+ Ke8 29. Bc5 Bc7 30. Bd6 Bxd6 31. exd6 Kd7 32. Kc5
PjM8E,1r1r2k1/3qppb1/4b1pB/4p3/4B1P1/3p3P/P2QN3/2R2RK1 w - - 0 23,e2g3 g7h6 d2h6 d7d4 f1f2 b8b2 c1f1 b2f2 f1f2 d3d2,2532,90,74,108,advancedPawn crushing exposedKing master middlegame veryLong,https://lichess.org/ITpqdAWN#45,,5,"(2500, 2600]",False,ITpqdAWN,1. c4 Nf6 2. Nc3 g6 3. e4 Bg7 4. g3 d6 5. Bg2 O-O 6. Nge2 c5 7. O-O Nc6 8. d3 Rb8 9. h3 a6 10. f4 b5 11. e5 Nxe5 12. fxe5 dxe5 13. cxb5 axb5 14. Be3 Qc7 15. Rc1 Be6 16. b3 Rfd8 17. g4 h6 18. Ne4 Nxe4 19. Bxe4 c4 20. bxc4 bxc4 21. Qd2 Qd7 22. Bxh6 cxd3
qm3vE,6k1/2Q2pp1/2p4p/4p3/4Pn2/1NP4P/PP3PPK/3q4 w - - 1 23,c7e5 f4e2 h3h4 d1g1 h2h3 g1f2 b3d4 e2f4 e5f4 f2f4,2520,88,86,59,crushing endgame veryLong,https://lichess.org/gnM9wKxk#45,,5,"(2500, 2600]",False,gnM9wKxk,1. e4 e5 2. Nf3 Nc6 3. Bb5 d6 4. O-O Nf6 5. Re1 Be7 6. c3 O-O 7. d4 Bg4 8. Bxc6 bxc6 9. dxe5 Bxf3 10. Qxf3 dxe5 11. Bg5 Qd7 12. Rd1 Qe6 13. Nd2 Rfd8 14. Nb3 Rxd1+ 15. Rxd1 Rd8 16. Rxd8+ Bxd8 17. h3 Qd6 18. Qe3 Nh5 19. Bxd8 Qxd8 20. Qxa7 Qd1+ 21. Kh2 h6 22. Qxc7 Nf4
3i1PL,2r3k1/5ppp/4pP2/1qr1P3/p3R1P1/4Q2P/2p4K/2R5 b - - 1 37,b5b3 e3g5 g8f8 g5g7 f8e8 e4d4 c5d5 g7g8 e8d7 g8f7,2515,84,79,68,crushing deflection endgame pin veryLong,https://lichess.org/pCO87jzh/black#74,,5,"(2500, 2600]",False,pCO87jzh,1. e4 c6 2. Bc4 d5 3. exd5 cxd5 4. Bb3 Nf6 5. d3 Nc6 6. Nc3 Bf5 7. Nge2 e6 8. O-O Bd6 9. h3 Qc7 10. Nb5 Qd7 11. Nxd6+ Qxd6 12. d4 O-O 13. Bf4 Qd7 14. c3 Rac8 15. Ba4 a6 16. Be5 b5 17. Bc2 Bxc2 18. Qxc2 Nxe5 19. dxe5 Ne4 20. f4 b4 21. Qd3 bxc3 22. Nxc3 Nxc3 23. bxc3 Qa7+ 24. Kh2 Rc4 25. Rf3 Rfc8 26. Rc1 Qb6 27. Qd2 Qa5 28. g4 d4 29. f5 dxc3 30. Qe1 Qxa2+ 31. Rf2 c2 32. f6 Qa4 33. Re2 Qb5 34. Qh4 R4c5 35. Qe1 a5 36. Re4 a4 37. Qe3
th4zQ,r1bq1rk1/1p1nbpp1/p2ppn1p/8/4P2B/2NB1N2/PPP2PPP/R2Q1RK1 b - - 1 11,f6e4 h4e7 e4c3 d3h7 g8h8 d1d6 c3b5 d6b4 a6a5 b4h4,2535,110,87,778,advantage discoveredAttack master opening veryLong,https://lichess.org/DKjqUIIH/black#22,Sicilian_Defense Sicilian_Defense_Scheveningen_Variation,5,"(2500, 2600]",False,DKjqUIIH,1. e4 c5 2. Nf3 e6 3. d4 cxd4 4. Nxd4 Nf6 5. Nc3 d6 6. Bb5+ Nbd7 7. O-O Be7 8. Nf3 O-O 9. Bg5 a6 10. Bd3 h6 11. Bh4
pW9as,R3Q3/2p2pbk/6pp/1Pp1p3/8/2q3P1/4PPKP/3r4 b - - 5 28,g6g5 e8f7 c3c2 a8g8 c2e4 g2h3 e4g6 g8h8 h7h8 f7g6,2564,114,90,734,crushing deflection endgame pin veryLong,https://lichess.org/kkfgEnqM/black#56,,5,"(2500, 2600]",False,kkfgEnqM,1. c4 e5 2. Nc3 Nf6 3. Nf3 Nc6 4. d3 g6 5. g3 Bg7 6. Bg2 d6 7. O-O O-O 8. Bd2 Be6 9. Rb1 a5 10. a3 Qe7 11. b4 axb4 12. axb4 Rfd8 13. Qc2 d5 14. Bg5 h6 15. Bxf6 Bxf6 16. Nd2 dxc4 17. Bxc6 bxc6 18. Nxc4 Bxc4 19. dxc4 Bg7 20. Qe4 Qe6 21. b5 c5 22. Ra1 Rxa1 23. Rxa1 Rd4 24. Ra6 Qxc4 25. Qc6 Qxc3 26. Ra8+ Kh7 27. Qe8 Rd1+ 28. Kg2
szH7t,8/3k4/r7/PK3p2/8/8/8/R7 b - - 8 52,a6a7 b5b6 a7a8 b6b7 a8f8 a5a6 d7d6 a1a5 f8f7 b7b6,2615,89,53,64,clearance crushing defensiveMove endgame rookEndgame veryLong,https://lichess.org/4cLKyhnj/black#104,,5,"(2600, 2700]",False,4cLKyhnj,1. e4 e6 2. d4 d5 3. Nd2 c5 4. Ngf3 Nc6 5. Bb5 Bd7 6. Bxc6 Bxc6 7. e5 Ne7 8. c3 Nf5 9. g4 Nh4 10. O-O cxd4 11. cxd4 Bb5 12. Re1 f5 13. a4 Ba6 14. Nxh4 Qxh4 15. gxf5 exf5 16. Qf3 g6 17. Qxd5 Rd8 18. Qe6+ Be7 19. d5 Qg4+ 20. Kh1 Bc4 21. Nxc4 Qxc4 22. Bg5 Qxd5+ 23. Qxd5 Rxd5 24. Bxe7 Kxe7 25. f4 Rhd8 26. Rf1 Rd2 27. b4 R8d4 28. b5 Rb2 29. Rf3 Rdd2 30. Rh3 Rb4 31. Rxh7+ Ke6 32. Rxb7 Rxf4 33. Rxa7 Kxe5 34. Re7+ Kd6 35. Ree1 Kc5 36. Re3 Kb6 37. Re6+ Kc5 38. b6 Rh4 39. b7 Rhxh2+ 40. Kg1 Rdg2+ 41. Kf1 Rb2 42. Rxg6 Rh1+ 43. Rg1 Rxg1+ 44. Kxg1 Rxb7 45. Kf2 Kd5 46. Kf3 Ke6 47. Kf4 Kf6 48. a5 Ra7 49. Ke3 Ra6 50. Kd4 Ke6 51. Kc5 Kd7 52. Kb5
WmNDB,r2q1rk1/4ppb1/b2p1n2/1NpP1PN1/P3P3/3Q2R1/1P4PP/R5K1 b - - 0 19,f6h5 d3f3 h5g3 f3g3 e7e5 g3h4 f8e8 h4h7 g8f8 h7h5,2675,97,88,67,crushing middlegame quietMove sacrifice veryLong,https://lichess.org/anwCHWUR/black#38,,5,"(2600, 2700]",False,anwCHWUR,1. d4 Nf6 2. c4 g6 3. Nc3 Bg7 4. e4 d6 5. f4 O-O 6. Nf3 c5 7. d5 h6 8. Bd3 Kh7 9. O-O a6 10. Qc2 b5 11. cxb5 axb5 12. Nxb5 Ba6 13. a4 Nbd7 14. f5 g5 15. Bxg5 hxg5 16. Nxg5+ Kg8 17. Rf3 Ne5 18. Rg3 Nxd3 19. Qxd3
dLkAt,8/6pk/6q1/2QpPp2/4rP1p/P1P5/6PP/R5K1 w - - 0 33,a3a4 e4e2 c5d5 g6b6 g1h1 h4h3 a1g1 h3g2 d5g2 e2g2,2700,94,93,177,advancedPawn crushing endgame master veryLong,https://lichess.org/fljs4HqU#65,,5,"(2600, 2700]",False,fljs4HqU,1. e4 c5 2. d4 cxd4 3. Nf3 Nc6 4. Bc4 e6 5. O-O Nf6 6. e5 Nd5 7. Bxd5 exd5 8. Nxd4 Be7 9. Nxc6 dxc6 10. Nc3 O-O 11. Re1 Bf5 12. Be3 Qd7 13. Qd2 Bg6 14. Rad1 Bb4 15. a3 Ba5 16. b4 Bc7 17. f4 Qg4 18. Ne2 Be4 19. Ng3 f5 20. Qe2 Qg6 21. Bc5 Rfe8 22. Rd4 Bb6 23. Bxb6 axb6 24. Ra1 Ra4 25. c3 Rea8 26. Qb2 c5 27. bxc5 bxc5 28. Rxa4 Rxa4 29. Qxb7 h5 30. Qc8+ Kh7 31. Qxc5 h4 32. Nxe4 Rxe4
WJdwO,8/7p/3P2p1/p1B1q1k1/P1Q2p2/5PbP/6PK/8 w - - 1 47,h2h1 e5e1 c5g1 g3f2 h3h4 g5h5 c4b5 h5h4 g2g3 f4g3,2613,84,85,155,crushing endgame veryLong,https://lichess.org/HtizBb9M#93,,5,"(2600, 2700]",False,HtizBb9M,1. e4 c5 2. Nf3 Nc6 3. c3 d6 4. d4 cxd4 5. cxd4 e6 6. Nc3 Nge7 7. Bd3 g6 8. a3 Bg7 9. Be3 O-O 10. O-O d5 11. e5 a6 12. h3 b5 13. b4 Nf5 14. Bxf5 exf5 15. Re1 Be6 16. Rc1 a5 17. Nxb5 Ne7 18. Nd6 Nc8 19. Nxc8 Rxc8 20. b5 Qb6 21. a4 Rxc1 22. Qxc1 Rc8 23. Qb2 Rc4 24. Qb3 Bf8 25. Rc1 Bb4 26. Rxc4 dxc4 27. Qc2 Bd5 28. Nd2 Qc7 29. Nb3 Qb7 30. Nc5 Qa8 31. f3 Kg7 32. b6 f6 33. exf6+ Kxf6 34. b7 Bxb7 35. Nxb7 Qxb7 36. Qxc4 Qd7 37. Qb3 Qd6 38. d5 f4 39. Bd4+ Kg5 40. Qc4 Kh5 41. Qc6 Kg5 42. Qb5 Kh5 43. Kh2 Kg5 44. Qc4 Be1 45. Bc5 Qe5 46. d6 Bg3+
xMVIc,r4rk1/2pqbppp/2np4/4P3/1p1P1p2/p1P2Q1P/PPBN1P1K/R5R1 b - - 0 19,d6e5 c2h7 g8h7 f3h5 h7g8 h5h6 e7g5 g1g5 f7f6 g5g6,2678,91,75,88,attraction crushing kingsideAttack middlegame pin sacrifice veryLong,https://lichess.org/52oLIzaG/black#38,Ruy_Lopez Ruy_Lopez_Closed,5,"(2600, 2700]",False,52oLIzaG,1. e4 e5 2. Nf3 Nc6 3. Bb5 a6 4. Ba4 Nf6 5. O-O Be7 6. Re1 b5 7. Bb3 O-O 8. d4 d6 9. c3 Bg4 10. h3 Bxf3 11. gxf3 Qd7 12. Kh2 a5 13. Rg1 a4 14. Bc2 Nh5 15. f4 Nxf4 16. Bxf4 exf4 17. Qf3 b4 18. Nd2 a3 19. e5
uVlY9,QQ6/4kppp/5n2/8/1P6/7P/4p1PK/3q4 b - - 0 38,e2e1q b8c7 e7e6 a8c8 d1d7 c7d7 f6d7 c8e8 e6f6 e8e1,2723,116,89,1229,crushing endgame skewer veryLong,https://lichess.org/tDAa4R1n/black#76,,5,"(2700, 2800]",False,tDAa4R1n,1. e4 c5 2. c3 d5 3. exd5 Qxd5 4. d4 Nc6 5. Nf3 Bg4 6. Be2 Nf6 7. h3 Bh5 8. O-O e6 9. Na3 cxd4 10. Nb5 O-O-O 11. Nbxd4 Nxd4 12. Nxd4 Bxe2 13. Qxe2 e5 14. Nf3 e4 15. Nd4 Bc5 16. Be3 Rhe8 17. Rfd1 Bxd4 18. Bxd4 Qc6 19. Bxa7 b6 20. Qa6+ Kc7 21. Rd4 Rxd4 22. cxd4 Re6 23. a4 Qb7 24. Bxb6+ Qxb6 25. Rc1+ Rc6 26. Rxc6+ Qxc6 27. Qa7+ Qb7 28. Qc5+ Kd8 29. b4 Qc7 30. Qb5 Qc1+ 31. Kh2 Qf4+ 32. Kh1 Qxf2 33. a5 Qxd4 34. a6 e3 35. Qb8+ Ke7 36. a7 Qd1+ 37. Kh2 e2 38. a8=Q
KdcQb,8/8/3Q2kp/1q2pp2/5p2/7P/5PPK/8 b - - 0 49,g6h5 d6e6 e5e4 h3h4 b5e2 e6f5 h5h4 f5f4 e2g4 f4h6,2781,103,84,428,crushing endgame queenEndgame quietMove veryLong,https://lichess.org/LCVWsd86/black#98,,5,"(2700, 2800]",False,LCVWsd86,1. e4 e5 2. Nf3 Nc6 3. Bb5 a6 4. Ba4 Nf6 5. O-O Be7 6. Qe2 b5 7. Bb3 O-O 8. c3 d6 9. Rd1 Na5 10. Bc2 c5 11. h3 Qc7 12. d3 Re8 13. Nbd2 Nc6 14. Nf1 Nd8 15. Ng3 g6 16. Ng5 Bf8 17. a4 Bb7 18. Bb3 Bg7 19. Be3 h6 20. Nf3 Rc8 21. axb5 axb5 22. Nh4 Kh7 23. Bc2 Ne6 24. Rf1 Nf4 25. Qf3 g5 26. Nhf5 Ra8 27. Nxg7 Kxg7 28. Nf5+ Kh7 29. Rfb1 Rxa1 30. Rxa1 Bc8 31. Bxf4 gxf4 32. Ne3 Rg8 33. Nd5 Nxd5 34. exd5 Bf5 35. Ra6 c4 36. Rc6 Qd7 37. Kh2 cxd3 38. Bxd3 Bxd3 39. Qxd3+ f5 40. Qf3 Rg6 41. c4 bxc4 42. Rxc4 Qb7 43. b4 Qb5 44. Rc7+ Rg7 45. Qc3 Qxd5 46. Rxg7+ Kxg7 47. Qc7+ Kg6 48. b5 Qxb5 49. Qxd6+
duNVv,r1b2r1k/pppp1ppp/8/5N2/8/4Q1P1/PqP1PPBP/5RK1 b - - 2 14,b2c2 e3e5 f7f6 e5e7 f8g8 f5h6 g7h6 g2e4 c2e4 e7e4,2796,115,90,3144,advantage middlegame sacrifice veryLong,https://lichess.org/ETpIb8Ef/black#28,Englund_Gambit_Complex Englund_Gambit_Complex_Englund_Gambit,5,"(2700, 2800]",False,ETpIb8Ef,1. Nf3 Nc6 2. d4 e5 3. dxe5 Qe7 4. g3 Nxe5 5. Nxe5 Qxe5 6. Bg2 Bb4+ 7. Bd2 Bxd2+ 8. Qxd2 Qxb2 9. Qe3+ Ne7 10. O-O Qxa1 11. Nc3 Qb2 12. Nd5 O-O 13. Nxe7+ Kh8 14. Nf5
mLZQH,r4rk1/6p1/p1p1pq2/5p1Q/3P1Rp1/4P3/PP4PP/R5K1 w - - 1 22,h2h3 g7g5 f4f2 g8g7 a1f1 f8f7 h3g4 a8h8 h5h8 g7h8,2775,109,83,346,clearance crushing endgame quietMove trappedPiece veryLong,https://lichess.org/lpupmdt4#43,,5,"(2700, 2800]",False,lpupmdt4,1. d4 e6 2. Bf4 d5 3. e3 Nf6 4. Nd2 c5 5. c3 Nc6 6. Bb5 Bd7 7. Ngf3 h6 8. O-O Be7 9. Qe2 a6 10. Bxc6 Bxc6 11. Ne5 Ne4 12. Nxc6 bxc6 13. Nxe4 dxe4 14. f3 exf3 15. Qxf3 O-O 16. Qg4 Bg5 17. Bxg5 hxg5 18. Rf3 f5 19. Qh5 g4 20. Rf4 cxd4 21. cxd4 Qf6
ulmPp,8/8/7p/5p2/8/3K2P1/6kP/8 w - - 5 49,d3e3 h6h5 e3e2 h5h4 g3h4 f5f4 h4h5 f4f3 e2d2 f3f2,2799,89,96,245,advancedPawn crushing endgame exposedKing pawnEndgame quietMove veryLong zugzwang,https://lichess.org/ZdiFUxBU#97,,5,"(2700, 2800]",False,ZdiFUxBU,1. d4 d5 2. Bf4 Nf6 3. Nf3 Bf5 4. e3 e6 5. Bd3 Bg6 6. O-O c5 7. c3 Nc6 8. Re1 Bxd3 9. Qxd3 Bd6 10. Bxd6 Qxd6 11. dxc5 Qxc5 12. Nbd2 O-O 13. Nb3 Qd6 14. Nbd4 Ne5 15. Nxe5 Qxe5 16. Ne2 a6 17. Ng3 b5 18. Qd4 Qc7 19. e4 dxe4 20. Nxe4 Nxe4 21. Qxe4 Rad8 22. Rad1 Qa5 23. Qb1 Qb6 24. Rxd8 Rxd8 25. Rd1 g6 26. Rxd8+ Qxd8 27. Kf1 Qd2 28. a4 Kf8 29. axb5 axb5 30. g3 Qd5 31. Kg1 Ke7 32. Qc2 f5 33. f4 Kf6 34. Kf2 Qh1 35. Ke3 Qg1+ 36. Kd3 Qh1 37. Qe2 Qd5+ 38. Kc2 g5 39. fxg5+ Kxg5 40. Qd2+ Kf6 41. Qxd5 exd5 42. Kd3 Ke5 43. b3 h6 44. c4 bxc4+ 45. bxc4 dxc4+ 46. Kxc4 Ke4 47. Kc3 Kf3 48. Kd3 Kg2
